2026-08-08 21:59:27,truck_001,290,3.88,0.44,CLOSE,none
2026-08-08 21:59:28,truck_001,291,3.72,0.47,CLOSE,none
2026-08-08 21:59:29,truck_001,292,3.73,0.47,CLOSE,none
2026-08-08 21:59:30,truck_001,293,4.27,0.46,CLOSE,none
2026-08-08 21:59:31,truck_001,294,4.05,0.52,CLOSE,none
2026-08-08 21:59:32,truck_001,295,3.95,0.36,CLOSE,none
2026-08-08 21:59:33,truck_001,296,4.02,0.55,OPEN,none
2026-08-08 21:59:34,truck_001,297,3.97,0.46,CLOSE,none
2026-08-08 21:59:35,truck_001,298,4.05,0.5,CLOSE,none
2026-08-08 21:59:36,truck_001,299,3.99,0.43,CLOSE,none
2026-08-08 21:59:37,truck_001,300,4.29,0.37,CLOSE,none
2026-08-08 22:01:11,truck_001,1,3.88,0.39,CLOSE,none
2026-08-08 22:01:12,truck_001,2,4.32,0.39,CLOSE,none
2026-08-08 22:01:13,truck_001,3,4.52,0.46,CLOSE,none
2026-08-08 22:01:14,truck_001,4,4.17,0.43,CLOSE,none
2026-08-08 22:01:15,truck_001,5,3.71,0.54,CLOSE,none
2026-08-08 22:01:16,truck_001,6,4.22,0.44,CLOSE,none
2026-08-08 22:01:17,truck_001,7,3.93,0.45,CLOSE,none
2026-08-08 22:01:18,truck_001,8,3.82,0.46,CLOSE,none
2026-08-08 22:01:19,truck_001,9,3.81,0.5,CLOSE,none
2026-08-08 22:01:20,truck_001,10,4.38,0.36,CLOSE,none
2026-08-08 22:01:21,truck_001,11,4.14,0.49,CLOSE,none
2026-08-08 22:01:22,truck_001,12,4.14,0.6,CLOSE,none
2026-08-08 22:01:23,truck_001,13,4.02,0.45,CLOSE,none
2026-08-08 22:01:24,truck_001,14,3.61,0.44,CLOSE,none
2026-08-08 22:01:25,truck_001,15,3.97,0.53,OPEN,none
2026-08-08 22:01:26,truck_001,16,4.35,0.48,CLOSE,none
2026-08-08 22:01:27,truck_001,17,4.25,0.51,CLOSE,none
2026-08-08 22:01:28,truck_001,18,3.66,0.46,CLOSE,none
2026-08-08 22:01:29,truck_001,19,4.01,0.42,CLOSE,none
2026-08-08 22:01:30,truck_001,20,4.04,0.46,CLOSE,none
2026-08-08 22:01:31,truck_001,21,3.96,0.49,CLOSE,none
2026-08-08 22:01:32,truck_001,22,4.06,0.44,CLOSE,none
2026-08-08 22:01:33,truck_001,23,3.83,0.49,CLOSE,none
2026-08-08 22:01:34,truck_001,24,3.58,0.48,CLOSE,none
2026-08-08 22:01:35,truck_001,25,4.46,0.4,CLOSE,none
2026-08-08 22:01:36,truck_001,26,4.15,0.5,CLOSE,none
2026-08-08 22:01:37,truck_001,27,3.39,0.51,CLOSE,none
2026-08-08 22:01:38,truck_001,28,3.89,0.39,CLOSE,none
2026-08-08 22:01:39,truck_001,29,3.64,0.49,OPEN,none
2026-08-08 22:01:40,truck_001,30,3.61,0.5,CLOSE,none
2026-08-08 22:01:41,truck_001,31,3.84,0.54,CLOSE,none
2026-08-08 22:01:42,truck_001,32,4.35,0.5,CLOSE,none
2026-08-08 22:01:43,truck_001,33,3.82,0.54,CLOSE,none
2026-08-08 22:01:44,truck_001,34,3.77,0.43,CLOSE,none
2026-08-08 22:01:45,truck_001,35,3.69,0.43,CLOSE,none
2026-08-08 22:01:46,truck_001,36,4.4,0.46,CLOSE,none
2026-08-08 22:01:47,truck_001,37,4.32,0.48,CLOSE,none
2026-08-08 22:01:48,truck_001,38,4.0,0.4,CLOSE,none
2026-08-08 22:01:49,truck_001,39,3.82,0.47,CLOSE,none
2026-08-08 22:01:50,truck_001,40,3.5,0.48,CLOSE,none
2026-08-08 22:01:51,truck_001,41,3.74,0.5,CLOSE,none
2026-08-08 22:01:52,truck_001,42,3.94,0.47,CLOSE,none
2026-08-08 22:01:53,truck_001,43,3.75,0.41,CLOSE,none
2026-08-08 22:01:54,truck_001,44,3.89,0.42,CLOSE,none
2026-08-08 22:01:55,truck_001,45,3.89,0.36,CLOSE,none
2026-08-08 22:01:56,truck_001,46,4.15,0.36,CLOSE,none
2026-08-08 22:01:57,truck_001,47,4.0,0.49,CLOSE,none
2026-08-08 22:01:58,truck_001,48,3.87,0.44,CLOSE,none
2026-08-08 22:01:59,truck_001,49,3.89,0.45,CLOSE,none
2026-08-08 22:02:00,truck_001,50,3.74,0.46,CLOSE,none
2026-08-08 22:02:01,truck_001,51,4.12,0.37,CLOSE,none
2026-08-08 22:02:02,truck_001,52,3.71,0.46,CLOSE,none
2026-08-08 22:02:03,truck_001,53,3.59,0.5,CLOSE,none
2026-08-08 22:02:04,truck_001,54,4.51,0.55,CLOSE,none
2026-08-08 22:02:05,truck_001,55,4.01,0.42,CLOSE,none
2026-08-08 22:02:06,truck_001,56,4.29,0.44,CLOSE,none
2026-08-08 22:02:07,truck_001,57,3.85,0.36,CLOSE,none
2026-08-08 22:02:08,truck_001,58,3.69,0.5,CLOSE,none
2026-08-08 22:02:09,truck_001,59,4.04,0.4,CLOSE,none
2026-08-08 22:02:10,truck_001,60,3.91,0.45,CLOSE,none
2026-08-08 22:02:11,truck_001,61,3.87,0.46,CLOSE,none
2026-08-08 22:02:12,truck_001,62,4.2,0.41,CLOSE,none
2026-08-08 22:02:13,truck_001,63,3.79,0.43,CLOSE,none
2026-08-08 22:02:14,truck_001,64,3.96,0.49,OPEN,none
2026-08-08 22:02:15,truck_001,65,3.68,0.57,CLOSE,none
2026-08-08 22:02:16,truck_001,66,3.85,0.47,CLOSE,none
2026-08-08 22:02:17,truck_001,67,3.88,0.45,CLOSE,none
2026-08-08 22:02:18,truck_001,68,4.03,0.38,CLOSE,none
2026-08-08 22:02:19,truck_001,69,3.58,0.5,OPEN,none
2026-08-08 22:02:20,truck_001,70,4.39,0.48,CLOSE,none
2026-08-08 22:02:21,truck_001,71,4.3,0.46,CLOSE,none
2026-08-08 22:02:22,truck_001,72,3.98,0.52,CLOSE,none
2026-08-08 22:02:23,truck_001,73,4.2,0.5,CLOSE,none
2026-08-08 22:02:24,truck_001,74,3.71,0.47,CLOSE,none
2026-08-08 22:02:25,truck_001,75,4.55,0.5,CLOSE,none
2026-08-08 22:02:26,truck_001,76,4.24,0.46,CLOSE,none
2026-08-08 22:02:27,truck_001,77,3.53,0.49,CLOSE,none
2026-08-08 22:02:28,truck_001,78,3.42,0.45,CLOSE,none
2026-08-08 22:02:29,truck_001,79,4.08,0.38,CLOSE,none
2026-08-08 22:02:30,truck_001,80,3.93,0.49,CLOSE,none
2026-08-08 22:02:31,truck_001,81,3.8,0.4,CLOSE,none
2026-08-08 22:02:32,truck_001,82,3.55,0.4,CLOSE,none
2026-08-08 22:02:33,truck_001,83,4.62,0.53,CLOSE,none
2026-08-08 22:02:34,truck_001,84,3.8,0.48,CLOSE,none
2026-08-08 22:02:35,truck_001,85,3.8,0.41,CLOSE,none
2026-08-08 22:02:36,truck_001,86,4.01,0.52,CLOSE,none
2026-08-08 22:02:37,truck_001,87,3.83,0.37,CLOSE,none
2026-08-08 22:02:38,truck_001,88,3.85,0.37,CLOSE,none
2026-08-08 22:02:39,truck_001,89,3.89,0.44,CLOSE,none
2026-08-08 22:02:40,truck_001,90,3.86,0.51,CLOSE,none
2026-08-08 22:02:41,truck_001,91,4.02,0.49,CLOSE,none
2026-08-08 22:02:42,truck_001,92,4.26,0.49,CLOSE,none
2026-08-08 22:02:43,truck_001,93,3.84,0.47,CLOSE,none
2026-08-08 22:02:44,truck_001,94,4.17,0.48,CLOSE,none
2026-08-08 22:02:45,truck_001,95,3.69,0.42,CLOSE,none
2026-08-08 22:02:46,truck_001,96,3.7,0.47,CLOSE,none
2026-08-08 22:02:47,truck_001,97,3.69,0.44,CLOSE,none
2026-08-08 22:02:48,truck_001,98,4.32,0.47,CLOSE,none
2026-08-08 22:02:49,truck_001,99,3.83,0.43,OPEN,none
2026-08-08 22:02:50,truck_001,100,4.14,0.51,CLOSE,none
2026-08-08 22:02:51,truck_001,101,4.19,0.47,CLOSE,none
2026-08-08 22:02:52,truck_001,102,4.06,0.43,CLOSE,none
2026-08-08 22:02:53,truck_001,103,4.28,0.43,CLOSE,none
2026-08-08 22:02:54,truck_001,104,4.53,0.46,CLOSE,none
2026-08-08 22:02:55,truck_001,105,3.95,0.5,CLOSE,none
2026-08-08 22:02:56,truck_001,106,4.03,0.39,CLOSE,none
2026-08-08 22:02:57,truck_001,107,3.72,0.48,CLOSE,none
2026-08-08 22:02:58,truck_001,108,3.92,0.47,CLOSE,none
2026-08-08 22:02:59,truck_001,109,4.39,0.53,CLOSE,none
2026-08-08 22:03:00,truck_001,110,3.7,0.5,CLOSE,none
2026-08-08 22:03:01,truck_001,111,3.61,0.49,CLOSE,none
2026-08-08 22:03:02,truck_001,112,3.76,0.43,CLOSE,none
2026-08-08 22:03:03,truck_001,113,4.03,0.41,CLOSE,none
2026-08-08 22:03:04,truck_001,114,4.21,0.42,OPEN,none
2026-08-08 22:03:05,truck_001,115,4.19,0.5,OPEN,none
2026-08-08 22:03:06,truck_001,116,3.83,0.3,CLOSE,none
2026-08-08 22:03:07,truck_001,117,4.46,0.37,CLOSE,none
2026-08-08 22:03:08,truck_001,118,3.79,0.42,CLOSE,none
2026-08-08 22:03:09,truck_001,119,4.47,0.43,CLOSE,none
2026-08-08 22:03:10,truck_001,120,4.1,0.48,CLOSE,none
2026-08-08 22:03:11,truck_001,121,3.93,0.46,CLOSE,none
2026-08-08 22:03:12,truck_001,122,3.88,0.52,CLOSE,none
2026-08-08 22:03:13,truck_001,123,4.15,0.38,CLOSE,none
2026-08-08 22:03:14,truck_001,124,3.62,0.51,CLOSE,none
2026-08-08 22:03:15,truck_001,125,4.4,0.33,OPEN,none
2026-08-08 22:03:16,truck_001,126,4.25,0.36,CLOSE,none
2026-08-08 22:03:17,truck_001,127,3.78,0.49,CLOSE,none
2026-08-08 22:03:18,truck_001,128,3.59,0.47,CLOSE,none
2026-08-08 22:03:19,truck_001,129,4.46,0.48,CLOSE,none
2026-08-08 22:03:20,truck_001,130,4.26,0.47,CLOSE,none
2026-08-08 22:03:21,truck_001,131,4.28,0.52,CLOSE,none
2026-08-08 22:03:22,truck_001,132,3.59,0.4,CLOSE,none
2026-08-08 22:03:23,truck_001,133,3.77,0.38,CLOSE,none
2026-08-08 22:03:24,truck_001,134,3.75,0.49,CLOSE,none
2026-08-08 22:03:25,truck_001,135,3.94,0.49,CLOSE,none
2026-08-08 22:03:26,truck_001,136,3.85,0.4,OPEN,none
2026-08-08 22:03:27,truck_001,137,3.59,0.5,CLOSE,none
2026-08-08 22:03:28,truck_001,138,3.85,0.5,CLOSE,none
2026-08-08 22:03:29,truck_001,139,3.9,0.39,CLOSE,none
2026-08-08 22:03:30,truck_001,140,3.74,0.52,CLOSE,none
2026-08-08 22:03:31,truck_001,141,4.0,0.4,CLOSE,none
2026-08-08 22:03:32,truck_001,142,4.31,0.47,CLOSE,none
2026-08-08 22:03:33,truck_001,143,3.88,0.45,CLOSE,none
2026-08-08 22:03:34,truck_001,144,4.15,0.48,CLOSE,none
2026-08-08 22:03:35,truck_001,145,3.74,0.45,OPEN,none
2026-08-08 22:03:36,truck_001,146,3.28,0.52,CLOSE,none
2026-08-08 22:03:37,truck_001,147,3.98,0.43,CLOSE,none
2026-08-08 22:03:38,truck_001,148,3.71,0.42,CLOSE,none
2026-08-08 22:03:39,truck_001,149,3.98,0.51,CLOSE,none
2026-08-08 22:03:40,truck_001,150,3.84,0.53,CLOSE,none
2026-08-08 22:03:41,truck_001,151,4.53,0.51,CLOSE,none
2026-08-08 22:03:42,truck_001,152,4.1,0.41,CLOSE,none
2026-08-08 22:03:43,truck_001,153,3.9,0.42,CLOSE,none
2026-08-08 22:03:44,truck_001,154,3.83,0.46,CLOSE,none
2026-08-08 22:03:45,truck_001,155,4.01,0.47,CLOSE,none
2026-08-08 22:03:46,truck_001,156,4.24,0.48,CLOSE,none
2026-08-08 22:03:47,truck_001,157,3.89,0.44,CLOSE,none
2026-08-08 22:03:48,truck_001,158,3.89,0.5,CLOSE,none
2026-08-08 22:03:49,truck_001,159,3.66,0.49,CLOSE,none
2026-08-08 22:03:50,truck_001,160,3.84,0.38,CLOSE,none
2026-08-08 22:03:51,truck_001,161,3.87,0.45,CLOSE,none
2026-08-08 22:03:52,truck_001,162,4.29,0.39,CLOSE,none
2026-08-08 22:03:53,truck_001,163,4.27,0.42,CLOSE,none
2026-08-08 22:03:54,truck_001,164,3.75,0.44,CLOSE,none
2026-08-08 22:03:55,truck_001,165,4.65,0.4,CLOSE,none
2026-08-08 22:03:56,truck_001,166,4.2,0.47,CLOSE,none
2026-08-08 22:03:57,truck_001,167,4.16,0.43,CLOSE,none
2026-08-08 22:03:58,truck_001,168,3.78,0.44,CLOSE,none
2026-08-08 22:03:59,truck_001,169,4.04,0.43,CLOSE,none
2026-08-08 22:04:00,truck_001,170,4.39,0.54,OPEN,none
2026-08-08 22:04:01,truck_001,171,4.27,0.45,CLOSE,none
2026-08-08 22:04:02,truck_001,172,3.8,0.39,OPEN,none
2026-08-08 22:04:03,truck_001,173,4.59,0.4,CLOSE,none
2026-08-08 22:04:04,truck_001,174,4.08,0.47,CLOSE,none
2026-08-08 22:04:05,truck_001,175,3.87,0.4,CLOSE,none
2026-08-08 22:04:06,truck_001,176,3.76,0.42,CLOSE,none
2026-08-08 22:04:07,truck_001,177,3.76,0.47,CLOSE,none
2026-08-08 22:04:08,truck_001,178,4.45,0.47,CLOSE,none
2026-08-08 22:04:09,truck_001,179,4.2,0.49,CLOSE,none
2026-08-08 22:04:10,truck_001,180,4.13,0.36,OPEN,none
2026-08-08 22:04:11,truck_001,181,3.4,0.48,CLOSE,none
2026-08-08 22:04:12,truck_001,182,3.73,0.4,OPEN,none
2026-08-08 22:04:13,truck_001,183,4.26,0.43,CLOSE,none
2026-08-08 22:04:14,truck_001,184,4.21,0.4,CLOSE,none
2026-08-08 22:04:15,truck_001,185,4.4,0.5,OPEN,none
2026-08-08 22:04:16,truck_001,186,3.91,0.43,CLOSE,none
2026-08-08 22:04:17,truck_001,187,3.76,0.42,CLOSE,none
2026-08-08 22:04:18,truck_001,188,4.31,0.47,CLOSE,none
2026-08-08 22:04:19,truck_001,189,3.55,0.45,CLOSE,none
2026-08-08 22:04:20,truck_001,190,3.65,0.48,CLOSE,none
2026-08-08 22:04:21,truck_001,191,3.83,0.43,CLOSE,none
2026-08-08 22:04:22,truck_001,192,3.77,0.48,CLOSE,none
2026-08-08 22:04:23,truck_001,193,3.36,0.39,OPEN,none
2026-08-08 22:04:24,truck_001,194,3.8,0.42,CLOSE,none
2026-08-08 22:04:25,truck_001,195,4.08,0.51,CLOSE,none
2026-08-08 22:04:26,truck_001,196,3.64,0.37,CLOSE,none
2026-08-08 22:04:27,truck_001,197,3.81,0.54,CLOSE,none
2026-08-08 22:04:28,truck_001,198,3.89,0.47,CLOSE,none
2026-08-08 22:04:29,truck_001,199,4.12,0.51,CLOSE,none
2026-08-08 22:04:30,truck_001,200,3.67,0.38,CLOSE,none
2026-08-08 22:04:31,truck_001,201,3.83,0.48,CLOSE,none
2026-08-08 22:04:32,truck_001,202,3.84,0.46,CLOSE,none
2026-08-08 22:04:33,truck_001,203,3.9,0.51,CLOSE,none
2026-08-08 22:04:34,truck_001,204,3.44,0.44,CLOSE,none
2026-08-08 22:04:35,truck_001,205,4.24,0.49,CLOSE,none
2026-08-08 22:04:36,truck_001,206,3.69,0.52,CLOSE,none
2026-08-08 22:04:37,truck_001,207,3.44,0.37,CLOSE,none
2026-08-08 22:04:38,truck_001,208,3.48,0.46,CLOSE,none
2026-08-08 22:04:39,truck_001,209,3.83,0.46,CLOSE,none
2026-08-08 22:04:40,truck_001,210,3.45,0.54,CLOSE,none
2026-08-08 22:04:41,truck_001,211,4.07,0.42,CLOSE,none
2026-08-08 22:04:42,truck_001,212,4.09,0.4,CLOSE,none
2026-08-08 22:04:43,truck_001,213,4.33,0.48,CLOSE,none
2026-08-08 22:04:44,truck_001,214,4.07,0.38,CLOSE,none
2026-08-08 22:04:45,truck_001,215,3.6,0.52,CLOSE,none
2026-08-08 22:04:46,truck_001,216,4.38,0.52,CLOSE,none
2026-08-08 22:04:47,truck_001,217,3.66,0.46,CLOSE,none
2026-08-08 22:04:48,truck_001,218,4.19,0.41,CLOSE,none
2026-08-08 22:04:49,truck_001,219,4.78,0.47,OPEN,none
2026-08-08 22:04:50,truck_001,220,4.33,0.45,CLOSE,none
2026-08-08 22:04:51,truck_001,221,3.71,0.47,CLOSE,none
2026-08-08 22:04:52,truck_001,222,3.68,0.43,CLOSE,none
2026-08-08 22:04:53,truck_001,223,3.82,0.51,CLOSE,none
2026-08-08 22:04:54,truck_001,224,4.68,0.47,OPEN,none
2026-08-08 22:04:55,truck_001,225,4.31,0.52,CLOSE,none
2026-08-08 22:04:56,truck_001,226,3.96,0.46,CLOSE,none
2026-08-08 22:04:57,truck_001,227,3.91,0.45,OPEN,none
2026-08-08 22:04:58,truck_001,228,3.87,0.38,CLOSE,none
2026-08-08 22:04:59,truck_001,229,4.04,0.47,CLOSE,none
2026-08-08 22:05:00,truck_001,230,3.85,0.43,CLOSE,none
2026-08-08 22:05:01,truck_001,231,3.84,0.47,CLOSE,none
2026-08-08 22:05:02,truck_001,232,3.71,0.54,CLOSE,none
2026-08-08 22:05:03,truck_001,233,3.68,0.48,CLOSE,none
2026-08-08 22:05:04,truck_001,234,4.39,0.49,CLOSE,none
2026-08-08 22:05:05,truck_001,235,3.91,0.43,CLOSE,none
2026-08-08 22:05:06,truck_001,236,3.65,0.5,CLOSE,none
2026-08-08 22:05:07,truck_001,237,4.13,0.45,CLOSE,none
2026-08-08 22:05:08,truck_001,238,3.83,0.34,CLOSE,none
2026-08-08 22:05:09,truck_001,239,4.13,0.49,CLOSE,none
2026-08-08 22:05:10,truck_001,240,3.91,0.49,CLOSE,none
2026-08-08 22:05:11,truck_001,241,3.6,0.41,CLOSE,none
2026-08-08 22:05:12,truck_001,242,3.1,0.46,CLOSE,none
2026-08-08 22:05:13,truck_001,243,4.46,0.48,OPEN,none
2026-08-08 22:05:14,truck_001,244,4.07,0.46,CLOSE,none
2026-08-08 22:05:15,truck_001,245,4.07,0.46,CLOSE,none
2026-08-08 22:05:16,truck_001,246,4.35,0.43,CLOSE,none
2026-08-08 22:05:17,truck_001,247,3.94,0.53,CLOSE,none
2026-08-08 22:05:18,truck_001,248,4.51,0.53,CLOSE,none
2026-08-08 22:05:19,truck_001,249,4.26,0.44,CLOSE,none
2026-08-08 22:05:20,truck_001,250,3.99,0.42,CLOSE,none
2026-08-08 22:05:21,truck_001,251,4.34,0.4,CLOSE,none
2026-08-08 22:05:22,truck_001,252,3.94,0.44,CLOSE,none
2026-08-08 22:05:23,truck_001,253,4.34,0.43,CLOSE,none
2026-08-08 22:05:24,truck_001,254,4.14,0.41,CLOSE,none
2026-08-08 22:05:25,truck_001,255,3.92,0.49,OPEN,none
2026-08-08 22:05:26,truck_001,256,3.76,0.46,OPEN,none
2026-08-08 22:05:27,truck_001,257,4.43,0.46,CLOSE,none
2026-08-08 22:05:28,truck_001,258,3.94,0.34,CLOSE,none
2026-08-08 22:05:29,truck_001,259,3.85,0.48,CLOSE,none
2026-08-08 22:05:30,truck_001,260,3.97,0.51,CLOSE,none
2026-08-08 22:05:31,truck_001,261,3.99,0.53,CLOSE,none
2026-08-08 22:05:32,truck_001,262,3.88,0.43,CLOSE,none
2026-08-08 22:05:33,truck_001,263,4.22,0.39,CLOSE,none
2026-08-08 22:05:34,truck_001,264,4.27,0.44,CLOSE,none
2026-08-08 22:05:35,truck_001,265,4.3,0.42,OPEN,none
2026-08-08 22:05:36,truck_001,266,3.92,0.49,CLOSE,none
2026-08-08 22:05:37,truck_001,267,3.63,0.45,CLOSE,none
2026-08-08 22:05:38,truck_001,268,4.18,0.52,CLOSE,none
2026-08-08 22:05:39,truck_001,269,4.05,0.46,CLOSE,none
2026-08-08 22:05:40,truck_001,270,3.62,0.43,CLOSE,none
2026-08-08 22:05:41,truck_001,271,4.21,0.46,CLOSE,none
2026-08-08 22:05:42,truck_001,272,4.25,0.47,CLOSE,none
2026-08-08 22:05:43,truck_001,273,4.1,0.41,CLOSE,none
2026-08-08 22:05:44,truck_001,274,3.97,0.53,CLOSE,none
2026-08-08 22:05:45,truck_001,275,3.74,0.52,CLOSE,none
2026-08-08 22:05:46,truck_001,276,4.52,0.53,CLOSE,none
2026-08-08 22:05:47,truck_001,277,3.83,0.48,CLOSE,none
2026-08-08 22:05:48,truck_001,278,4.14,0.46,CLOSE,none
2026-08-08 22:05:49,truck_001,279,4.47,0.41,CLOSE,none
2026-08-08 22:05:50,truck_001,280,3.92,0.49,CLOSE,none
2026-08-08 22:05:51,truck_001,281,3.93,0.46,CLOSE,none
2026-08-08 22:05:52,truck_001,282,4.59,0.51,CLOSE,none
2026-08-08 22:05:53,truck_001,283,4.09,0.51,CLOSE,none
2026-08-08 22:05:54,truck_001,284,3.62,0.45,CLOSE,none
2026-08-08 22:05:55,truck_001,285,4.5,0.57,CLOSE,none
2026-08-08 22:05:56,truck_001,286,3.91,0.47,CLOSE,none
2026-08-08 22:05:57,truck_001,287,4.11,0.46,OPEN,none
2026-08-08 22:05:58,truck_001,288,4.21,0.44,CLOSE,none
2026-08-08 22:05:59,truck_001,289,3.54,0.5,CLOSE,none
2026-08-08 22:06:00,truck_001,290,4.09,0.43,CLOSE,none
2026-08-08 22:06:01,truck_001,291,4.06,0.48,CLOSE,none
2026-08-08 22:06:02,truck_001,292,4.07,0.49,CLOSE,none
2026-08-08 22:06:03,truck_001,293,3.85,0.42,CLOSE,none
2026-08-08 22:06:04,truck_001,294,4.12,0.36,CLOSE,none
2026-08-08 22:06:05,truck_001,295,3.81,0.47,CLOSE,none
2026-08-08 22:06:06,truck_001,296,4.06,0.46,CLOSE,none
2026-08-08 22:06:07,truck_001,297,3.54,0.38,CLOSE,none
2026-08-08 22:06:08,truck_001,298,4.01,0.46,CLOSE,none
2026-08-08 22:06:09,truck_001,299,4.08,0.41,OPEN,none
2026-08-08 22:06:10,truck_001,300,3.87,0.41,OPEN,none
2026-08-08 22:10:51,truck_001,1,3.82,0.42,CLOSE,none
2026-08-08 22:10:52,truck_001,2,4.21,0.44,CLOSE,none
2026-08-08 22:10:53,truck_001,3,4.09,0.47,CLOSE,none
2026-08-08 22:10:54,truck_001,4,4.5,0.44,CLOSE,none
2026-08-08 22:10:55,truck_001,5,4.51,0.39,CLOSE,none
2026-08-08 22:10:56,truck_001,6,4.1,0.49,CLOSE,none
2026-08-08 22:10:57,truck_001,7,4.03,0.49,CLOSE,none
2026-08-08 22:10:58,truck_001,8,3.6,0.38,CLOSE,none
2026-08-08 22:10:59,truck_001,9,4.17,0.33,CLOSE,none
2026-08-08 22:11:00,truck_001,10,3.87,0.42,CLOSE,none
2026-08-08 22:11:01,truck_001,11,3.86,0.37,CLOSE,none
2026-08-08 22:11:02,truck_001,12,3.22,0.41,CLOSE,none
2026-08-08 22:11:03,truck_001,13,4.48,0.43,OPEN,none
2026-08-08 22:11:04,truck_001,14,4.03,0.37,CLOSE,none
2026-08-08 22:11:05,truck_001,15,3.95,0.48,CLOSE,none
2026-08-08 22:11:06,truck_001,16,3.96,0.49,CLOSE,none
2026-08-08 22:11:07,truck_001,17,4.12,0.39,CLOSE,none
2026-08-08 22:11:08,truck_001,18,4.28,0.41,CLOSE,none
2026-08-08 22:11:09,truck_001,19,3.93,0.56,CLOSE,none
2026-08-08 22:11:10,truck_001,20,4.04,0.45,CLOSE,none
2026-08-08 22:11:11,truck_001,21,3.51,0.42,CLOSE,none
2026-08-08 22:11:12,truck_001,22,4.17,0.41,CLOSE,none
2026-08-08 22:11:13,truck_001,23,3.9,0.4,CLOSE,none
2026-08-08 22:11:14,truck_001,24,3.68,0.43,CLOSE,none
2026-08-08 22:11:15,truck_001,25,3.98,0.51,CLOSE,none
2026-08-08 22:11:16,truck_001,26,3.94,0.5,CLOSE,none
2026-08-08 22:11:17,truck_001,27,3.62,0.47,CLOSE,none
2026-08-08 22:11:18,truck_001,28,3.64,0.49,CLOSE,none
2026-08-08 22:11:19,truck_001,29,3.96,0.44,CLOSE,none
2026-08-08 22:11:20,truck_001,30,3.94,0.43,CLOSE,none
2026-08-08 22:11:21,truck_001,31,4.08,0.51,OPEN,none
2026-08-08 22:11:22,truck_001,32,4.17,0.45,OPEN,none
2026-08-08 22:11:23,truck_001,33,3.83,0.42,CLOSE,none
2026-08-08 22:11:24,truck_001,34,3.86,0.51,CLOSE,none
2026-08-08 22:11:25,truck_001,35,3.66,0.4,CLOSE,none
2026-08-08 22:11:26,truck_001,36,3.85,0.5,CLOSE,none
2026-08-08 22:11:27,truck_001,37,4.39,0.47,CLOSE,none
2026-08-08 22:11:28,truck_001,38,3.71,0.44,CLOSE,none
2026-08-08 22:11:29,truck_001,39,3.63,0.46,OPEN,none
2026-08-08 22:11:30,truck_001,40,4.75,0.47,CLOSE,none
2026-08-08 22:11:31,truck_001,41,3.55,0.44,CLOSE,none
2026-08-08 22:11:32,truck_001,42,4.1,0.5,CLOSE,none
2026-08-08 22:11:33,truck_001,43,4.03,0.49,CLOSE,none
2026-08-08 22:11:34,truck_001,44,4.03,0.45,CLOSE,none
2026-08-08 22:11:35,truck_001,45,3.67,0.45,CLOSE,none
2026-08-08 22:11:36,truck_001,46,3.89,0.42,CLOSE,none
2026-08-08 22:11:37,truck_001,47,4.59,0.43,CLOSE,none
2026-08-08 22:11:38,truck_001,48,3.83,0.55,CLOSE,none
2026-08-08 22:11:39,truck_001,49,3.98,0.51,CLOSE,none
2026-08-08 22:11:40,truck_001,50,4.0,0.47,CLOSE,none
2026-08-08 22:11:41,truck_001,51,3.69,0.54,CLOSE,none
2026-08-08 22:11:42,truck_001,52,4.19,0.52,CLOSE,none
2026-08-08 22:11:43,truck_001,53,4.14,0.38,CLOSE,none
2026-08-08 22:11:44,truck_001,54,3.98,0.52,CLOSE,none
2026-08-08 22:11:45,truck_001,55,3.32,0.37,CLOSE,none
2026-08-08 22:11:46,truck_001,56,3.89,0.53,CLOSE,none
2026-08-08 22:11:47,truck_001,57,3.91,0.42,CLOSE,none
2026-08-08 22:11:48,truck_001,58,4.29,0.48,CLOSE,none
2026-08-08 22:11:49,truck_001,59,3.64,0.36,CLOSE,none
2026-08-08 22:11:50,truck_001,60,3.65,0.49,CLOSE,none
2026-08-08 22:11:51,truck_001,61,3.82,0.45,CLOSE,none
2026-08-08 22:11:52,truck_001,62,4.58,0.55,CLOSE,none
2026-08-08 22:11:53,truck_001,63,4.14,0.33,CLOSE,none
2026-08-08 22:11:54,truck_001,64,4.51,0.55,CLOSE,none
2026-08-08 22:11:55,truck_001,65,4.06,0.46,CLOSE,none
2026-08-08 22:11:56,truck_001,66,3.88,0.41,CLOSE,none
2026-08-08 22:11:57,truck_001,67,3.87,0.49,OPEN,none
2026-08-08 22:11:58,truck_001,68,3.88,0.37,CLOSE,none
2026-08-08 22:12:00,truck_001,69,4.08,0.43,CLOSE,none
2026-08-08 22:12:01,truck_001,70,4.08,0.45,CLOSE,none
2026-08-08 22:12:02,truck_001,71,3.85,0.43,CLOSE,none
2026-08-08 22:12:03,truck_001,72,3.73,0.41,CLOSE,none
2026-08-08 22:12:04,truck_001,73,4.03,0.41,OPEN,none
2026-08-08 22:12:05,truck_001,74,4.46,0.45,CLOSE,none
2026-08-08 22:12:06,truck_001,75,3.95,0.4,CLOSE,none
2026-08-08 22:12:07,truck_001,76,4.06,0.46,CLOSE,none
2026-08-08 22:12:08,truck_001,77,3.64,0.47,OPEN,none
2026-08-08 22:12:09,truck_001,78,3.9,0.4,CLOSE,none
2026-08-08 22:12:10,truck_001,79,4.37,0.41,CLOSE,none
2026-08-08 22:12:11,truck_001,80,4.16,0.49,CLOSE,none
2026-08-08 22:12:12,truck_001,81,3.63,0.43,OPEN,none
2026-08-08 22:12:13,truck_001,82,4.14,0.44,CLOSE,none
2026-08-08 22:12:14,truck_001,83,3.7,0.47,CLOSE,none
2026-08-08 22:12:15,truck_001,84,4.47,0.48,CLOSE,none
2026-08-08 22:12:16,truck_001,85,4.68,0.55,CLOSE,none
2026-08-08 22:12:17,truck_001,86,4.25,0.52,CLOSE,none
2026-08-08 22:12:18,truck_001,87,4.25,0.43,CLOSE,none
2026-08-08 22:12:19,truck_001,88,4.06,0.41,CLOSE,none
2026-08-08 22:12:20,truck_001,89,3.78,0.43,CLOSE,none
2026-08-08 22:12:21,truck_001,90,3.67,0.39,CLOSE,none
2026-08-08 22:12:22,truck_001,91,4.29,0.44,CLOSE,none
2026-08-08 22:12:23,truck_001,92,4.0,0.46,CLOSE,none
2026-08-08 22:12:24,truck_001,93,3.76,0.56,CLOSE,none
2026-08-08 22:12:25,truck_001,94,4.3,0.48,CLOSE,none
2026-08-08 22:12:26,truck_001,95,4.04,0.41,CLOSE,none
2026-08-08 22:12:27,truck_001,96,4.12,0.31,CLOSE,none
2026-08-08 22:12:28,truck_001,97,4.37,0.44,CLOSE,none
2026-08-08 22:12:29,truck_001,98,3.48,0.45,CLOSE,none
2026-08-08 22:12:30,truck_001,99,3.74,0.42,CLOSE,none
2026-08-08 22:12:31,truck_001,100,4.43,0.46,CLOSE,none
2026-08-08 22:12:32,truck_001,101,4.4,0.42,CLOSE,none
2026-08-08 22:12:33,truck_001,102,4.52,0.42,CLOSE,none
2026-08-08 22:12:34,truck_001,103,4.16,0.35,CLOSE,none
2026-08-08 22:12:35,truck_001,104,4.08,0.41,CLOSE,none
2026-08-08 22:12:36,truck_001,105,3.66,0.5,CLOSE,none
2026-08-08 22:12:37,truck_001,106,3.75,0.53,CLOSE,none
2026-08-08 22:12:38,truck_001,107,3.64,0.33,CLOSE,none
2026-08-08 22:12:39,truck_001,108,4.12,0.48,CLOSE,none
2026-08-08 22:12:40,truck_001,109,3.72,0.42,CLOSE,none
2026-08-08 22:12:41,truck_001,110,4.19,0.48,CLOSE,none
2026-08-08 22:12:42,truck_001,111,4.36,0.43,CLOSE,none
2026-08-08 22:12:43,truck_001,112,4.1,0.43,CLOSE,none
2026-08-08 22:12:44,truck_001,113,4.16,0.4,CLOSE,none
2026-08-08 22:12:45,truck_001,114,4.2,0.37,CLOSE,none
2026-08-08 22:12:46,truck_001,115,4.55,0.58,CLOSE,none
2026-08-08 22:12:47,truck_001,116,3.85,0.45,CLOSE,none
2026-08-08 22:12:48,truck_001,117,4.19,0.51,CLOSE,none
2026-08-08 22:12:49,truck_001,118,4.23,0.56,CLOSE,none
2026-08-08 22:12:50,truck_001,119,3.29,0.51,CLOSE,none
2026-08-08 22:12:51,truck_001,120,4.45,0.36,CLOSE,none
2026-08-08 22:12:52,truck_001,121,4.05,0.47,CLOSE,none
2026-08-08 22:12:53,truck_001,122,3.85,0.5,CLOSE,none
2026-08-08 22:12:54,truck_001,123,4.0,0.37,CLOSE,none
2026-08-08 22:12:55,truck_001,124,3.81,0.44,CLOSE,none
2026-08-08 22:12:56,truck_001,125,3.76,0.41,CLOSE,none
2026-08-08 22:12:57,truck_001,126,3.57,0.36,CLOSE,none
2026-08-08 22:12:58,truck_001,127,4.47,0.49,CLOSE,none
2026-08-08 22:12:59,truck_001,128,3.48,0.45,CLOSE,none
2026-08-08 22:13:00,truck_001,129,3.95,0.56,CLOSE,none
2026-08-08 22:13:01,truck_001,130,3.94,0.4,CLOSE,none
2026-08-08 22:13:02,truck_001,131,4.66,0.39,CLOSE,none
2026-08-08 22:13:03,truck_001,132,3.73,0.37,CLOSE,none
2026-08-08 22:13:04,truck_001,133,3.61,0.4,OPEN,none
2026-08-08 22:13:05,truck_001,134,4.1,0.54,CLOSE,none
2026-08-08 22:13:06,truck_001,135,4.17,0.47,CLOSE,none
2026-08-08 22:13:07,truck_001,136,4.29,0.39,CLOSE,none
2026-08-08 22:13:08,truck_001,137,3.62,0.42,CLOSE,none
2026-08-08 22:13:09,truck_001,138,3.55,0.27,OPEN,none
2026-08-08 22:13:10,truck_001,139,3.91,0.46,OPEN,none
2026-08-08 22:13:11,truck_001,140,3.92,0.49,CLOSE,none
2026-08-08 22:13:12,truck_001,141,4.36,0.45,CLOSE,none
2026-08-08 22:13:13,truck_001,142,4.16,0.44,CLOSE,none
2026-08-08 22:13:14,truck_001,143,4.1,0.47,CLOSE,none
2026-08-08 22:13:15,truck_001,144,3.93,0.43,CLOSE,none
2026-08-08 22:13:16,truck_001,145,3.93,0.51,CLOSE,none
2026-08-08 22:13:17,truck_001,146,3.95,0.48,CLOSE,none
2026-08-08 22:13:18,truck_001,147,4.17,0.45,CLOSE,none
2026-08-08 22:13:19,truck_001,148,3.84,0.42,CLOSE,none
2026-08-08 22:13:20,truck_001,149,4.09,0.41,CLOSE,none
2026-08-08 22:13:21,truck_001,150,4.09,0.51,CLOSE,none
2026-08-08 22:13:22,truck_001,151,3.45,0.44,CLOSE,none
2026-08-08 22:13:23,truck_001,152,3.65,0.4,CLOSE,none
2026-08-08 22:13:24,truck_001,153,3.88,0.35,CLOSE,none
2026-08-08 22:13:25,truck_001,154,4.06,0.44,CLOSE,none
2026-08-08 22:13:26,truck_001,155,3.71,0.44,CLOSE,none
2026-08-08 22:13:27,truck_001,156,3.84,0.52,CLOSE,none
2026-08-08 22:13:28,truck_001,157,3.57,0.51,CLOSE,none
2026-08-08 22:13:29,truck_001,158,3.97,0.44,CLOSE,none
2026-08-08 22:13:30,truck_001,159,3.44,0.4,CLOSE,none
2026-08-08 22:13:31,truck_001,160,4.33,0.47,CLOSE,none
2026-08-08 22:13:32,truck_001,161,4.55,0.43,CLOSE,none
2026-08-08 22:13:33,truck_001,162,3.93,0.54,CLOSE,none
2026-08-08 22:13:34,truck_001,163,3.71,0.39,CLOSE,none
2026-08-08 22:13:35,truck_001,164,4.6,0.37,CLOSE,none
2026-08-08 22:13:36,truck_001,165,4.31,0.48,CLOSE,none
2026-08-08 22:13:37,truck_001,166,3.72,0.48,CLOSE,none
2026-08-08 22:13:38,truck_001,167,4.35,0.39,CLOSE,none
2026-08-08 22:13:39,truck_001,168,4.1,0.4,OPEN,none
2026-08-08 22:13:40,truck_001,169,3.87,0.44,OPEN,none
2026-08-08 22:13:41,truck_001,170,3.81,0.33,CLOSE,none
2026-08-08 22:13:42,truck_001,171,4.34,0.46,CLOSE,none
2026-08-08 22:13:43,truck_001,172,3.57,0.44,OPEN,none
2026-08-08 22:13:44,truck_001,173,3.93,0.41,CLOSE,none
2026-08-08 22:13:45,truck_001,174,3.72,0.43,CLOSE,none
2026-08-08 22:13:46,truck_001,175,3.85,0.44,CLOSE,none
2026-08-08 22:13:47,truck_001,176,4.69,0.47,CLOSE,none
2026-08-08 22:13:48,truck_001,177,4.22,0.49,CLOSE,none
2026-08-08 22:13:49,truck_001,178,4.26,0.46,CLOSE,none
2026-08-08 22:13:50,truck_001,179,4.07,0.47,CLOSE,none
2026-08-08 22:13:51,truck_001,180,4.0,0.57,CLOSE,none
2026-08-08 22:13:52,truck_001,181,3.99,0.54,CLOSE,none
2026-08-08 22:13:53,truck_001,182,3.68,0.48,CLOSE,none
2026-08-08 22:13:54,truck_001,183,3.9,0.53,CLOSE,none
2026-08-08 22:13:55,truck_001,184,4.17,0.44,CLOSE,none
2026-08-08 22:13:56,truck_001,185,4.44,0.47,CLOSE,none
2026-08-08 22:13:57,truck_001,186,4.13,0.51,CLOSE,none
2026-08-08 22:13:58,truck_001,187,4.21,0.42,CLOSE,none
2026-08-08 22:13:59,truck_001,188,4.07,0.51,CLOSE,none
2026-08-08 22:14:00,truck_001,189,3.96,0.44,OPEN,none
2026-08-08 22:14:01,truck_001,190,4.44,0.4,CLOSE,none
2026-08-08 22:14:02,truck_001,191,3.98,0.5,CLOSE,none
2026-08-08 22:14:03,truck_001,192,3.63,0.41,CLOSE,none
2026-08-08 22:14:04,truck_001,193,4.1,0.44,CLOSE,none
2026-08-08 22:14:05,truck_001,194,3.76,0.46,CLOSE,none
2026-08-08 22:14:06,truck_001,195,3.97,0.46,CLOSE,none
2026-08-08 22:14:07,truck_001,196,4.35,0.44,CLOSE,none
2026-08-08 22:14:08,truck_001,197,4.24,0.39,CLOSE,none
2026-08-08 22:14:09,truck_001,198,4.24,0.43,CLOSE,none
2026-08-08 22:14:10,truck_001,199,4.06,0.44,CLOSE,none
2026-08-08 22:14:11,truck_001,200,3.56,0.46,CLOSE,none
2026-08-08 22:14:12,truck_001,201,4.37,0.46,CLOSE,none
2026-08-08 22:14:13,truck_001,202,4.24,0.47,CLOSE,none
2026-08-08 22:14:14,truck_001,203,3.49,0.38,CLOSE,none
2026-08-08 22:14:15,truck_001,204,4.34,0.47,CLOSE,none
2026-08-08 22:14:16,truck_001,205,4.09,0.48,CLOSE,none
2026-08-08 22:14:17,truck_001,206,4.46,0.48,CLOSE,none
2026-08-08 22:14:18,truck_001,207,4.28,0.43,CLOSE,none
2026-08-08 22:14:19,truck_001,208,4.06,0.46,CLOSE,none
2026-08-08 22:14:20,truck_001,209,3.84,0.5,CLOSE,none
2026-08-08 22:14:21,truck_001,210,3.69,0.45,CLOSE,none
2026-08-08 22:14:22,truck_001,211,4.08,0.48,CLOSE,none
2026-08-08 22:14:23,truck_001,212,4.02,0.45,CLOSE,none
2026-08-08 22:14:24,truck_001,213,3.21,0.43,CLOSE,none
2026-08-08 22:14:25,truck_001,214,4.06,0.42,CLOSE,none
2026-08-08 22:14:26,truck_001,215,3.52,0.41,CLOSE,none
2026-08-08 22:14:27,truck_001,216,4.03,0.44,CLOSE,none
2026-08-08 22:14:28,truck_001,217,4.22,0.5,CLOSE,none
2026-08-08 22:14:29,truck_001,218,4.0,0.45,CLOSE,none
2026-08-08 22:14:30,truck_001,219,4.03,0.46,CLOSE,none
2026-08-08 22:14:31,truck_001,220,4.0,0.43,CLOSE,none
2026-08-08 22:14:32,truck_001,221,4.04,0.44,CLOSE,none
2026-08-08 22:14:33,truck_001,222,3.93,0.44,CLOSE,none
2026-08-08 22:14:34,truck_001,223,3.84,0.43,CLOSE,none
2026-08-08 22:14:35,truck_001,224,3.69,0.4,CLOSE,none
2026-08-08 22:14:36,truck_001,225,4.01,0.45,CLOSE,none
2026-08-08 22:14:37,truck_001,226,3.95,0.43,CLOSE,none
2026-08-08 22:14:38,truck_001,227,4.09,0.55,OPEN,none
2026-08-08 22:14:39,truck_001,228,4.03,0.4,CLOSE,none
2026-08-08 22:14:40,truck_001,229,4.03,0.47,CLOSE,none
2026-08-08 22:14:41,truck_001,230,4.17,0.39,CLOSE,none
2026-08-08 22:14:42,truck_001,231,4.48,0.44,CLOSE,none
2026-08-08 22:14:43,truck_001,232,4.0,0.44,CLOSE,none
2026-08-08 22:14:44,truck_001,233,3.79,0.38,OPEN,none
2026-08-08 22:14:45,truck_001,234,3.8,0.45,CLOSE,none
2026-08-08 22:14:46,truck_001,235,4.32,0.47,CLOSE,none
2026-08-08 22:14:47,truck_001,236,4.39,0.4,OPEN,none
2026-08-08 22:14:48,truck_001,237,3.83,0.39,CLOSE,none
2026-08-08 22:14:49,truck_001,238,4.25,0.42,CLOSE,none
2026-08-08 22:14:50,truck_001,239,4.04,0.44,CLOSE,none
2026-08-08 22:14:51,truck_001,240,4.23,0.47,OPEN,none
2026-08-08 22:14:52,truck_001,241,3.38,0.4,CLOSE,none
2026-08-08 22:14:53,truck_001,242,4.06,0.47,CLOSE,none
2026-08-08 22:14:54,truck_001,243,4.03,0.44,CLOSE,none
2026-08-08 22:14:55,truck_001,244,3.88,0.44,CLOSE,none
2026-08-08 22:14:56,truck_001,245,3.96,0.53,CLOSE,none
2026-08-08 22:14:57,truck_001,246,3.72,0.36,CLOSE,none
2026-08-08 22:14:58,truck_001,247,4.56,0.45,CLOSE,none
2026-08-08 22:14:59,truck_001,248,4.18,0.47,OPEN,none
2026-08-08 22:15:00,truck_001,249,4.26,0.52,CLOSE,none
2026-08-08 22:15:01,truck_001,250,4.17,0.44,CLOSE,none
2026-08-08 22:15:02,truck_001,251,4.09,0.45,CLOSE,none
2026-08-08 22:15:03,truck_001,252,4.15,0.43,CLOSE,none
2026-08-08 22:15:04,truck_001,253,3.5,0.41,CLOSE,none
2026-08-08 22:15:05,truck_001,254,3.63,0.42,CLOSE,none
2026-08-08 22:15:06,truck_001,255,3.66,0.38,CLOSE,none
2026-08-08 22:15:07,truck_001,256,3.65,0.45,CLOSE,none
2026-08-08 22:15:08,truck_001,257,4.43,0.35,CLOSE,none
2026-08-08 22:15:09,truck_001,258,3.77,0.54,CLOSE,none
2026-08-08 22:15:10,truck_001,259,3.54,0.41,CLOSE,none
2026-08-08 22:15:11,truck_001,260,3.91,0.44,CLOSE,none
2026-08-08 22:15:12,truck_001,261,3.84,0.43,CLOSE,none
2026-08-08 22:15:13,truck_001,262,3.55,0.5,CLOSE,none
2026-08-08 22:15:14,truck_001,263,3.76,0.47,CLOSE,none
2026-08-08 22:15:15,truck_001,264,3.69,0.45,CLOSE,none
2026-08-08 22:15:16,truck_001,265,4.31,0.46,OPEN,none
2026-08-08 22:15:17,truck_001,266,4.08,0.5,CLOSE,none
2026-08-08 22:15:18,truck_001,267,3.82,0.41,OPEN,none
2026-08-08 22:15:19,truck_001,268,3.83,0.37,CLOSE,none
2026-08-08 22:15:20,truck_001,269,4.25,0.4,CLOSE,none
2026-08-08 22:15:21,truck_001,270,4.06,0.44,CLOSE,none
2026-08-08 22:15:22,truck_001,271,4.53,0.5,CLOSE,none
2026-08-08 22:15:23,truck_001,272,3.81,0.4,CLOSE,none
2026-08-08 22:15:24,truck_001,273,3.61,0.5,CLOSE,none
2026-08-08 22:15:25,truck_001,274,3.61,0.37,CLOSE,none
2026-08-08 22:15:26,truck_001,275,4.22,0.52,CLOSE,none
2026-08-08 22:15:27,truck_001,276,3.7,0.51,CLOSE,none
2026-08-08 22:15:28,truck_001,277,3.76,0.49,OPEN,none
2026-08-08 22:15:29,truck_001,278,4.07,0.48,CLOSE,none
2026-08-08 22:15:30,truck_001,279,3.84,0.43,CLOSE,none
2026-08-08 22:15:31,truck_001,280,4.46,0.46,CLOSE,none
2026-08-08 22:15:32,truck_001,281,4.15,0.45,CLOSE,none
2026-08-08 22:15:33,truck_001,282,4.26,0.52,CLOSE,none
2026-08-08 22:15:34,truck_001,283,3.5,0.38,CLOSE,none
2026-08-08 22:15:35,truck_001,284,3.49,0.43,CLOSE,none
2026-08-08 22:15:36,truck_001,285,3.94,0.46,CLOSE,none
2026-08-08 22:15:37,truck_001,286,3.97,0.39,CLOSE,none
2026-08-08 22:15:38,truck_001,287,4.1,0.41,CLOSE,none
2026-08-08 22:15:39,truck_001,288,4.07,0.55,CLOSE,none
2026-08-08 22:15:40,truck_001,289,3.73,0.37,CLOSE,none
2026-08-08 22:15:41,truck_001,290,3.85,0.54,CLOSE,none
2026-08-08 22:15:42,truck_001,291,4.12,0.45,CLOSE,none
2026-08-08 22:15:43,truck_001,292,3.96,0.44,CLOSE,none
2026-08-08 22:15:44,truck_001,293,4.07,0.47,CLOSE,none
2026-08-08 22:15:45,truck_001,294,4.66,0.44,CLOSE,none
2026-08-08 22:15:46,truck_001,295,3.8,0.45,CLOSE,none
2026-08-08 22:15:47,truck_001,296,3.44,0.54,CLOSE,none
2026-08-08 22:15:48,truck_001,297,3.71,0.44,OPEN,none
2026-08-08 22:15:49,truck_001,298,4.28,0.45,CLOSE,none
2026-08-08 22:15:50,truck_001,299,4.07,0.46,CLOSE,none
2026-08-08 22:15:51,truck_001,300,4.01,0.46,OPEN,none
2026-08-08 22:16:46,truck_001,1,3.93,0.6,CLOSE,none
2026-08-08 22:16:47,truck_001,2,4.29,0.52,CLOSE,none
2026-08-08 22:16:48,truck_001,3,3.38,0.43,CLOSE,none
2026-08-08 22:16:49,truck_001,4,3.46,0.45,CLOSE,none
2026-08-08 22:16:50,truck_001,5,4.3,0.48,CLOSE,none
2026-08-08 22:16:51,truck_001,6,3.17,0.48,CLOSE,none
2026-08-08 22:16:52,truck_001,7,3.83,0.53,CLOSE,none
2026-08-08 22:16:53,truck_001,8,4.09,0.44,CLOSE,none
2026-08-08 22:16:54,truck_001,9,4.01,0.43,CLOSE,none
2026-08-08 22:16:55,truck_001,10,4.16,0.46,CLOSE,none
2026-08-08 22:16:56,truck_001,11,3.69,0.54,CLOSE,none
2026-08-08 22:16:57,truck_001,12,4.5,0.39,CLOSE,none
2026-08-08 22:16:58,truck_001,13,4.22,0.49,CLOSE,none
2026-08-08 22:16:59,truck_001,14,3.9,0.5,CLOSE,none
2026-08-08 22:17:00,truck_001,15,3.86,0.42,CLOSE,none
2026-08-08 22:17:01,truck_001,16,4.35,0.49,CLOSE,none
2026-08-08 22:17:02,truck_001,17,3.58,0.47,CLOSE,none
2026-08-08 22:17:03,truck_001,18,4.45,0.49,CLOSE,none
2026-08-08 22:17:04,truck_001,19,3.96,0.46,CLOSE,none
2026-08-08 22:17:05,truck_001,20,3.81,0.41,CLOSE,none
2026-08-08 22:17:06,truck_001,21,3.51,0.48,CLOSE,none
2026-08-08 22:17:07,truck_001,22,3.95,0.47,CLOSE,none
2026-08-08 22:17:08,truck_001,23,3.82,0.45,CLOSE,none
2026-08-08 22:17:09,truck_001,24,3.99,0.44,CLOSE,none
2026-08-08 22:17:10,truck_001,25,3.89,0.43,CLOSE,none
2026-08-08 22:17:11,truck_001,26,3.59,0.4,CLOSE,none
2026-08-08 22:17:12,truck_001,27,4.0,0.51,OPEN,none
2026-08-08 22:17:13,truck_001,28,3.91,0.42,OPEN,none
2026-08-08 22:17:14,truck_001,29,3.92,0.49,CLOSE,none
2026-08-08 22:17:15,truck_001,30,3.92,0.47,CLOSE,none
2026-08-08 22:17:16,truck_001,31,3.72,0.54,CLOSE,none
2026-08-08 22:17:17,truck_001,32,3.77,0.52,CLOSE,none
2026-08-08 22:17:18,truck_001,33,4.22,0.52,CLOSE,none
2026-08-08 22:17:19,truck_001,34,3.9,0.45,CLOSE,none
2026-08-08 22:17:20,truck_001,35,4.03,0.52,CLOSE,none
2026-08-08 22:17:21,truck_001,36,4.15,0.44,OPEN,none
2026-08-08 22:17:22,truck_001,37,3.81,0.43,CLOSE,none
2026-08-08 22:17:23,truck_001,38,4.58,0.36,CLOSE,none
2026-08-08 22:17:24,truck_001,39,4.16,0.38,CLOSE,none
2026-08-08 22:17:25,truck_001,40,4.01,0.41,CLOSE,none
2026-08-08 22:17:26,truck_001,41,4.33,0.4,CLOSE,none
2026-08-08 22:17:27,truck_001,42,4.3,0.41,CLOSE,none
2026-08-08 22:17:28,truck_001,43,4.03,0.53,CLOSE,none
2026-08-08 22:17:29,truck_001,44,4.0,0.41,CLOSE,none
2026-08-08 22:17:30,truck_001,45,3.87,0.4,CLOSE,none
2026-08-08 22:17:31,truck_001,46,3.9,0.39,OPEN,none
2026-08-08 22:17:32,truck_001,47,4.25,0.39,CLOSE,none
2026-08-08 22:17:33,truck_001,48,4.06,0.54,CLOSE,none
2026-08-08 22:17:34,truck_001,49,4.2,0.46,CLOSE,none
2026-08-08 22:17:35,truck_001,50,3.89,0.43,CLOSE,none
2026-08-08 22:17:36,truck_001,51,3.52,0.47,CLOSE,none
2026-08-08 22:17:37,truck_001,52,4.09,0.49,CLOSE,none
2026-08-08 22:17:38,truck_001,53,3.99,0.48,CLOSE,none
2026-08-08 22:17:39,truck_001,54,4.04,0.44,CLOSE,none
2026-08-08 22:17:40,truck_001,55,4.26,0.41,CLOSE,none
2026-08-08 22:17:41,truck_001,56,3.82,0.39,CLOSE,none
2026-08-08 22:17:42,truck_001,57,3.85,0.41,OPEN,none
2026-08-08 22:17:43,truck_001,58,3.64,0.41,CLOSE,none
2026-08-08 22:17:44,truck_001,59,3.4,0.46,CLOSE,none
2026-08-08 22:17:45,truck_001,60,4.38,0.45,CLOSE,none
2026-08-08 22:17:49,truck_001,1,4.37,0.54,CLOSE,none
2026-08-08 22:17:50,truck_001,2,3.86,0.38,OPEN,none
2026-08-08 22:17:51,truck_001,3,3.79,0.46,CLOSE,none
2026-08-08 22:17:52,truck_001,4,4.03,0.41,OPEN,none
2026-08-08 22:17:53,truck_001,5,4.15,0.43,CLOSE,none
2026-08-08 22:17:54,truck_001,6,3.64,0.47,OPEN,none
2026-08-08 22:17:55,truck_001,7,4.08,0.36,CLOSE,none
2026-08-08 22:17:56,truck_001,8,4.54,0.49,CLOSE,none
2026-08-08 22:17:57,truck_001,9,4.3,0.37,CLOSE,none
2026-08-08 22:17:58,truck_001,10,4.26,0.37,CLOSE,none
2026-08-08 22:17:59,truck_001,11,4.13,0.38,CLOSE,none
2026-08-08 22:18:00,truck_001,12,4.26,0.49,CLOSE,none
2026-08-08 22:18:01,truck_001,13,3.8,0.42,OPEN,none
2026-08-08 22:18:02,truck_001,14,4.14,0.43,CLOSE,none
2026-08-08 22:18:03,truck_001,15,3.52,0.44,CLOSE,none
2026-08-08 22:18:04,truck_001,16,4.11,0.48,CLOSE,none
2026-08-08 22:18:05,truck_001,17,3.85,0.47,OPEN,none
2026-08-08 22:18:06,truck_001,18,4.31,0.48,CLOSE,none
2026-08-08 22:18:07,truck_001,19,4.04,0.48,CLOSE,none
2026-08-08 22:18:08,truck_001,20,4.33,0.41,CLOSE,none
2026-08-08 22:18:09,truck_001,21,3.68,0.51,OPEN,none
2026-08-08 22:18:10,truck_001,22,4.28,0.53,CLOSE,none
2026-08-08 22:18:11,truck_001,23,3.77,0.41,OPEN,none
2026-08-08 22:18:12,truck_001,24,3.93,0.46,CLOSE,none
2026-08-08 22:18:13,truck_001,25,3.86,0.39,CLOSE,none
2026-08-08 22:18:14,truck_001,26,4.36,0.44,CLOSE,none
2026-08-08 22:18:15,truck_001,27,3.97,0.45,CLOSE,none
2026-08-08 22:18:16,truck_001,28,4.17,0.47,CLOSE,none
2026-08-08 22:18:17,truck_001,29,4.08,0.49,CLOSE,none
2026-08-08 22:18:18,truck_001,30,4.41,0.42,CLOSE,none
2026-08-08 22:18:19,truck_001,31,4.19,0.47,CLOSE,none
2026-08-08 22:18:20,truck_001,32,3.98,0.47,CLOSE,none
2026-08-08 22:18:21,truck_001,33,3.88,0.48,CLOSE,none
2026-08-08 22:18:22,truck_001,34,3.85,0.46,CLOSE,none
2026-08-08 22:18:23,truck_001,35,3.77,0.45,OPEN,none
2026-08-08 22:18:24,truck_001,36,3.67,0.44,CLOSE,none
2026-08-08 22:18:25,truck_001,37,3.97,0.45,OPEN,none
2026-08-08 22:18:26,truck_001,38,4.18,0.45,CLOSE,none
2026-08-08 22:18:27,truck_001,39,4.25,0.35,CLOSE,none
2026-08-08 22:18:28,truck_001,40,3.92,0.51,OPEN,none
2026-08-08 22:18:29,truck_001,41,4.01,0.49,CLOSE,none
2026-08-08 22:18:30,truck_001,42,4.02,0.53,CLOSE,none
2026-08-08 22:18:31,truck_001,43,3.66,0.48,CLOSE,none
2026-08-08 22:18:32,truck_001,44,4.37,0.4,CLOSE,none
2026-08-08 22:18:33,truck_001,45,4.04,0.38,CLOSE,none
2026-08-08 22:18:34,truck_001,46,3.96,0.45,CLOSE,none
2026-08-08 22:18:35,truck_001,47,3.91,0.46,CLOSE,none
2026-08-08 22:18:36,truck_001,48,3.68,0.45,CLOSE,none
2026-08-08 22:18:37,truck_001,49,4.37,0.42,CLOSE,none
2026-08-08 22:18:38,truck_001,50,3.92,0.48,CLOSE,none
2026-08-08 22:18:39,truck_001,51,4.05,0.41,CLOSE,none
2026-08-08 22:18:40,truck_001,52,3.97,0.47,CLOSE,none
2026-08-08 22:18:41,truck_001,53,3.78,0.45,CLOSE,none
2026-08-08 22:18:42,truck_001,54,4.2,0.4,CLOSE,none
2026-08-08 22:18:43,truck_001,55,3.9,0.42,CLOSE,none
2026-08-08 22:18:44,truck_001,56,3.55,0.4,CLOSE,none
2026-08-08 22:18:45,truck_001,57,3.84,0.49,CLOSE,none
2026-08-08 22:18:46,truck_001,58,4.43,0.49,CLOSE,none
2026-08-08 22:18:47,truck_001,59,3.64,0.41,OPEN,none
2026-08-08 22:18:48,truck_001,60,3.85,0.43,CLOSE,none
2026-08-08 22:18:49,truck_001,61,4.16,0.47,CLOSE,none
2026-08-08 22:18:50,truck_001,62,4.07,0.41,CLOSE,none
2026-08-08 22:18:51,truck_001,63,3.94,0.48,CLOSE,none
2026-08-08 22:18:52,truck_001,64,4.53,0.42,CLOSE,none
2026-08-08 22:18:53,truck_001,65,3.55,0.49,CLOSE,none
2026-08-08 22:18:54,truck_001,66,4.21,0.41,CLOSE,none
2026-08-08 22:18:55,truck_001,67,4.1,0.4,OPEN,none
2026-08-08 22:18:56,truck_001,68,4.43,0.49,CLOSE,none
2026-08-08 22:18:57,truck_001,69,3.61,0.5,CLOSE,none
2026-08-08 22:18:58,truck_001,70,3.97,0.46,OPEN,none
2026-08-08 22:18:59,truck_001,71,4.21,0.45,OPEN,none
2026-08-08 22:19:00,truck_001,72,4.3,0.44,CLOSE,none
2026-08-08 22:19:01,truck_001,73,3.8,0.47,CLOSE,none
2026-08-08 22:19:02,truck_001,74,4.4,0.41,CLOSE,none
2026-08-08 22:19:03,truck_001,75,4.06,0.45,CLOSE,none
2026-08-08 22:19:04,truck_001,76,3.83,0.46,CLOSE,none
2026-08-08 22:19:05,truck_001,77,3.98,0.39,CLOSE,none
2026-08-08 22:19:06,truck_001,78,4.18,0.54,OPEN,none
2026-08-08 22:19:07,truck_001,79,4.14,0.39,CLOSE,none
2026-08-08 22:19:08,truck_001,80,3.24,0.48,OPEN,none
2026-08-08 22:19:09,truck_001,81,3.98,0.38,CLOSE,none
2026-08-08 22:19:10,truck_001,82,3.66,0.41,CLOSE,none
2026-08-08 22:19:11,truck_001,83,3.9,0.33,CLOSE,none
2026-08-08 22:19:12,truck_001,84,3.88,0.4,CLOSE,none
2026-08-08 22:19:13,truck_001,85,4.05,0.46,CLOSE,none
2026-08-08 22:19:14,truck_001,86,3.98,0.44,CLOSE,none
2026-08-08 22:19:15,truck_001,87,4.0,0.38,CLOSE,none
2026-08-08 22:19:16,truck_001,88,4.25,0.42,OPEN,none
2026-08-08 22:19:17,truck_001,89,3.52,0.47,CLOSE,none
2026-08-08 22:19:18,truck_001,90,4.21,0.48,CLOSE,none
2026-08-08 22:19:19,truck_001,91,4.19,0.4,CLOSE,none
2026-08-08 22:19:20,truck_001,92,3.74,0.41,OPEN,none
2026-08-08 22:19:21,truck_001,93,4.1,0.52,CLOSE,none
2026-08-08 22:19:22,truck_001,94,4.12,0.49,CLOSE,none
2026-08-08 22:19:23,truck_001,95,3.7,0.41,CLOSE,none
2026-08-08 22:19:24,truck_001,96,3.38,0.42,CLOSE,none
2026-08-08 22:19:25,truck_001,97,3.94,0.38,CLOSE,none
2026-08-08 22:19:26,truck_001,98,4.59,0.44,OPEN,none
2026-08-08 22:19:27,truck_001,99,3.74,0.46,CLOSE,none
2026-08-08 22:19:28,truck_001,100,4.04,0.53,CLOSE,none
2026-08-08 22:19:29,truck_001,101,3.95,0.45,CLOSE,none
2026-08-08 22:19:30,truck_001,102,3.75,0.44,CLOSE,none
2026-08-08 22:19:31,truck_001,103,3.92,0.46,CLOSE,none
2026-08-08 22:19:32,truck_001,104,4.32,0.38,CLOSE,none
2026-08-08 22:19:33,truck_001,105,3.78,0.41,CLOSE,none
2026-08-08 22:19:34,truck_001,106,3.56,0.47,CLOSE,none
2026-08-08 22:19:35,truck_001,107,3.66,0.48,CLOSE,none
2026-08-08 22:19:36,truck_001,108,3.71,0.38,CLOSE,none
2026-08-08 22:19:37,truck_001,109,4.04,0.47,CLOSE,none
2026-08-08 22:19:38,truck_001,110,4.09,0.38,CLOSE,none
2026-08-08 22:19:39,truck_001,111,3.36,0.47,CLOSE,none
2026-08-08 22:19:40,truck_001,112,4.38,0.42,CLOSE,none
2026-08-08 22:19:41,truck_001,113,4.17,0.47,CLOSE,none
2026-08-08 22:19:42,truck_001,114,4.5,0.46,CLOSE,none
2026-08-08 22:19:43,truck_001,115,3.93,0.47,CLOSE,none
2026-08-08 22:19:44,truck_001,116,3.52,0.4,CLOSE,none
2026-08-08 22:19:45,truck_001,117,3.92,0.44,CLOSE,none
2026-08-08 22:19:46,truck_001,118,3.97,0.44,CLOSE,none
2026-08-08 22:19:47,truck_001,119,4.18,0.47,CLOSE,none
2026-08-08 22:19:48,truck_001,120,4.41,0.48,OPEN,none
2026-08-08 22:19:49,truck_001,121,3.95,0.41,CLOSE,none
2026-08-08 22:19:50,truck_001,122,4.23,0.47,CLOSE,none
2026-08-08 22:19:51,truck_001,123,3.86,0.3,CLOSE,none
2026-08-08 22:19:52,truck_001,124,3.48,0.4,CLOSE,none
2026-08-08 22:19:53,truck_001,125,4.36,0.47,CLOSE,none
2026-08-08 22:19:54,truck_001,126,4.76,0.47,CLOSE,none
2026-08-08 22:19:55,truck_001,127,4.17,0.49,CLOSE,none
2026-08-08 22:19:56,truck_001,128,3.9,0.41,OPEN,none
2026-08-08 22:19:57,truck_001,129,4.15,0.46,CLOSE,none
2026-08-08 22:19:58,truck_001,130,4.24,0.45,CLOSE,none
2026-08-08 22:19:59,truck_001,131,3.61,0.41,OPEN,none
2026-08-08 22:20:00,truck_001,132,3.78,0.45,OPEN,none
2026-08-08 22:20:01,truck_001,133,3.91,0.45,CLOSE,none
2026-08-08 22:20:02,truck_001,134,3.86,0.44,OPEN,none
2026-08-08 22:20:03,truck_001,135,4.39,0.48,CLOSE,none
2026-08-08 22:20:04,truck_001,136,3.75,0.47,CLOSE,none
2026-08-08 22:20:05,truck_001,137,3.86,0.51,CLOSE,none
2026-08-08 22:20:06,truck_001,138,4.34,0.46,CLOSE,none
2026-08-08 22:20:07,truck_001,139,4.15,0.38,CLOSE,none
2026-08-08 22:20:08,truck_001,140,3.7,0.42,CLOSE,none
2026-08-08 22:20:09,truck_001,141,4.25,0.43,CLOSE,none
2026-08-08 22:20:10,truck_001,142,4.38,0.42,CLOSE,none
2026-08-08 22:20:11,truck_001,143,3.97,0.39,CLOSE,none
2026-08-08 22:20:12,truck_001,144,4.04,0.46,OPEN,none
2026-08-08 22:20:13,truck_001,145,4.05,0.54,CLOSE,none
2026-08-08 22:20:14,truck_001,146,3.94,0.49,OPEN,none
2026-08-08 22:20:15,truck_001,147,4.05,0.48,CLOSE,none
2026-08-08 22:20:16,truck_001,148,3.93,0.4,CLOSE,none
2026-08-08 22:20:17,truck_001,149,4.24,0.43,CLOSE,none
2026-08-08 22:20:18,truck_001,150,3.77,0.44,CLOSE,none
2026-08-08 22:20:19,truck_001,151,3.84,0.5,CLOSE,none
2026-08-08 22:20:20,truck_001,152,3.52,0.48,CLOSE,none
2026-08-08 22:20:21,truck_001,153,4.38,0.46,CLOSE,none
2026-08-08 22:20:22,truck_001,154,3.87,0.42,CLOSE,none
2026-08-08 22:20:23,truck_001,155,3.48,0.46,CLOSE,none
2026-08-08 22:20:24,truck_001,156,4.18,0.45,CLOSE,none
2026-08-08 22:20:25,truck_001,157,4.06,0.44,CLOSE,none
2026-08-08 22:20:26,truck_001,158,4.51,0.44,CLOSE,none
2026-08-08 22:20:27,truck_001,159,4.56,0.4,CLOSE,none
2026-08-08 22:20:28,truck_001,160,4.31,0.4,CLOSE,none
2026-08-08 22:20:29,truck_001,161,3.95,0.34,CLOSE,none
2026-08-08 22:20:30,truck_001,162,4.0,0.44,CLOSE,none
2026-08-08 22:20:31,truck_001,163,3.89,0.45,CLOSE,none
2026-08-08 22:20:32,truck_001,164,3.99,0.5,CLOSE,none
2026-08-08 22:20:33,truck_001,165,4.43,0.41,CLOSE,none
2026-08-08 22:20:34,truck_001,166,4.09,0.46,CLOSE,none
2026-08-08 22:20:35,truck_001,167,4.02,0.47,CLOSE,none
2026-08-08 22:20:36,truck_001,168,4.25,0.51,CLOSE,none
2026-08-08 22:20:37,truck_001,169,3.8,0.48,CLOSE,none
2026-08-08 22:20:38,truck_001,170,4.17,0.42,CLOSE,none
2026-08-08 22:20:39,truck_001,171,4.01,0.48,CLOSE,none
2026-08-08 22:20:40,truck_001,172,3.55,0.37,CLOSE,none
2026-08-08 22:20:41,truck_001,173,4.01,0.41,CLOSE,none
2026-08-08 22:20:42,truck_001,174,4.0,0.43,CLOSE,none
2026-08-08 22:20:43,truck_001,175,3.55,0.41,CLOSE,none
2026-08-08 22:20:44,truck_001,176,3.86,0.41,CLOSE,none
2026-08-08 22:20:45,truck_001,177,3.93,0.43,CLOSE,none
2026-08-08 22:20:46,truck_001,178,4.06,0.52,CLOSE,none
2026-08-08 22:20:47,truck_001,179,3.95,0.37,CLOSE,none
2026-08-08 22:20:48,truck_001,180,3.92,0.48,CLOSE,none
2026-08-08 22:20:49,truck_001,181,3.99,0.39,CLOSE,none
2026-08-08 22:20:50,truck_001,182,3.94,0.53,CLOSE,none
2026-08-08 22:20:51,truck_001,183,3.94,0.37,OPEN,none
2026-08-08 22:20:52,truck_001,184,3.74,0.4,CLOSE,none
2026-08-08 22:20:53,truck_001,185,3.66,0.52,CLOSE,none
2026-08-08 22:20:54,truck_001,186,3.54,0.32,CLOSE,none
2026-08-08 22:20:55,truck_001,187,4.03,0.47,CLOSE,none
2026-08-08 22:20:56,truck_001,188,4.43,0.45,CLOSE,none
2026-08-08 22:20:57,truck_001,189,4.22,0.49,CLOSE,none
2026-08-08 22:20:58,truck_001,190,4.64,0.41,CLOSE,none
2026-08-08 22:20:59,truck_001,191,4.01,0.4,CLOSE,none
2026-08-08 22:21:00,truck_001,192,4.02,0.44,CLOSE,none
2026-08-08 22:21:01,truck_001,193,4.18,0.47,CLOSE,none
2026-08-08 22:21:02,truck_001,194,3.81,0.46,CLOSE,none
2026-08-08 22:21:03,truck_001,195,4.45,0.46,CLOSE,none
2026-08-08 22:21:04,truck_001,196,3.79,0.5,OPEN,none
2026-08-08 22:21:05,truck_001,197,3.61,0.51,CLOSE,none
2026-08-08 22:21:06,truck_001,198,4.04,0.54,OPEN,none
2026-08-08 22:21:07,truck_001,199,4.18,0.43,CLOSE,none
2026-08-08 22:21:08,truck_001,200,3.65,0.49,CLOSE,none
2026-08-08 22:21:09,truck_001,201,4.25,0.51,CLOSE,none
2026-08-08 22:21:10,truck_001,202,3.72,0.5,CLOSE,none
2026-08-08 22:21:11,truck_001,203,4.32,0.45,CLOSE,none
2026-08-08 22:21:12,truck_001,204,4.14,0.41,CLOSE,none
2026-08-08 22:21:13,truck_001,205,4.55,0.38,CLOSE,none
2026-08-08 22:21:14,truck_001,206,3.49,0.43,CLOSE,none
2026-08-08 22:21:15,truck_001,207,3.55,0.44,CLOSE,none
2026-08-08 22:21:16,truck_001,208,3.73,0.41,CLOSE,none
2026-08-08 22:21:17,truck_001,209,3.73,0.48,CLOSE,none
2026-08-08 22:21:18,truck_001,210,4.17,0.49,CLOSE,none
2026-08-08 22:21:19,truck_001,211,3.76,0.49,CLOSE,none
2026-08-08 22:21:20,truck_001,212,4.33,0.48,CLOSE,none
2026-08-08 22:21:21,truck_001,213,3.8,0.39,CLOSE,none
2026-08-08 22:21:22,truck_001,214,4.63,0.39,CLOSE,none
2026-08-08 22:21:23,truck_001,215,3.62,0.46,CLOSE,none
2026-08-08 22:21:24,truck_001,216,4.07,0.41,CLOSE,none
2026-08-08 22:21:25,truck_001,217,4.02,0.49,CLOSE,none
2026-08-08 22:21:26,truck_001,218,4.39,0.55,CLOSE,none
2026-08-08 22:21:27,truck_001,219,3.82,0.41,CLOSE,none
2026-08-08 22:21:28,truck_001,220,4.61,0.47,CLOSE,none
2026-08-08 22:21:29,truck_001,221,4.37,0.48,CLOSE,none
2026-08-08 22:21:30,truck_001,222,3.77,0.42,CLOSE,none
2026-08-08 22:21:31,truck_001,223,3.85,0.43,CLOSE,none
2026-08-08 22:21:32,truck_001,224,3.89,0.41,CLOSE,none
2026-08-08 22:21:33,truck_001,225,4.09,0.52,CLOSE,none
2026-08-08 22:21:34,truck_001,226,4.39,0.43,CLOSE,none
2026-08-08 22:21:35,truck_001,227,4.2,0.5,CLOSE,none
2026-08-08 22:21:36,truck_001,228,3.83,0.5,OPEN,none
2026-08-08 22:21:37,truck_001,229,4.33,0.36,OPEN,none
2026-08-08 22:21:38,truck_001,230,3.96,0.4,OPEN,none
2026-08-08 22:21:39,truck_001,231,4.06,0.52,CLOSE,none
2026-08-08 22:21:40,truck_001,232,4.3,0.46,CLOSE,none
2026-08-08 22:21:41,truck_001,233,4.09,0.49,CLOSE,none
2026-08-08 22:21:42,truck_001,234,3.74,0.49,CLOSE,none
2026-08-08 22:21:43,truck_001,235,4.36,0.44,CLOSE,none
2026-08-08 22:21:44,truck_001,236,3.35,0.48,CLOSE,none
2026-08-08 22:21:45,truck_001,237,4.15,0.41,CLOSE,none
2026-08-08 22:21:46,truck_001,238,4.15,0.51,CLOSE,none
2026-08-08 22:21:47,truck_001,239,4.52,0.45,CLOSE,none
2026-08-08 22:21:48,truck_001,240,4.15,0.52,CLOSE,none
2026-08-08 22:21:49,truck_001,241,3.71,0.44,OPEN,none
2026-08-08 22:21:50,truck_001,242,4.04,0.49,OPEN,none
2026-08-08 22:21:51,truck_001,243,4.22,0.39,CLOSE,none
2026-08-08 22:21:52,truck_001,244,3.16,0.44,CLOSE,none
2026-08-08 22:21:53,truck_001,245,4.08,0.4,CLOSE,none
2026-08-08 22:21:54,truck_001,246,4.05,0.44,CLOSE,none
2026-08-08 22:21:55,truck_001,247,3.95,0.41,OPEN,none
2026-08-08 22:21:56,truck_001,248,4.45,0.47,CLOSE,none
2026-08-08 22:21:57,truck_001,249,4.2,0.5,CLOSE,none
2026-08-08 22:21:58,truck_001,250,3.59,0.41,CLOSE,none
2026-08-08 22:21:59,truck_001,251,3.52,0.46,OPEN,none
2026-08-08 22:22:00,truck_001,252,3.85,0.44,CLOSE,none
2026-08-08 22:22:01,truck_001,253,4.07,0.33,CLOSE,none
2026-08-08 22:22:02,truck_001,254,3.96,0.48,OPEN,none
2026-08-08 22:22:03,truck_001,255,3.99,0.48,CLOSE,none
2026-08-08 22:22:04,truck_001,256,3.67,0.46,CLOSE,none
2026-08-08 22:22:05,truck_001,257,4.25,0.49,CLOSE,none
2026-08-08 22:22:06,truck_001,258,3.66,0.43,OPEN,none
2026-08-08 22:22:07,truck_001,259,3.6,0.48,CLOSE,none
2026-08-08 22:22:08,truck_001,260,3.81,0.44,CLOSE,none
2026-08-08 22:22:09,truck_001,261,4.48,0.48,CLOSE,none
2026-08-08 22:22:10,truck_001,262,4.36,0.47,CLOSE,none
2026-08-08 22:22:11,truck_001,263,4.0,0.49,CLOSE,none
2026-08-08 22:22:12,truck_001,264,3.81,0.45,CLOSE,none
2026-08-08 22:22:13,truck_001,265,3.98,0.53,CLOSE,none
2026-08-08 22:22:14,truck_001,266,4.19,0.46,OPEN,none
2026-08-08 22:22:15,truck_001,267,4.06,0.43,CLOSE,none
2026-08-08 22:22:16,truck_001,268,4.02,0.52,CLOSE,none
2026-08-08 22:22:17,truck_001,269,4.27,0.45,CLOSE,none
2026-08-08 22:22:18,truck_001,270,4.47,0.48,CLOSE,none
2026-08-08 22:22:19,truck_001,271,4.32,0.44,CLOSE,none
2026-08-08 22:22:20,truck_001,272,4.14,0.4,CLOSE,none
2026-08-08 22:22:21,truck_001,273,4.38,0.47,CLOSE,none
2026-08-08 22:22:22,truck_001,274,4.06,0.42,CLOSE,none
2026-08-08 22:22:23,truck_001,275,3.95,0.47,CLOSE,none
2026-08-08 22:22:24,truck_001,276,4.03,0.46,CLOSE,none
2026-08-08 22:22:25,truck_001,277,3.68,0.42,CLOSE,none
2026-08-08 22:22:26,truck_001,278,3.7,0.37,CLOSE,none
2026-08-08 22:22:27,truck_001,279,4.23,0.44,CLOSE,none
2026-08-08 22:22:28,truck_001,280,4.23,0.41,CLOSE,none
2026-08-08 22:22:29,truck_001,281,4.24,0.45,CLOSE,none
2026-08-08 22:22:30,truck_001,282,4.19,0.46,CLOSE,none
2026-08-08 22:22:31,truck_001,283,3.65,0.43,CLOSE,none
2026-08-08 22:22:32,truck_001,284,4.89,0.48,CLOSE,none
2026-08-08 22:22:33,truck_001,285,3.96,0.52,OPEN,none
2026-08-08 22:22:34,truck_001,286,4.04,0.48,CLOSE,none
2026-08-08 22:22:35,truck_001,287,3.9,0.45,CLOSE,none
2026-08-08 22:22:36,truck_001,288,3.71,0.47,CLOSE,none
2026-08-08 22:22:37,truck_001,289,3.89,0.4,CLOSE,none
2026-08-08 22:22:38,truck_001,290,3.84,0.34,OPEN,none
2026-08-08 22:22:39,truck_001,291,4.42,0.57,CLOSE,none
2026-08-08 22:22:40,truck_001,292,3.86,0.48,CLOSE,none
2026-08-08 22:22:41,truck_001,293,4.03,0.47,CLOSE,none
2026-08-08 22:22:42,truck_001,294,3.85,0.42,CLOSE,none
2026-08-08 22:22:43,truck_001,295,3.9,0.4,OPEN,none
2026-08-08 22:22:44,truck_001,296,4.13,0.47,CLOSE,none
2026-08-08 22:22:45,truck_001,297,4.24,0.48,CLOSE,none
2026-08-08 22:22:46,truck_001,298,4.03,0.39,CLOSE,none
2026-08-08 22:22:47,truck_001,299,3.67,0.47,CLOSE,none
2026-08-08 22:22:48,truck_001,300,4.01,0.63,CLOSE,none
2026-08-08 22:28:56,truck_001,1,4.18,1.42,CLOSE,combined
2026-08-08 22:28:57,truck_001,2,4.22,1.41,CLOSE,combined
2026-08-08 22:28:58,truck_001,3,4.29,1.41,CLOSE,combined
2026-08-08 22:28:59,truck_001,4,4.23,1.05,OPEN,combined
2026-08-08 22:29:00,truck_001,5,4.47,1.21,CLOSE,combined
2026-08-08 22:29:01,truck_001,6,4.68,1.34,CLOSE,combined
2026-08-08 22:29:02,truck_001,7,4.69,1.09,CLOSE,combined
2026-08-08 22:29:03,truck_001,8,4.62,1.26,CLOSE,combined
2026-08-08 22:29:04,truck_001,9,4.6,1.27,CLOSE,combined
2026-08-08 22:29:05,truck_001,10,4.71,1.29,CLOSE,combined
2026-08-08 22:29:06,truck_001,11,4.89,1.26,CLOSE,combined
2026-08-08 22:29:07,truck_001,12,5.12,1.11,CLOSE,combined
2026-08-08 22:29:08,truck_001,13,5.11,1.08,CLOSE,combined
2026-08-08 22:29:09,truck_001,14,5.09,1.21,CLOSE,combined
2026-08-08 22:29:10,truck_001,15,5.34,0.94,CLOSE,combined
2026-08-08 22:29:11,truck_001,16,5.21,1.2,OPEN,combined
2026-08-08 22:29:12,truck_001,17,5.26,1.42,CLOSE,combined
2026-08-08 22:29:13,truck_001,18,5.39,1.25,CLOSE,combined
2026-08-08 22:29:14,truck_001,19,5.27,1.3,CLOSE,combined
2026-08-08 22:29:15,truck_001,20,5.67,1.16,CLOSE,combined
2026-08-08 22:29:16,truck_001,21,5.78,1.31,CLOSE,combined
2026-08-08 22:29:17,truck_001,22,5.58,1.1,CLOSE,combined
2026-08-08 22:29:18,truck_001,23,5.9,1.24,CLOSE,combined
2026-08-08 22:29:19,truck_001,24,5.97,1.39,CLOSE,combined
2026-08-08 22:29:20,truck_001,25,5.97,1.13,OPEN,combined
2026-08-08 22:29:21,truck_001,26,6.21,1.48,CLOSE,combined
2026-08-08 22:29:22,truck_001,27,6.18,1.3,CLOSE,combined
2026-08-08 22:29:23,truck_001,28,6.21,1.16,CLOSE,combined
2026-08-08 22:29:24,truck_001,29,6.19,1.11,CLOSE,combined
2026-08-08 22:29:25,truck_001,30,6.43,1.16,CLOSE,combined
2026-08-08 22:29:26,truck_001,31,6.58,1.49,CLOSE,combined
2026-08-08 22:29:27,truck_001,32,6.48,1.26,CLOSE,combined
2026-08-08 22:29:28,truck_001,33,6.36,1.17,CLOSE,combined
2026-08-08 22:29:29,truck_001,34,6.79,1.39,CLOSE,combined
2026-08-08 22:29:30,truck_001,35,6.72,1.25,CLOSE,combined
2026-08-08 22:29:31,truck_001,36,6.65,1.1,OPEN,combined
2026-08-08 22:29:32,truck_001,37,6.98,1.65,CLOSE,combined
2026-08-08 22:29:33,truck_001,38,7.08,1.0,CLOSE,combined
2026-08-08 22:29:34,truck_001,39,7.06,1.03,CLOSE,combined
2026-08-08 22:29:35,truck_001,40,7.24,1.14,CLOSE,combined
2026-08-08 22:29:36,truck_001,41,7.24,1.47,CLOSE,combined
2026-08-08 22:29:37,truck_001,42,7.45,1.42,CLOSE,combined
2026-08-08 22:29:38,truck_001,43,7.3,1.45,CLOSE,combined
2026-08-08 22:29:39,truck_001,44,7.75,1.29,CLOSE,combined
2026-08-08 22:29:40,truck_001,45,7.54,1.19,CLOSE,combined
2026-08-08 22:29:41,truck_001,46,7.62,1.15,CLOSE,combined
2026-08-08 22:29:42,truck_001,47,7.73,1.3,OPEN,combined
2026-08-08 22:29:43,truck_001,48,7.81,1.26,CLOSE,combined
2026-08-08 22:29:44,truck_001,49,7.95,1.22,CLOSE,combined
2026-08-08 22:29:45,truck_001,50,7.89,1.25,CLOSE,combined
2026-08-08 22:29:46,truck_001,51,8.1,1.0,CLOSE,combined
2026-08-08 22:29:47,truck_001,52,8.0,1.26,CLOSE,combined
2026-08-08 22:29:48,truck_001,53,8.15,1.16,CLOSE,combined
2026-08-08 22:29:49,truck_001,54,8.44,1.09,CLOSE,combined
2026-08-08 22:29:50,truck_001,55,8.29,0.89,OPEN,combined
2026-08-08 22:29:51,truck_001,56,8.4,1.36,CLOSE,combined
2026-08-08 22:29:52,truck_001,57,8.51,1.04,CLOSE,combined
2026-08-08 22:29:53,truck_001,58,8.71,1.01,CLOSE,combined
2026-08-08 22:29:54,truck_001,59,8.73,1.19,CLOSE,combined
2026-08-08 22:29:55,truck_001,60,8.91,1.52,CLOSE,combined
2026-08-08 22:29:56,truck_001,61,8.94,0.88,CLOSE,combined
2026-08-08 22:29:57,truck_001,62,8.93,1.35,CLOSE,combined
2026-08-08 22:29:58,truck_001,63,9.07,1.51,CLOSE,combined
2026-08-08 22:29:59,truck_001,64,9.07,1.13,CLOSE,combined
2026-08-08 22:30:00,truck_001,65,9.12,1.48,CLOSE,combined
2026-08-08 22:30:01,truck_001,66,9.3,1.4,CLOSE,combined
2026-08-08 22:30:02,truck_001,67,9.19,1.31,CLOSE,combined
2026-08-08 22:30:03,truck_001,68,9.37,1.21,CLOSE,combined
2026-08-08 22:30:04,truck_001,69,9.48,1.27,CLOSE,combined
2026-08-08 22:30:05,truck_001,70,9.32,0.99,CLOSE,combined
2026-08-08 22:30:06,truck_001,71,9.7,1.63,CLOSE,combined
2026-08-08 22:30:07,truck_001,72,9.62,1.24,CLOSE,combined
2026-08-08 22:30:08,truck_001,73,9.9,1.35,CLOSE,combined
2026-08-08 22:30:09,truck_001,74,9.75,1.05,CLOSE,combined
2026-08-08 22:30:10,truck_001,75,9.84,1.36,CLOSE,combined
2026-08-08 22:30:11,truck_001,76,10.07,1.03,CLOSE,combined
2026-08-08 22:30:12,truck_001,77,10.26,1.02,CLOSE,combined
2026-08-08 22:30:13,truck_001,78,10.23,1.53,CLOSE,combined
2026-08-08 22:30:14,truck_001,79,10.35,1.23,CLOSE,combined
2026-08-08 22:30:15,truck_001,80,10.39,1.13,CLOSE,combined
2026-08-08 22:30:16,truck_001,81,10.39,1.03,CLOSE,combined
2026-08-08 22:30:17,truck_001,82,10.65,1.12,CLOSE,combined
2026-08-08 22:30:18,truck_001,83,10.6,1.31,CLOSE,combined
2026-08-08 22:30:19,truck_001,84,10.69,1.27,CLOSE,combined
2026-08-08 22:30:20,truck_001,85,10.69,1.18,CLOSE,combined
2026-08-08 22:30:21,truck_001,86,10.72,1.19,CLOSE,combined
2026-08-08 22:30:22,truck_001,87,11.02,1.09,CLOSE,combined
2026-08-08 22:30:23,truck_001,88,11.15,1.21,CLOSE,combined
2026-08-08 22:30:24,truck_001,89,11.23,1.31,CLOSE,combined
2026-08-08 22:30:25,truck_001,90,11.3,1.1,CLOSE,combined
2026-08-08 22:30:26,truck_001,91,11.08,1.08,CLOSE,combined
2026-08-08 22:30:27,truck_001,92,11.33,1.45,CLOSE,combined
2026-08-08 22:30:28,truck_001,93,11.5,1.17,CLOSE,combined
2026-08-08 22:30:29,truck_001,94,11.47,1.13,CLOSE,combined
2026-08-08 22:30:30,truck_001,95,11.64,1.24,CLOSE,combined
2026-08-08 22:30:31,truck_001,96,11.64,1.33,CLOSE,combined
2026-08-08 22:30:32,truck_001,97,11.56,1.32,CLOSE,combined
2026-08-08 22:30:33,truck_001,98,11.74,1.14,CLOSE,combined
2026-08-08 22:30:34,truck_001,99,11.99,1.16,CLOSE,combined
2026-08-08 22:30:35,truck_001,100,12.17,1.22,CLOSE,combined
2026-08-08 22:30:36,truck_001,101,12.29,1.18,CLOSE,combined
2026-08-08 22:30:37,truck_001,102,12.14,1.21,CLOSE,combined
2026-08-08 22:30:38,truck_001,103,12.34,1.18,CLOSE,combined
2026-08-08 22:30:39,truck_001,104,12.37,1.28,CLOSE,combined
2026-08-08 22:30:40,truck_001,105,12.46,1.39,CLOSE,combined
2026-08-08 22:30:41,truck_001,106,12.59,1.36,CLOSE,combined
2026-08-08 22:30:42,truck_001,107,12.57,1.21,OPEN,combined
2026-08-08 22:30:43,truck_001,108,12.59,1.25,CLOSE,combined
2026-08-08 22:30:44,truck_001,109,12.71,1.26,CLOSE,combined
2026-08-08 22:30:45,truck_001,110,13.03,1.37,CLOSE,combined
2026-08-08 22:30:46,truck_001,111,12.91,1.17,CLOSE,combined
2026-08-08 22:30:47,truck_001,112,13.04,1.04,CLOSE,combined
2026-08-08 22:30:48,truck_001,113,13.01,1.21,CLOSE,combined
2026-08-08 22:30:49,truck_001,114,13.33,1.24,CLOSE,combined
2026-08-08 22:30:50,truck_001,115,13.06,1.18,CLOSE,combined
2026-08-08 22:30:51,truck_001,116,13.29,1.08,CLOSE,combined
2026-08-08 22:30:52,truck_001,117,13.38,1.3,CLOSE,combined
2026-08-08 22:30:53,truck_001,118,13.49,1.14,CLOSE,combined
2026-08-08 22:30:54,truck_001,119,13.58,1.44,CLOSE,combined
2026-08-08 22:30:55,truck_001,120,13.58,1.38,CLOSE,combined
2026-08-08 22:30:56,truck_001,121,13.64,1.0,CLOSE,combined
2026-08-08 22:30:57,truck_001,122,14.02,1.03,CLOSE,combined
2026-08-08 22:30:58,truck_001,123,13.9,1.31,CLOSE,combined
2026-08-08 22:30:59,truck_001,124,13.89,0.81,CLOSE,combined
2026-08-08 22:31:00,truck_001,125,13.89,1.03,OPEN,combined
2026-08-08 22:31:01,truck_001,126,14.13,1.09,CLOSE,combined
2026-08-08 22:31:02,truck_001,127,14.08,1.16,CLOSE,combined
2026-08-08 22:31:03,truck_001,128,14.24,1.22,CLOSE,combined
2026-08-08 22:31:04,truck_001,129,14.47,1.12,CLOSE,combined
2026-08-08 22:31:05,truck_001,130,14.47,1.34,CLOSE,combined
2026-08-08 22:31:06,truck_001,131,14.45,1.24,CLOSE,combined
2026-08-08 22:31:07,truck_001,132,14.65,1.05,OPEN,combined
2026-08-08 22:31:08,truck_001,133,14.7,1.12,CLOSE,combined
2026-08-08 22:31:09,truck_001,134,14.83,1.02,OPEN,combined
2026-08-08 22:31:10,truck_001,135,15.01,1.16,CLOSE,combined
2026-08-08 22:31:11,truck_001,136,14.81,1.42,CLOSE,combined
2026-08-08 22:31:12,truck_001,137,14.81,1.04,CLOSE,combined
2026-08-08 22:31:13,truck_001,138,15.09,1.26,CLOSE,combined
2026-08-08 22:31:14,truck_001,139,15.21,1.14,CLOSE,combined
2026-08-08 22:31:15,truck_001,140,15.33,1.2,CLOSE,combined
2026-08-08 22:31:16,truck_001,141,15.21,1.21,CLOSE,combined
2026-08-08 22:31:17,truck_001,142,15.51,1.04,CLOSE,combined
2026-08-08 22:31:18,truck_001,143,15.49,1.09,CLOSE,combined
2026-08-08 22:31:19,truck_001,144,15.59,1.35,CLOSE,combined
2026-08-08 22:31:20,truck_001,145,15.54,1.14,CLOSE,combined
2026-08-08 22:31:21,truck_001,146,15.62,1.24,CLOSE,combined
2026-08-08 22:31:22,truck_001,147,15.84,1.37,CLOSE,combined
2026-08-08 22:31:23,truck_001,148,16.02,1.1,CLOSE,combined
2026-08-08 22:31:24,truck_001,149,16.06,1.29,CLOSE,combined
2026-08-08 22:31:25,truck_001,150,15.75,1.18,CLOSE,combined
2026-08-08 22:31:26,truck_001,151,16.1,1.08,CLOSE,combined
2026-08-08 22:31:27,truck_001,152,16.1,1.07,CLOSE,combined
2026-08-08 22:31:28,truck_001,153,16.23,1.08,CLOSE,combined
2026-08-08 22:31:29,truck_001,154,16.33,1.35,CLOSE,combined
2026-08-08 22:31:30,truck_001,155,16.33,1.38,OPEN,combined
2026-08-08 22:31:31,truck_001,156,16.38,1.18,OPEN,combined
2026-08-08 22:31:32,truck_001,157,16.46,1.34,CLOSE,combined
2026-08-08 22:31:33,truck_001,158,16.53,1.23,CLOSE,combined
2026-08-08 22:31:34,truck_001,159,16.68,1.1,CLOSE,combined
2026-08-08 22:31:35,truck_001,160,16.79,1.04,CLOSE,combined
2026-08-08 22:31:36,truck_001,161,16.86,1.32,CLOSE,combined
2026-08-08 22:31:37,truck_001,162,17.05,1.1,CLOSE,combined
2026-08-08 22:31:38,truck_001,163,16.97,1.12,CLOSE,combined
2026-08-08 22:31:39,truck_001,164,17.07,1.35,CLOSE,combined
2026-08-08 22:31:40,truck_001,165,17.23,1.43,CLOSE,combined
2026-08-08 22:31:41,truck_001,166,17.42,1.36,CLOSE,combined
2026-08-08 22:31:42,truck_001,167,17.21,1.04,CLOSE,combined
2026-08-08 22:31:43,truck_001,168,17.37,1.02,CLOSE,combined
2026-08-08 22:31:44,truck_001,169,17.51,1.21,OPEN,combined
2026-08-08 22:31:45,truck_001,170,17.58,1.15,CLOSE,combined
2026-08-08 22:31:46,truck_001,171,17.94,1.25,CLOSE,combined
2026-08-08 22:31:47,truck_001,172,17.6,1.19,OPEN,combined
2026-08-08 22:31:48,truck_001,173,18.09,1.26,CLOSE,combined
2026-08-08 22:31:49,truck_001,174,17.86,1.36,CLOSE,combined
2026-08-08 22:31:50,truck_001,175,18.12,1.54,CLOSE,combined
2026-08-08 22:31:51,truck_001,176,18.09,1.09,CLOSE,combined
2026-08-08 22:31:52,truck_001,177,18.18,1.21,CLOSE,combined
2026-08-08 22:31:53,truck_001,178,18.13,1.23,CLOSE,combined
2026-08-08 22:31:54,truck_001,179,18.29,1.12,OPEN,combined
2026-08-08 22:31:55,truck_001,180,18.48,0.98,CLOSE,combined
2026-08-08 22:31:56,truck_001,181,18.46,1.49,CLOSE,combined
2026-08-08 22:31:57,truck_001,182,18.58,1.02,CLOSE,combined
2026-08-08 22:31:58,truck_001,183,18.55,1.26,CLOSE,combined
2026-08-08 22:31:59,truck_001,184,18.71,1.06,CLOSE,combined
2026-08-08 22:32:00,truck_001,185,18.85,1.33,CLOSE,combined
2026-08-08 22:32:01,truck_001,186,18.9,1.04,CLOSE,combined
2026-08-08 22:32:02,truck_001,187,18.95,1.2,CLOSE,combined
2026-08-08 22:32:03,truck_001,188,19.17,1.31,CLOSE,combined
2026-08-08 22:32:04,truck_001,189,19.24,1.3,CLOSE,combined
2026-08-08 22:32:05,truck_001,190,19.28,0.97,CLOSE,combined
2026-08-08 22:32:06,truck_001,191,19.18,1.02,CLOSE,combined
2026-08-08 22:32:07,truck_001,192,19.3,1.27,CLOSE,combined
2026-08-08 22:32:08,truck_001,193,19.44,1.15,CLOSE,combined
2026-08-08 22:32:09,truck_001,194,19.69,1.14,CLOSE,combined
2026-08-08 22:32:10,truck_001,195,19.58,1.18,CLOSE,combined
2026-08-08 22:32:11,truck_001,196,19.59,1.29,CLOSE,combined
2026-08-08 22:32:12,truck_001,197,19.55,1.26,CLOSE,combined
2026-08-08 22:32:13,truck_001,198,19.78,1.29,CLOSE,combined
2026-08-08 22:32:14,truck_001,199,19.83,1.51,CLOSE,combined
2026-08-08 22:32:15,truck_001,200,19.9,1.24,CLOSE,combined
2026-08-08 22:32:16,truck_001,201,20.12,1.12,CLOSE,combined
2026-08-08 22:32:17,truck_001,202,20.24,1.2,OPEN,combined
2026-08-08 22:32:18,truck_001,203,20.35,1.13,OPEN,combined
2026-08-08 22:32:19,truck_001,204,20.31,1.24,CLOSE,combined
2026-08-08 22:32:20,truck_001,205,20.57,1.1,CLOSE,combined
2026-08-08 22:32:21,truck_001,206,20.43,1.17,OPEN,combined
2026-08-08 22:32:22,truck_001,207,20.45,1.26,CLOSE,combined
2026-08-08 22:32:23,truck_001,208,20.72,1.17,CLOSE,combined
2026-08-08 22:32:24,truck_001,209,20.53,1.45,CLOSE,combined
2026-08-08 22:32:25,truck_001,210,20.75,1.44,CLOSE,combined
2026-08-08 22:32:26,truck_001,211,20.85,1.15,CLOSE,combined
2026-08-08 22:32:27,truck_001,212,20.93,1.18,CLOSE,combined
2026-08-08 22:32:28,truck_001,213,21.07,1.13,CLOSE,combined
2026-08-08 22:32:29,truck_001,214,21.06,1.2,CLOSE,combined
2026-08-08 22:32:30,truck_001,215,21.1,1.31,CLOSE,combined
2026-08-08 22:32:31,truck_001,216,21.33,1.32,CLOSE,combined
2026-08-08 22:32:32,truck_001,217,21.38,1.05,OPEN,combined
2026-08-08 22:32:33,truck_001,218,21.33,1.24,CLOSE,combined
2026-08-08 22:32:34,truck_001,219,21.44,0.94,CLOSE,combined
2026-08-08 22:32:35,truck_001,220,21.76,1.08,CLOSE,combined
2026-08-08 22:32:36,truck_001,221,21.86,1.19,CLOSE,combined
2026-08-08 22:32:37,truck_001,222,21.68,1.24,CLOSE,combined
2026-08-08 22:32:38,truck_001,223,21.81,1.16,CLOSE,combined
2026-08-08 22:32:39,truck_001,224,21.97,1.44,OPEN,combined
2026-08-08 22:32:40,truck_001,225,22.07,1.02,CLOSE,combined
2026-08-08 22:32:41,truck_001,226,22.11,1.32,CLOSE,combined
2026-08-08 22:32:42,truck_001,227,22.16,1.22,CLOSE,combined
2026-08-08 22:32:43,truck_001,228,22.31,1.12,CLOSE,combined
2026-08-08 22:32:44,truck_001,229,22.44,1.13,CLOSE,combined
2026-08-08 22:32:45,truck_001,230,22.58,1.05,CLOSE,combined
2026-08-08 22:32:46,truck_001,231,22.39,1.21,CLOSE,combined
2026-08-08 22:32:47,truck_001,232,22.36,1.42,CLOSE,combined
2026-08-08 22:32:48,truck_001,233,22.76,1.17,CLOSE,combined
2026-08-08 22:32:49,truck_001,234,22.8,1.15,CLOSE,combined
2026-08-08 22:32:50,truck_001,235,22.6,1.27,CLOSE,combined
2026-08-08 22:32:51,truck_001,236,22.77,1.3,CLOSE,combined
2026-08-08 22:32:52,truck_001,237,22.89,1.07,CLOSE,combined
2026-08-08 22:32:53,truck_001,238,22.96,1.06,CLOSE,combined
2026-08-08 22:32:54,truck_001,239,23.08,1.21,CLOSE,combined
2026-08-08 22:32:55,truck_001,240,23.06,1.18,OPEN,combined
2026-08-08 22:32:56,truck_001,241,23.38,1.21,OPEN,combined
2026-08-08 22:32:57,truck_001,242,23.47,1.43,CLOSE,combined
2026-08-08 22:32:58,truck_001,243,23.62,1.45,CLOSE,combined
2026-08-08 22:32:59,truck_001,244,23.73,1.11,CLOSE,combined
2026-08-08 22:33:00,truck_001,245,23.74,1.27,OPEN,combined
2026-08-08 22:33:01,truck_001,246,23.61,1.18,CLOSE,combined
2026-08-08 22:33:02,truck_001,247,23.73,1.04,CLOSE,combined
2026-08-08 22:33:03,truck_001,248,23.79,1.1,CLOSE,combined
2026-08-08 22:33:04,truck_001,249,23.95,1.01,CLOSE,combined
2026-08-08 22:33:05,truck_001,250,23.99,1.17,OPEN,combined
2026-08-08 22:33:06,truck_001,251,24.14,1.18,CLOSE,combined
2026-08-08 22:33:07,truck_001,252,24.28,1.32,CLOSE,combined
2026-08-08 22:33:08,truck_001,253,24.24,1.24,CLOSE,combined
2026-08-08 22:33:09,truck_001,254,24.31,1.17,OPEN,combined
2026-08-08 22:33:10,truck_001,255,24.32,1.54,CLOSE,combined
2026-08-08 22:33:11,truck_001,256,24.56,1.06,OPEN,combined
2026-08-08 22:33:12,truck_001,257,24.55,1.19,CLOSE,combined
2026-08-08 22:33:13,truck_001,258,24.68,1.17,CLOSE,combined
2026-08-08 22:33:14,truck_001,259,24.72,1.14,CLOSE,combined
2026-08-08 22:33:15,truck_001,260,24.75,1.27,OPEN,combined
2026-08-08 22:33:16,truck_001,261,25.06,1.29,CLOSE,combined
2026-08-08 22:33:17,truck_001,262,24.98,1.12,CLOSE,combined
2026-08-08 22:33:18,truck_001,263,24.94,1.21,CLOSE,combined
2026-08-08 22:33:19,truck_001,264,25.18,1.25,CLOSE,combined
2026-08-08 22:33:20,truck_001,265,25.2,1.04,CLOSE,combined
2026-08-08 22:33:21,truck_001,266,25.28,1.01,CLOSE,combined
2026-08-08 22:33:22,truck_001,267,25.21,1.41,CLOSE,combined
2026-08-08 22:33:23,truck_001,268,25.66,1.16,CLOSE,combined
2026-08-08 22:33:24,truck_001,269,25.49,1.12,CLOSE,combined
2026-08-08 22:33:25,truck_001,270,25.59,1.28,CLOSE,combined
2026-08-08 22:33:26,truck_001,271,25.9,1.1,CLOSE,combined
2026-08-08 22:33:27,truck_001,272,25.71,1.13,CLOSE,combined
2026-08-08 22:33:28,truck_001,273,26.04,1.49,CLOSE,combined
2026-08-08 22:33:29,truck_001,274,25.93,1.01,CLOSE,combined
2026-08-08 22:33:30,truck_001,275,25.91,1.09,OPEN,combined
2026-08-08 22:33:31,truck_001,276,25.89,1.27,CLOSE,combined
2026-08-08 22:33:32,truck_001,277,26.15,1.19,CLOSE,combined
2026-08-08 22:33:33,truck_001,278,26.36,1.29,CLOSE,combined
2026-08-08 22:33:34,truck_001,279,26.44,1.2,OPEN,combined
2026-08-08 22:33:35,truck_001,280,26.32,1.31,OPEN,combined
2026-08-08 22:33:36,truck_001,281,26.7,1.35,CLOSE,combined
2026-08-08 22:33:37,truck_001,282,26.46,1.41,CLOSE,combined
2026-08-08 22:33:38,truck_001,283,26.68,1.27,CLOSE,combined
2026-08-08 22:33:39,truck_001,284,26.73,1.31,CLOSE,combined
2026-08-08 22:33:40,truck_001,285,26.71,1.21,CLOSE,combined
2026-08-08 22:33:41,truck_001,286,26.72,1.1,CLOSE,combined
2026-08-08 22:33:42,truck_001,287,26.99,1.43,CLOSE,combined
2026-08-08 22:33:43,truck_001,288,27.01,1.32,CLOSE,combined
2026-08-08 22:33:44,truck_001,289,27.24,1.4,CLOSE,combined
2026-08-08 22:33:45,truck_001,290,27.18,1.01,CLOSE,combined
2026-08-08 22:33:46,truck_001,291,27.36,1.13,CLOSE,combined
2026-08-08 22:33:47,truck_001,292,27.29,1.16,CLOSE,combined
2026-08-08 22:33:48,truck_001,293,27.22,1.03,CLOSE,combined
2026-08-08 22:33:49,truck_001,294,27.37,1.37,CLOSE,combined
2026-08-08 22:33:50,truck_001,295,27.56,1.22,CLOSE,combined
2026-08-08 22:33:51,truck_001,296,27.69,1.26,CLOSE,combined
2026-08-08 22:33:52,truck_001,297,27.78,1.18,CLOSE,combined
2026-08-08 22:33:53,truck_001,298,28.0,1.22,CLOSE,combined
2026-08-08 22:33:54,truck_001,299,27.96,1.26,CLOSE,combined
2026-08-08 22:33:55,truck_001,300,28.01,1.27,CLOSE,combined
2026-08-08 22:33:57,truck_001,1,4.22,0.47,CLOSE,none
2026-08-08 22:33:58,truck_001,2,3.72,0.4,CLOSE,none
2026-08-08 22:33:59,truck_001,3,3.72,0.47,CLOSE,none
2026-08-08 22:34:00,truck_001,4,3.84,0.41,CLOSE,none
2026-08-08 22:34:01,truck_001,5,4.09,0.38,CLOSE,none
2026-08-08 22:34:02,truck_001,6,4.35,0.48,CLOSE,none
2026-08-08 22:34:03,truck_001,7,3.78,0.44,CLOSE,none
2026-08-08 22:34:04,truck_001,8,4.26,0.36,CLOSE,none
2026-08-08 22:34:05,truck_001,9,4.28,0.51,CLOSE,none
2026-08-08 22:34:06,truck_001,10,3.78,0.4,OPEN,none
2026-08-08 22:34:07,truck_001,11,4.52,0.45,CLOSE,none
2026-08-08 22:34:08,truck_001,12,3.7,0.44,CLOSE,none
2026-08-08 22:34:09,truck_001,13,4.18,0.36,CLOSE,none
2026-08-08 22:34:10,truck_001,14,3.85,0.44,CLOSE,none
2026-08-08 22:34:11,truck_001,15,4.85,0.51,CLOSE,none
2026-08-08 22:34:12,truck_001,16,4.37,0.49,CLOSE,none
2026-08-08 22:34:13,truck_001,17,4.04,0.37,CLOSE,none
2026-08-08 22:34:14,truck_001,18,3.28,0.47,CLOSE,none
2026-08-08 22:34:15,truck_001,19,3.95,0.51,CLOSE,none
2026-08-08 22:34:16,truck_001,20,4.2,0.47,CLOSE,none
2026-08-08 22:34:17,truck_001,21,3.81,0.43,CLOSE,none
2026-08-08 22:34:18,truck_001,22,3.98,0.39,CLOSE,none
2026-08-08 22:34:19,truck_001,23,3.9,0.53,CLOSE,none
2026-08-08 22:34:20,truck_001,24,4.19,0.5,CLOSE,none
2026-08-08 22:34:21,truck_001,25,4.4,0.46,CLOSE,none
2026-08-08 22:34:22,truck_001,26,4.62,0.44,CLOSE,none
2026-08-08 22:34:23,truck_001,27,3.65,0.42,CLOSE,none
2026-08-08 22:34:24,truck_001,28,4.1,0.51,CLOSE,none
2026-08-08 22:34:25,truck_001,29,3.87,0.53,CLOSE,none
2026-08-08 22:34:26,truck_001,30,3.75,0.51,CLOSE,none
2026-08-08 22:34:27,truck_001,31,3.77,0.39,CLOSE,none
2026-08-08 22:34:28,truck_001,32,3.73,0.44,CLOSE,none
2026-08-08 22:34:29,truck_001,33,4.1,0.35,CLOSE,none
2026-08-08 22:34:30,truck_001,34,4.31,0.35,CLOSE,none
2026-08-08 22:34:31,truck_001,35,4.52,0.47,CLOSE,none
2026-08-08 22:34:32,truck_001,36,3.53,0.4,CLOSE,none
2026-08-08 22:34:33,truck_001,37,4.25,0.51,CLOSE,none
2026-08-08 22:34:34,truck_001,38,4.01,0.39,CLOSE,none
2026-08-08 22:34:35,truck_001,39,3.61,0.42,CLOSE,none
2026-08-08 22:34:36,truck_001,40,3.89,0.54,CLOSE,none
2026-08-08 22:34:37,truck_001,41,4.05,0.35,CLOSE,none
2026-08-08 22:34:38,truck_001,42,4.15,0.47,CLOSE,none
2026-08-08 22:34:39,truck_001,43,3.79,0.36,CLOSE,none
2026-08-08 22:34:40,truck_001,44,3.98,0.4,CLOSE,none
2026-08-08 22:34:41,truck_001,45,4.0,0.36,CLOSE,none
2026-08-08 22:34:42,truck_001,46,3.87,0.51,CLOSE,none
2026-08-08 22:34:43,truck_001,47,4.26,0.41,CLOSE,none
2026-08-08 22:34:44,truck_001,48,4.04,0.42,CLOSE,none
2026-08-08 22:34:45,truck_001,49,4.52,0.46,CLOSE,none
2026-08-08 22:34:46,truck_001,50,4.37,0.42,CLOSE,none
2026-08-08 22:34:47,truck_001,51,3.78,0.54,CLOSE,none
2026-08-08 22:34:48,truck_001,52,4.26,0.46,CLOSE,none
2026-08-08 22:34:49,truck_001,53,4.2,0.55,CLOSE,none
2026-08-08 22:34:50,truck_001,54,3.74,0.4,CLOSE,none
2026-08-08 22:34:51,truck_001,55,3.9,0.38,CLOSE,none
2026-08-08 22:34:52,truck_001,56,4.53,0.42,CLOSE,none
2026-08-08 22:34:53,truck_001,57,4.12,0.37,CLOSE,none
2026-08-08 22:34:54,truck_001,58,3.56,0.37,CLOSE,none
2026-08-08 22:34:55,truck_001,59,3.9,0.47,CLOSE,none
2026-08-08 22:34:56,truck_001,60,4.24,0.52,CLOSE,none
2026-08-08 22:34:57,truck_001,61,4.01,0.46,CLOSE,none
2026-08-08 22:34:58,truck_001,62,4.08,0.45,CLOSE,none
2026-08-08 22:34:59,truck_001,63,4.3,0.46,CLOSE,none
2026-08-08 22:35:00,truck_001,64,3.53,0.52,OPEN,none
2026-08-08 22:35:01,truck_001,65,4.1,0.48,CLOSE,none
2026-08-08 22:35:02,truck_001,66,4.05,0.48,CLOSE,none
2026-08-08 22:35:03,truck_001,67,3.88,0.46,CLOSE,none
2026-08-08 22:35:04,truck_001,68,4.31,0.48,CLOSE,none
2026-08-08 22:35:05,truck_001,69,3.8,0.35,CLOSE,none
2026-08-08 22:35:06,truck_001,70,3.58,0.44,CLOSE,none
2026-08-08 22:35:07,truck_001,71,3.82,0.45,CLOSE,none
2026-08-08 22:35:08,truck_001,72,3.99,0.39,CLOSE,none
2026-08-08 22:35:09,truck_001,73,3.67,0.53,CLOSE,none
2026-08-08 22:35:10,truck_001,74,4.36,0.42,CLOSE,none
2026-08-08 22:35:11,truck_001,75,4.25,0.34,CLOSE,none
2026-08-08 22:35:12,truck_001,76,4.35,0.39,CLOSE,none
2026-08-08 22:35:13,truck_001,77,4.11,0.38,OPEN,none
2026-08-08 22:35:14,truck_001,78,3.83,0.48,OPEN,none
2026-08-08 22:35:15,truck_001,79,4.44,0.41,CLOSE,none
2026-08-08 22:35:16,truck_001,80,3.98,0.45,CLOSE,none
2026-08-08 22:35:17,truck_001,81,4.35,0.42,CLOSE,none
2026-08-08 22:35:18,truck_001,82,4.09,0.58,CLOSE,none
2026-08-08 22:35:19,truck_001,83,4.19,0.5,CLOSE,none
2026-08-08 22:35:20,truck_001,84,3.58,0.46,CLOSE,none
2026-08-08 22:35:21,truck_001,85,4.34,0.46,OPEN,none
2026-08-08 22:35:22,truck_001,86,3.46,0.46,CLOSE,none
2026-08-08 22:35:23,truck_001,87,3.8,0.47,CLOSE,none
2026-08-08 22:35:24,truck_001,88,3.44,0.56,CLOSE,none
2026-08-08 22:35:25,truck_001,89,4.36,0.5,CLOSE,none
2026-08-08 22:35:26,truck_001,90,4.03,0.43,CLOSE,none
2026-08-08 22:35:27,truck_001,91,4.53,0.5,CLOSE,none
2026-08-08 22:35:28,truck_001,92,3.59,0.44,OPEN,none
2026-08-08 22:35:29,truck_001,93,3.59,0.56,CLOSE,none
2026-08-08 22:35:30,truck_001,94,4.29,0.45,CLOSE,none
2026-08-08 22:35:31,truck_001,95,4.58,0.42,CLOSE,none
2026-08-08 22:35:32,truck_001,96,3.62,0.46,CLOSE,none
2026-08-08 22:35:33,truck_001,97,4.32,0.39,OPEN,none
2026-08-08 22:35:34,truck_001,98,4.09,0.47,CLOSE,none
2026-08-08 22:35:35,truck_001,99,3.61,0.47,CLOSE,none
2026-08-08 22:35:36,truck_001,100,4.08,0.45,CLOSE,none
2026-08-08 22:35:37,truck_001,101,4.13,0.43,CLOSE,none
2026-08-08 22:35:38,truck_001,102,4.48,0.43,CLOSE,none
2026-08-08 22:35:39,truck_001,103,4.03,0.37,CLOSE,none
2026-08-08 22:35:40,truck_001,104,3.64,0.43,CLOSE,none
2026-08-08 22:35:41,truck_001,105,4.27,0.42,CLOSE,none
2026-08-08 22:35:42,truck_001,106,4.78,0.45,CLOSE,none
2026-08-08 22:35:43,truck_001,107,4.07,0.56,CLOSE,none
2026-08-08 22:35:44,truck_001,108,3.71,0.42,CLOSE,none
2026-08-08 22:35:45,truck_001,109,3.99,0.42,CLOSE,none
2026-08-08 22:35:46,truck_001,110,3.99,0.46,CLOSE,none
2026-08-08 22:35:47,truck_001,111,3.63,0.39,CLOSE,none
2026-08-08 22:35:48,truck_001,112,3.73,0.48,CLOSE,none
2026-08-08 22:35:49,truck_001,113,4.65,0.38,CLOSE,none
2026-08-08 22:35:50,truck_001,114,3.27,0.42,CLOSE,none
2026-08-08 22:35:51,truck_001,115,3.7,0.41,CLOSE,none
2026-08-08 22:35:52,truck_001,116,3.56,0.31,CLOSE,none
2026-08-08 22:35:53,truck_001,117,3.41,0.28,CLOSE,none
2026-08-08 22:35:54,truck_001,118,3.98,0.42,CLOSE,none
2026-08-08 22:35:55,truck_001,119,4.0,0.34,CLOSE,none
2026-08-08 22:35:56,truck_001,120,3.6,0.38,CLOSE,none
2026-08-08 22:35:57,truck_001,121,4.3,0.46,CLOSE,none
2026-08-08 22:35:58,truck_001,122,4.26,0.41,CLOSE,none
2026-08-08 22:35:59,truck_001,123,3.96,0.5,CLOSE,none
2026-08-08 22:36:00,truck_001,124,3.51,0.43,CLOSE,none
2026-08-08 22:36:01,truck_001,125,3.31,0.4,CLOSE,none
2026-08-08 22:36:02,truck_001,126,4.04,0.39,CLOSE,none
2026-08-08 22:36:03,truck_001,127,4.14,0.44,CLOSE,none
2026-08-08 22:36:04,truck_001,128,3.44,0.37,CLOSE,none
2026-08-08 22:36:05,truck_001,129,3.47,0.45,CLOSE,none
2026-08-08 22:36:06,truck_001,130,3.83,0.56,CLOSE,none
2026-08-08 22:36:07,truck_001,131,3.69,0.51,CLOSE,none
2026-08-08 22:36:08,truck_001,132,4.03,0.47,CLOSE,none
2026-08-08 22:36:09,truck_001,133,4.36,0.43,OPEN,none
2026-08-08 22:36:10,truck_001,134,3.32,0.53,CLOSE,none
2026-08-08 22:36:11,truck_001,135,4.55,0.5,CLOSE,none
2026-08-08 22:36:12,truck_001,136,4.17,0.48,CLOSE,none
2026-08-08 22:36:13,truck_001,137,4.05,0.47,CLOSE,none
2026-08-08 22:36:14,truck_001,138,3.83,0.43,CLOSE,none
2026-08-08 22:36:15,truck_001,139,4.18,0.41,CLOSE,none
2026-08-08 22:36:16,truck_001,140,3.95,0.38,CLOSE,none
2026-08-08 22:36:17,truck_001,141,4.12,0.44,CLOSE,none
2026-08-08 22:36:18,truck_001,142,3.67,0.49,CLOSE,none
2026-08-08 22:36:19,truck_001,143,4.62,0.6,CLOSE,none
2026-08-08 22:36:20,truck_001,144,4.05,0.45,CLOSE,none
2026-08-08 22:36:21,truck_001,145,2.85,0.43,CLOSE,none
2026-08-08 22:36:22,truck_001,146,3.78,0.42,CLOSE,none
2026-08-08 22:36:23,truck_001,147,4.19,0.5,CLOSE,none
2026-08-08 22:36:24,truck_001,148,3.77,0.38,CLOSE,none
2026-08-08 22:36:25,truck_001,149,4.16,0.57,OPEN,none
2026-08-08 22:36:26,truck_001,150,3.82,0.48,CLOSE,none
2026-08-08 22:36:27,truck_001,151,3.78,0.43,CLOSE,none
2026-08-08 22:36:28,truck_001,152,4.14,0.44,CLOSE,none
2026-08-08 22:36:29,truck_001,153,4.04,0.48,CLOSE,none
2026-08-08 22:36:30,truck_001,154,4.19,0.52,CLOSE,none
2026-08-08 22:36:31,truck_001,155,3.7,0.51,CLOSE,none
2026-08-08 22:36:32,truck_001,156,4.3,0.36,CLOSE,none
2026-08-08 22:36:33,truck_001,157,4.16,0.48,CLOSE,none
2026-08-08 22:36:34,truck_001,158,4.06,0.36,CLOSE,none
2026-08-08 22:36:35,truck_001,159,3.91,0.38,CLOSE,none
2026-08-08 22:36:36,truck_001,160,4.48,0.44,CLOSE,none
2026-08-08 22:36:37,truck_001,161,3.8,0.35,CLOSE,none
2026-08-08 22:36:38,truck_001,162,3.82,0.39,CLOSE,none
2026-08-08 22:36:39,truck_001,163,3.74,0.47,CLOSE,none
2026-08-08 22:36:40,truck_001,164,4.06,0.54,CLOSE,none
2026-08-08 22:36:41,truck_001,165,4.57,0.41,OPEN,none
2026-08-08 22:36:42,truck_001,166,4.18,0.46,CLOSE,none
2026-08-08 22:36:43,truck_001,167,4.25,0.46,CLOSE,none
2026-08-08 22:36:44,truck_001,168,4.0,0.46,CLOSE,none
2026-08-08 22:36:45,truck_001,169,4.1,0.43,CLOSE,none
2026-08-08 22:36:46,truck_001,170,4.01,0.46,CLOSE,none
2026-08-08 22:36:47,truck_001,171,4.03,0.43,CLOSE,none
2026-08-08 22:36:48,truck_001,172,3.76,0.55,CLOSE,none
2026-08-08 22:36:49,truck_001,173,4.03,0.42,CLOSE,none
2026-08-08 22:36:50,truck_001,174,4.11,0.51,CLOSE,none
2026-08-08 22:36:51,truck_001,175,3.89,0.45,CLOSE,none
2026-08-08 22:36:52,truck_001,176,3.96,0.46,CLOSE,none
2026-08-08 22:36:53,truck_001,177,3.48,0.51,OPEN,none
2026-08-08 22:36:54,truck_001,178,4.32,0.46,CLOSE,none
2026-08-08 22:36:55,truck_001,179,3.68,0.49,CLOSE,none
2026-08-08 22:36:56,truck_001,180,4.03,0.51,CLOSE,none
2026-08-08 22:36:57,truck_001,181,4.5,0.49,CLOSE,none
2026-08-08 22:36:58,truck_001,182,4.28,0.49,CLOSE,none
2026-08-08 22:36:59,truck_001,183,4.0,0.43,CLOSE,none
2026-08-08 22:37:00,truck_001,184,3.85,0.51,CLOSE,none
2026-08-08 22:37:01,truck_001,185,3.76,0.45,CLOSE,none
2026-08-08 22:37:02,truck_001,186,4.76,0.44,CLOSE,none
2026-08-08 22:37:03,truck_001,187,4.0,0.42,CLOSE,none
2026-08-08 22:37:04,truck_001,188,3.86,0.38,OPEN,none
2026-08-08 22:37:05,truck_001,189,3.68,0.47,CLOSE,none
2026-08-08 22:37:06,truck_001,190,4.17,0.45,CLOSE,none
2026-08-08 22:37:07,truck_001,191,3.82,0.48,CLOSE,none
2026-08-08 22:37:08,truck_001,192,3.84,0.46,CLOSE,none
2026-08-08 22:37:09,truck_001,193,3.79,0.44,OPEN,none
2026-08-08 22:37:10,truck_001,194,4.25,0.44,CLOSE,none
2026-08-08 22:37:11,truck_001,195,3.88,0.45,CLOSE,none
2026-08-08 22:37:12,truck_001,196,4.0,0.5,CLOSE,none
2026-08-08 22:37:13,truck_001,197,3.51,0.4,CLOSE,none
2026-08-08 22:37:14,truck_001,198,4.37,0.5,CLOSE,none
2026-08-08 22:37:15,truck_001,199,3.87,0.42,CLOSE,none
2026-08-08 22:37:16,truck_001,200,3.45,0.45,CLOSE,none
2026-08-08 22:37:17,truck_001,201,3.65,0.54,CLOSE,none
2026-08-08 22:37:18,truck_001,202,4.4,0.49,CLOSE,none
2026-08-08 22:37:19,truck_001,203,3.96,0.52,CLOSE,none
2026-08-08 22:37:20,truck_001,204,4.22,0.45,CLOSE,none
2026-08-08 22:37:21,truck_001,205,4.7,0.52,CLOSE,none
2026-08-08 22:37:22,truck_001,206,4.28,0.47,CLOSE,none
2026-08-08 22:37:23,truck_001,207,4.2,0.39,CLOSE,none
2026-08-08 22:37:24,truck_001,208,4.38,0.48,CLOSE,none
2026-08-08 22:37:25,truck_001,209,4.22,0.45,CLOSE,none
2026-08-08 22:37:26,truck_001,210,4.1,0.53,CLOSE,none
2026-08-08 22:37:27,truck_001,211,4.07,0.47,CLOSE,none
2026-08-08 22:37:28,truck_001,212,4.37,0.43,CLOSE,none
2026-08-08 22:37:29,truck_001,213,4.28,0.51,CLOSE,none
2026-08-08 22:37:30,truck_001,214,3.78,0.38,OPEN,none
2026-08-08 22:37:31,truck_001,215,3.79,0.48,CLOSE,none
2026-08-08 22:37:32,truck_001,216,3.83,0.51,CLOSE,none
2026-08-08 22:37:33,truck_001,217,3.92,0.54,CLOSE,none
2026-08-08 22:37:34,truck_001,218,3.77,0.47,CLOSE,none
2026-08-08 22:37:35,truck_001,219,4.07,0.42,CLOSE,none
2026-08-08 22:37:36,truck_001,220,3.85,0.37,CLOSE,none
2026-08-08 22:37:37,truck_001,221,4.17,0.31,CLOSE,none
2026-08-08 22:37:38,truck_001,222,3.69,0.45,OPEN,none
2026-08-08 22:37:39,truck_001,223,4.15,0.41,CLOSE,none
2026-08-08 22:37:40,truck_001,224,3.5,0.39,CLOSE,none
2026-08-08 22:37:41,truck_001,225,3.92,0.41,CLOSE,none
2026-08-08 22:37:42,truck_001,226,3.92,0.53,CLOSE,none
2026-08-08 22:37:43,truck_001,227,4.37,0.51,CLOSE,none
2026-08-08 22:37:44,truck_001,228,4.56,0.45,CLOSE,none
2026-08-08 22:37:45,truck_001,229,4.29,0.43,CLOSE,none
2026-08-08 22:37:46,truck_001,230,4.12,0.41,CLOSE,none
2026-08-08 22:37:47,truck_001,231,4.05,0.48,CLOSE,none
2026-08-08 22:37:48,truck_001,232,3.59,0.36,CLOSE,none
2026-08-08 22:37:49,truck_001,233,4.38,0.46,OPEN,none
2026-08-08 22:37:50,truck_001,234,4.16,0.49,CLOSE,none
2026-08-08 22:37:51,truck_001,235,4.07,0.46,CLOSE,none
2026-08-08 22:37:52,truck_001,236,3.76,0.45,CLOSE,none
2026-08-08 22:37:53,truck_001,237,4.4,0.44,OPEN,none
2026-08-08 22:37:54,truck_001,238,4.25,0.49,CLOSE,none
2026-08-08 22:37:55,truck_001,239,4.12,0.49,CLOSE,none
2026-08-08 22:37:56,truck_001,240,4.15,0.48,CLOSE,none
2026-08-08 22:37:57,truck_001,241,3.99,0.45,CLOSE,none
2026-08-08 22:37:58,truck_001,242,3.73,0.44,CLOSE,none
2026-08-08 22:37:59,truck_001,243,3.56,0.42,OPEN,none
2026-08-08 22:38:00,truck_001,244,4.21,0.45,CLOSE,none
2026-08-08 22:38:01,truck_001,245,3.74,0.44,CLOSE,none
2026-08-08 22:38:02,truck_001,246,4.09,0.46,CLOSE,none
2026-08-08 22:38:03,truck_001,247,3.81,0.34,CLOSE,none
2026-08-08 22:38:04,truck_001,248,4.34,0.4,OPEN,none
2026-08-08 22:38:05,truck_001,249,4.28,0.4,CLOSE,none
2026-08-08 22:38:06,truck_001,250,3.96,0.43,CLOSE,none
2026-08-08 22:38:07,truck_001,251,4.36,0.48,CLOSE,none
2026-08-08 22:38:08,truck_001,252,3.49,0.45,CLOSE,none
2026-08-08 22:38:09,truck_001,253,4.45,0.51,CLOSE,none
2026-08-08 22:38:10,truck_001,254,3.92,0.48,CLOSE,none
2026-08-08 22:38:11,truck_001,255,4.56,0.43,CLOSE,none
2026-08-08 22:38:12,truck_001,256,4.04,0.42,CLOSE,none
2026-08-08 22:38:13,truck_001,257,4.31,0.43,OPEN,none
2026-08-08 22:38:14,truck_001,258,3.87,0.41,CLOSE,none
2026-08-08 22:38:15,truck_001,259,3.91,0.4,CLOSE,none
2026-08-08 22:38:16,truck_001,260,4.0,0.36,CLOSE,none
2026-08-08 22:38:17,truck_001,261,4.13,0.55,CLOSE,none
2026-08-08 22:38:18,truck_001,262,3.6,0.58,CLOSE,none
2026-08-08 22:38:19,truck_001,263,3.78,0.48,CLOSE,none
2026-08-08 22:38:20,truck_001,264,3.83,0.4,CLOSE,none
2026-08-08 22:38:21,truck_001,265,4.36,0.43,OPEN,none
2026-08-08 22:38:22,truck_001,266,3.8,0.48,CLOSE,none
2026-08-08 22:38:23,truck_001,267,3.86,0.43,CLOSE,none
2026-08-08 22:38:24,truck_001,268,3.98,0.5,CLOSE,none
2026-08-08 22:38:25,truck_001,269,3.83,0.43,OPEN,none
2026-08-08 22:38:26,truck_001,270,3.92,0.38,CLOSE,none
2026-08-08 22:38:27,truck_001,271,3.54,0.45,CLOSE,none
2026-08-08 22:38:28,truck_001,272,4.09,0.48,CLOSE,none
2026-08-08 22:38:29,truck_001,273,3.81,0.47,OPEN,none
2026-08-08 22:38:30,truck_001,274,4.16,0.45,CLOSE,none
2026-08-08 22:38:31,truck_001,275,3.74,0.46,CLOSE,none
2026-08-08 22:38:32,truck_001,276,3.78,0.49,CLOSE,none
2026-08-08 22:38:33,truck_001,277,4.0,0.52,CLOSE,none
2026-08-08 22:38:34,truck_001,278,3.86,0.44,CLOSE,none
2026-08-08 22:38:35,truck_001,279,3.59,0.59,CLOSE,none
2026-08-08 22:38:36,truck_001,280,3.63,0.49,CLOSE,none
2026-08-08 22:38:37,truck_001,281,3.85,0.42,CLOSE,none
2026-08-08 22:38:38,truck_001,282,4.62,0.43,CLOSE,none
2026-08-08 22:38:39,truck_001,283,3.94,0.43,CLOSE,none
2026-08-08 22:38:40,truck_001,284,3.93,0.4,CLOSE,none
2026-08-08 22:38:41,truck_001,285,4.57,0.5,OPEN,none
2026-08-08 22:38:42,truck_001,286,4.4,0.42,CLOSE,none
2026-08-08 22:38:43,truck_001,287,3.75,0.4,CLOSE,none
2026-08-08 22:38:44,truck_001,288,4.41,0.44,CLOSE,none
2026-08-08 22:38:45,truck_001,289,4.49,0.39,CLOSE,none
2026-08-08 22:38:46,truck_001,290,3.46,0.38,CLOSE,none
2026-08-08 22:38:47,truck_001,291,3.91,0.53,CLOSE,none
2026-08-08 22:38:48,truck_001,292,4.16,0.39,CLOSE,none
2026-08-08 22:38:49,truck_001,293,3.87,0.5,CLOSE,none
2026-08-08 22:38:50,truck_001,294,3.9,0.4,CLOSE,none
2026-08-08 22:38:51,truck_001,295,4.08,0.41,CLOSE,none
2026-08-08 22:38:52,truck_001,296,3.62,0.44,CLOSE,none
2026-08-08 22:38:53,truck_001,297,3.97,0.39,CLOSE,none
2026-08-08 22:38:54,truck_001,298,3.68,0.38,CLOSE,none
2026-08-08 22:38:55,truck_001,299,3.5,0.46,CLOSE,none
2026-08-08 22:38:56,truck_001,300,3.75,0.54,CLOSE,none
2026-08-09 19:27:36,truck_001,1,4.19,0.44,CLOSE,none
2026-08-09 19:27:37,truck_001,2,3.83,0.55,CLOSE,none
2026-08-09 19:27:38,truck_001,3,4.19,0.37,CLOSE,none
2026-08-09 19:27:39,truck_001,4,4.19,0.46,CLOSE,none
2026-08-09 19:27:40,truck_001,5,4.41,0.43,CLOSE,none
2026-08-09 19:27:41,truck_001,6,3.73,0.51,CLOSE,none
2026-08-09 19:27:42,truck_001,7,4.19,0.46,CLOSE,none
2026-08-09 19:27:43,truck_001,8,4.37,0.46,CLOSE,none
2026-08-09 19:27:44,truck_001,9,4.42,0.52,CLOSE,none
2026-08-09 19:27:45,truck_001,10,3.76,0.39,CLOSE,none
2026-08-09 19:27:46,truck_001,11,4.11,0.44,CLOSE,none
2026-08-09 19:27:47,truck_001,12,3.77,0.4,CLOSE,none
2026-08-09 19:27:48,truck_001,13,3.39,0.42,OPEN,none
2026-08-09 19:27:49,truck_001,14,3.6,0.41,CLOSE,none
2026-08-09 19:27:50,truck_001,15,4.23,0.46,CLOSE,none
2026-08-09 19:27:51,truck_001,16,3.96,0.49,CLOSE,none
2026-08-09 19:27:52,truck_001,17,4.01,0.42,OPEN,none
2026-08-09 19:27:53,truck_001,18,3.58,0.4,CLOSE,none
2026-08-09 19:27:54,truck_001,19,4.21,0.47,CLOSE,none
2026-08-09 19:27:55,truck_001,20,4.22,0.48,CLOSE,none
2026-08-09 19:27:56,truck_001,21,4.82,0.49,CLOSE,none
2026-08-09 19:27:57,truck_001,22,4.04,0.54,CLOSE,none
2026-08-09 19:27:58,truck_001,23,4.1,0.43,CLOSE,none
2026-08-09 19:27:59,truck_001,24,4.01,0.52,CLOSE,none
2026-08-09 19:28:00,truck_001,25,4.31,0.48,OPEN,none
2026-08-09 19:28:01,truck_001,26,4.39,0.53,CLOSE,none
2026-08-09 19:28:02,truck_001,27,3.89,0.39,CLOSE,none
2026-08-09 19:28:03,truck_001,28,3.45,0.39,CLOSE,none
2026-08-09 19:28:04,truck_001,29,3.99,0.41,OPEN,none
2026-08-09 19:28:05,truck_001,30,4.54,0.43,CLOSE,none
2026-08-09 19:28:06,truck_001,31,4.46,0.47,CLOSE,none
2026-08-09 19:28:07,truck_001,32,3.67,0.5,CLOSE,none
2026-08-09 19:28:08,truck_001,33,4.13,0.51,CLOSE,none
2026-08-09 19:28:09,truck_001,34,3.83,0.41,OPEN,none
2026-08-09 19:28:10,truck_001,35,3.96,0.5,CLOSE,none
2026-08-09 19:28:11,truck_001,36,3.64,0.4,CLOSE,none
2026-08-09 19:28:12,truck_001,37,4.15,0.44,CLOSE,none
2026-08-09 19:28:13,truck_001,38,3.85,0.46,CLOSE,none
2026-08-09 19:28:14,truck_001,39,4.22,0.45,CLOSE,none
2026-08-09 19:28:15,truck_001,40,4.25,0.41,CLOSE,none
2026-08-09 19:28:16,truck_001,41,4.23,0.45,CLOSE,none
2026-08-09 19:28:17,truck_001,42,4.15,0.42,CLOSE,none
2026-08-09 19:28:18,truck_001,43,4.05,0.49,CLOSE,none
2026-08-09 19:28:19,truck_001,44,3.74,0.45,CLOSE,none
2026-08-09 19:28:20,truck_001,45,3.86,0.43,CLOSE,none
2026-08-09 19:28:21,truck_001,46,4.09,0.45,CLOSE,none
2026-08-09 19:28:22,truck_001,47,3.83,0.39,CLOSE,none
2026-08-09 19:28:23,truck_001,48,3.9,0.49,CLOSE,none
2026-08-09 19:28:24,truck_001,49,4.16,0.52,OPEN,none
2026-08-09 19:28:25,truck_001,50,3.57,0.47,CLOSE,none
2026-08-09 19:28:26,truck_001,51,4.65,0.53,CLOSE,none
2026-08-09 19:28:27,truck_001,52,3.44,0.55,CLOSE,none
2026-08-09 19:28:28,truck_001,53,4.12,0.49,CLOSE,none
2026-08-09 19:28:29,truck_001,54,3.78,0.51,CLOSE,none
2026-08-09 19:28:30,truck_001,55,3.88,0.38,CLOSE,none
2026-08-09 19:28:31,truck_001,56,4.39,0.45,CLOSE,none
2026-08-09 19:28:32,truck_001,57,3.93,0.35,CLOSE,none
2026-08-09 19:28:33,truck_001,58,3.99,0.53,OPEN,none
2026-08-09 19:28:34,truck_001,59,4.16,0.53,CLOSE,none
2026-08-09 19:28:35,truck_001,60,3.73,0.44,CLOSE,none
2026-08-09 19:28:36,truck_001,61,3.78,0.34,CLOSE,none
2026-08-09 19:28:37,truck_001,62,3.99,0.41,CLOSE,none
2026-08-09 19:28:38,truck_001,63,4.23,0.39,CLOSE,none
2026-08-09 19:28:39,truck_001,64,3.88,0.38,CLOSE,none
2026-08-09 19:28:40,truck_001,65,4.1,0.35,CLOSE,none
2026-08-09 19:28:41,truck_001,66,3.94,0.41,CLOSE,none
2026-08-09 19:28:42,truck_001,67,4.22,0.42,CLOSE,none
2026-08-09 19:28:43,truck_001,68,3.49,0.48,CLOSE,none
2026-08-09 19:28:44,truck_001,69,4.7,0.62,CLOSE,none
2026-08-09 19:28:45,truck_001,70,3.39,0.45,CLOSE,none
2026-08-09 19:28:46,truck_001,71,4.22,0.52,CLOSE,none
2026-08-09 19:28:47,truck_001,72,4.42,0.45,CLOSE,none
2026-08-09 19:28:48,truck_001,73,4.04,0.41,CLOSE,none
2026-08-09 19:28:49,truck_001,74,4.36,0.39,CLOSE,none
2026-08-09 19:28:50,truck_001,75,4.5,0.38,CLOSE,none
2026-08-09 19:28:51,truck_001,76,4.17,0.44,CLOSE,none
2026-08-09 19:28:52,truck_001,77,4.16,0.47,CLOSE,none
2026-08-09 19:28:53,truck_001,78,3.96,0.52,CLOSE,none
2026-08-09 19:28:54,truck_001,79,4.58,0.44,CLOSE,none
2026-08-09 19:28:55,truck_001,80,3.86,0.43,CLOSE,none
2026-08-09 19:28:56,truck_001,81,3.9,0.44,CLOSE,none
2026-08-09 19:28:57,truck_001,82,4.35,0.38,CLOSE,none
2026-08-09 19:28:58,truck_001,83,4.13,0.39,CLOSE,none
2026-08-09 19:28:59,truck_001,84,3.88,0.38,OPEN,none
2026-08-09 19:29:00,truck_001,85,4.07,0.52,CLOSE,none
2026-08-09 19:29:01,truck_001,86,4.25,0.37,CLOSE,none
2026-08-09 19:29:02,truck_001,87,3.94,0.46,CLOSE,none
2026-08-09 19:29:03,truck_001,88,4.2,0.47,CLOSE,none
2026-08-09 19:29:04,truck_001,89,4.76,0.4,OPEN,none
2026-08-09 19:29:05,truck_001,90,3.72,0.47,CLOSE,none
2026-08-09 19:29:06,truck_001,91,4.2,0.45,CLOSE,none
2026-08-09 19:29:07,truck_001,92,3.81,0.51,CLOSE,none
2026-08-09 19:29:08,truck_001,93,4.35,0.38,CLOSE,none
2026-08-09 19:29:09,truck_001,94,3.71,0.53,OPEN,none
2026-08-09 19:29:10,truck_001,95,3.9,0.44,CLOSE,none
2026-08-09 19:29:11,truck_001,96,4.12,0.49,CLOSE,none
2026-08-09 19:29:12,truck_001,97,4.36,0.42,CLOSE,none
2026-08-09 19:29:13,truck_001,98,3.64,0.48,OPEN,none
2026-08-09 19:29:14,truck_001,99,4.18,0.52,CLOSE,none
2026-08-09 19:29:15,truck_001,100,4.36,0.46,CLOSE,none
2026-08-09 19:29:16,truck_001,101,3.4,0.46,CLOSE,none
2026-08-09 19:29:17,truck_001,102,4.22,0.48,CLOSE,none
2026-08-09 19:29:18,truck_001,103,3.87,0.5,OPEN,none
2026-08-09 19:29:19,truck_001,104,4.31,0.44,CLOSE,none
2026-08-09 19:29:20,truck_001,105,3.94,0.44,CLOSE,none
2026-08-09 19:29:21,truck_001,106,3.35,0.51,CLOSE,none
2026-08-09 19:29:22,truck_001,107,4.1,0.44,CLOSE,none
2026-08-09 19:29:23,truck_001,108,3.46,0.49,CLOSE,none
2026-08-09 19:29:24,truck_001,109,3.54,0.52,CLOSE,none
2026-08-09 19:29:25,truck_001,110,4.27,0.43,CLOSE,none
2026-08-09 19:29:26,truck_001,111,3.81,0.44,CLOSE,none
2026-08-09 19:29:27,truck_001,112,4.16,0.41,CLOSE,none
2026-08-09 19:29:28,truck_001,113,4.04,0.49,CLOSE,none
2026-08-09 19:29:29,truck_001,114,4.04,0.51,CLOSE,none
2026-08-09 19:29:30,truck_001,115,4.27,0.43,CLOSE,none
2026-08-09 19:29:31,truck_001,116,3.79,0.46,CLOSE,none
2026-08-09 19:29:32,truck_001,117,4.06,0.46,CLOSE,none
2026-08-09 19:29:33,truck_001,118,4.39,0.43,CLOSE,none
2026-08-09 19:29:34,truck_001,119,4.6,0.41,CLOSE,none
2026-08-09 19:29:35,truck_001,120,3.23,0.4,CLOSE,none
2026-08-09 19:47:26,truck_001,1,3.78,0.45,CLOSE,none
2026-08-09 19:47:27,truck_001,2,3.63,0.44,CLOSE,none
2026-08-09 19:47:28,truck_001,3,4.07,0.52,CLOSE,none
2026-08-09 19:47:29,truck_001,4,4.43,0.45,CLOSE,none
2026-08-09 19:47:30,truck_001,5,3.67,0.48,CLOSE,none
2026-08-09 19:47:31,truck_001,6,4.1,0.53,CLOSE,none
2026-08-09 19:47:32,truck_001,7,3.67,0.37,CLOSE,none
2026-08-09 19:47:33,truck_001,8,4.16,0.44,CLOSE,none
2026-08-09 19:47:34,truck_001,9,3.89,0.42,CLOSE,none
2026-08-09 19:47:35,truck_001,10,3.98,0.48,CLOSE,none
2026-08-09 19:47:36,truck_001,11,4.18,0.4,CLOSE,none
2026-08-09 19:47:37,truck_001,12,4.24,0.49,CLOSE,none
2026-08-09 19:47:38,truck_001,13,4.03,0.4,CLOSE,none
2026-08-09 19:47:39,truck_001,14,4.08,0.39,CLOSE,none
2026-08-09 19:47:40,truck_001,15,3.5,0.51,OPEN,none
2026-08-09 19:47:41,truck_001,16,4.84,0.41,CLOSE,none
2026-08-09 19:47:42,truck_001,17,4.54,0.51,CLOSE,none
2026-08-09 19:47:43,truck_001,18,3.65,0.43,CLOSE,none
2026-08-09 19:47:44,truck_001,19,3.75,0.52,CLOSE,none
2026-08-09 19:47:45,truck_001,20,3.87,0.43,CLOSE,none
2026-08-09 19:47:46,truck_001,21,3.95,0.42,CLOSE,none
2026-08-09 19:47:47,truck_001,22,4.21,0.44,CLOSE,none
2026-08-09 19:47:48,truck_001,23,3.94,0.52,OPEN,none
2026-08-09 19:47:49,truck_001,24,4.11,0.44,CLOSE,none
2026-08-09 19:47:50,truck_001,25,4.3,0.41,CLOSE,none
2026-08-09 19:47:51,truck_001,26,4.2,0.45,CLOSE,none
2026-08-09 19:47:52,truck_001,27,3.89,0.46,CLOSE,none
2026-08-09 19:47:53,truck_001,28,4.42,0.51,CLOSE,none
2026-08-09 19:47:54,truck_001,29,3.84,0.47,OPEN,none
2026-08-09 19:47:55,truck_001,30,4.33,0.47,CLOSE,none
2026-08-09 19:47:56,truck_001,31,3.83,0.45,CLOSE,none
2026-08-09 19:47:57,truck_001,32,4.3,0.46,CLOSE,none
2026-08-09 19:47:58,truck_001,33,3.72,0.33,OPEN,none
2026-08-09 19:47:59,truck_001,34,3.96,0.4,CLOSE,none
2026-08-09 19:48:00,truck_001,35,4.11,0.38,CLOSE,none
2026-08-09 19:48:01,truck_001,36,4.24,0.48,CLOSE,none
2026-08-09 19:48:02,truck_001,37,3.64,0.45,OPEN,none
2026-08-09 19:48:03,truck_001,38,3.8,0.52,CLOSE,none
2026-08-09 19:48:04,truck_001,39,4.04,0.45,CLOSE,none
2026-08-09 19:48:05,truck_001,40,3.61,0.46,CLOSE,none
2026-08-09 19:48:06,truck_001,41,4.23,0.44,CLOSE,none
2026-08-09 19:48:07,truck_001,42,4.31,0.44,CLOSE,none
2026-08-09 19:48:08,truck_001,43,4.3,0.45,CLOSE,none
2026-08-09 19:48:09,truck_001,44,3.98,0.45,CLOSE,none
2026-08-09 19:48:10,truck_001,45,4.0,0.44,CLOSE,none
2026-08-09 19:48:11,truck_001,46,4.24,0.5,CLOSE,none
2026-08-09 19:48:12,truck_001,47,4.65,0.42,CLOSE,none
2026-08-09 19:48:13,truck_001,48,4.01,0.41,CLOSE,none
2026-08-09 19:48:14,truck_001,49,4.45,0.5,CLOSE,none
2026-08-09 19:48:15,truck_001,50,3.84,0.53,OPEN,none
2026-08-09 19:48:16,truck_001,51,3.8,0.49,CLOSE,none
2026-08-09 19:48:17,truck_001,52,3.82,0.45,OPEN,none
2026-08-09 19:48:18,truck_001,53,4.19,0.42,CLOSE,none
2026-08-09 19:48:19,truck_001,54,3.65,0.42,CLOSE,none
2026-08-09 19:48:20,truck_001,55,3.81,0.46,CLOSE,none
2026-08-09 19:48:21,truck_001,56,3.98,0.43,CLOSE,none
2026-08-09 19:48:22,truck_001,57,3.73,0.53,OPEN,none
2026-08-09 19:48:23,truck_001,58,3.89,0.52,CLOSE,none
2026-08-09 19:48:24,truck_001,59,3.97,0.44,CLOSE,none
2026-08-09 19:48:25,truck_001,60,3.71,0.36,CLOSE,none
2026-08-09 19:48:26,truck_001,61,4.19,0.42,OPEN,none
2026-08-09 19:48:27,truck_001,62,3.53,0.47,CLOSE,none
2026-08-09 19:48:28,truck_001,63,4.04,0.44,CLOSE,none
2026-08-09 19:48:29,truck_001,64,4.59,0.44,CLOSE,none
2026-08-09 19:48:30,truck_001,65,3.92,0.46,CLOSE,none
2026-08-09 19:48:31,truck_001,66,3.9,0.38,CLOSE,none
2026-08-09 19:48:32,truck_001,67,3.43,0.45,CLOSE,none
2026-08-09 19:48:33,truck_001,68,4.14,0.36,CLOSE,none
2026-08-09 19:48:34,truck_001,69,4.31,0.52,CLOSE,none
2026-08-09 19:48:35,truck_001,70,4.14,0.43,CLOSE,none
2026-08-09 19:48:36,truck_001,71,3.4,0.45,CLOSE,none
2026-08-09 19:48:37,truck_001,72,4.04,0.52,OPEN,none
2026-08-09 19:48:38,truck_001,73,3.96,0.4,CLOSE,none
2026-08-09 19:48:39,truck_001,74,3.66,0.4,CLOSE,none
2026-08-09 19:48:40,truck_001,75,3.62,0.43,OPEN,none
2026-08-09 19:48:41,truck_001,76,4.2,0.48,CLOSE,none
2026-08-09 19:48:42,truck_001,77,3.8,0.47,CLOSE,none
2026-08-09 19:48:43,truck_001,78,3.95,0.39,OPEN,none
2026-08-09 19:48:44,truck_001,79,4.3,0.48,CLOSE,none
2026-08-09 19:48:45,truck_001,80,3.95,0.46,CLOSE,none
2026-08-09 19:48:46,truck_001,81,4.07,0.47,CLOSE,none
2026-08-09 19:48:47,truck_001,82,4.23,0.45,CLOSE,none
2026-08-09 19:48:48,truck_001,83,4.23,0.37,CLOSE,none
2026-08-09 19:48:49,truck_001,84,4.2,0.5,CLOSE,none
2026-08-09 19:48:50,truck_001,85,3.9,0.48,CLOSE,none
2026-08-09 19:48:51,truck_001,86,3.55,0.55,CLOSE,none
2026-08-09 19:48:52,truck_001,87,4.37,0.4,CLOSE,none
2026-08-09 19:48:53,truck_001,88,4.33,0.39,CLOSE,none
2026-08-09 19:48:54,truck_001,89,3.61,0.51,CLOSE,none
2026-08-09 19:48:55,truck_001,90,3.77,0.49,CLOSE,none
2026-08-09 19:48:56,truck_001,91,4.08,0.43,CLOSE,none
2026-08-09 19:48:57,truck_001,92,3.74,0.45,CLOSE,none
2026-08-09 19:48:58,truck_001,93,4.28,0.39,CLOSE,none
2026-08-09 19:48:59,truck_001,94,4.1,0.45,CLOSE,none
2026-08-09 19:49:00,truck_001,95,3.82,0.38,OPEN,none
2026-08-09 19:49:01,truck_001,96,3.75,0.38,CLOSE,none
2026-08-09 19:49:02,truck_001,97,3.81,0.62,CLOSE,none
2026-08-09 19:49:03,truck_001,98,3.98,0.47,CLOSE,none
2026-08-09 19:49:04,truck_001,99,3.88,0.52,CLOSE,none
2026-08-09 19:49:05,truck_001,100,4.17,0.48,CLOSE,none
2026-08-09 19:49:06,truck_001,101,4.36,0.42,CLOSE,none
2026-08-09 19:49:07,truck_001,102,3.86,0.38,CLOSE,none
2026-08-09 19:49:08,truck_001,103,4.5,0.48,CLOSE,none
2026-08-09 19:49:09,truck_001,104,3.65,0.36,CLOSE,none
2026-08-09 19:49:10,truck_001,105,4.25,0.45,CLOSE,none
2026-08-09 19:49:11,truck_001,106,3.64,0.5,CLOSE,none
2026-08-09 19:49:12,truck_001,107,4.27,0.4,OPEN,none
2026-08-09 19:49:13,truck_001,108,4.1,0.52,CLOSE,none
2026-08-09 19:49:14,truck_001,109,4.25,0.43,CLOSE,none
2026-08-09 19:49:15,truck_001,110,3.99,0.44,CLOSE,none
2026-08-09 19:49:16,truck_001,111,3.22,0.43,CLOSE,none
2026-08-09 19:49:17,truck_001,112,3.5,0.4,CLOSE,none
2026-08-09 19:49:18,truck_001,113,4.42,0.46,CLOSE,none
2026-08-09 19:49:19,truck_001,114,3.98,0.43,CLOSE,none
2026-08-09 19:49:20,truck_001,115,3.95,0.47,OPEN,none
2026-08-09 19:49:21,truck_001,116,3.82,0.39,CLOSE,none
2026-08-09 19:49:22,truck_001,117,4.06,0.5,CLOSE,none
2026-08-09 19:49:23,truck_001,118,4.2,0.51,CLOSE,none
2026-08-09 19:49:24,truck_001,119,3.81,0.42,CLOSE,none
2026-08-09 19:49:25,truck_001,120,4.15,0.38,CLOSE,none
2026-08-09 19:49:29,truck_001,1,4.06,1.17,CLOSE,combined
2026-08-09 19:49:30,truck_001,2,4.06,1.26,CLOSE,combined
2026-08-09 19:49:31,truck_001,3,4.01,0.9,CLOSE,combined
2026-08-09 19:49:32,truck_001,4,4.11,1.3,CLOSE,combined
2026-08-09 19:49:33,truck_001,5,4.0,1.31,CLOSE,combined
2026-08-09 19:49:34,truck_001,6,4.09,1.04,CLOSE,combined
2026-08-09 19:49:35,truck_001,7,4.01,1.18,CLOSE,combined
2026-08-09 19:49:36,truck_001,8,4.14,1.27,CLOSE,combined
2026-08-09 19:49:37,truck_001,9,4.13,1.0,CLOSE,combined
2026-08-09 19:49:38,truck_001,10,3.94,1.27,CLOSE,combined
2026-08-09 19:49:39,truck_001,11,4.14,1.23,CLOSE,combined
2026-08-09 19:49:40,truck_001,12,4.17,1.19,CLOSE,combined
2026-08-09 19:49:41,truck_001,13,4.09,1.12,CLOSE,combined
2026-08-09 19:49:42,truck_001,14,4.2,1.26,CLOSE,combined
2026-08-09 19:49:43,truck_001,15,4.11,1.29,CLOSE,combined
2026-08-09 19:49:44,truck_001,16,4.15,1.26,CLOSE,combined
2026-08-09 19:49:45,truck_001,17,4.19,1.52,CLOSE,combined
2026-08-09 19:49:46,truck_001,18,4.26,1.1,CLOSE,combined
2026-08-09 19:49:47,truck_001,19,4.02,1.07,CLOSE,combined
2026-08-09 19:49:48,truck_001,20,4.04,1.36,CLOSE,combined
2026-08-09 19:49:49,truck_001,21,3.9,0.96,CLOSE,combined
2026-08-09 19:49:50,truck_001,22,4.25,1.19,CLOSE,combined
2026-08-09 19:49:51,truck_001,23,4.2,1.27,CLOSE,combined
2026-08-09 19:49:52,truck_001,24,4.24,1.14,CLOSE,combined
2026-08-09 19:49:53,truck_001,25,4.24,1.03,OPEN,combined
2026-08-09 19:49:54,truck_001,26,4.26,1.47,CLOSE,combined
2026-08-09 19:49:55,truck_001,27,4.28,1.42,CLOSE,combined
2026-08-09 19:49:56,truck_001,28,4.16,1.06,CLOSE,combined
2026-08-09 19:49:57,truck_001,29,4.26,1.22,CLOSE,combined
2026-08-09 19:49:58,truck_001,30,4.27,1.13,CLOSE,combined
2026-08-09 19:49:59,truck_001,31,4.36,1.17,OPEN,combined
2026-08-09 19:50:00,truck_001,32,4.29,1.06,CLOSE,combined
2026-08-09 19:50:01,truck_001,33,4.3,1.4,CLOSE,combined
2026-08-09 19:50:02,truck_001,34,4.41,1.11,CLOSE,combined
2026-08-09 19:50:03,truck_001,35,4.22,1.3,CLOSE,combined
2026-08-09 19:50:04,truck_001,36,4.35,0.88,CLOSE,combined
2026-08-09 19:50:05,truck_001,37,4.39,1.46,OPEN,combined
2026-08-09 19:50:06,truck_001,38,4.26,1.38,CLOSE,combined
2026-08-09 19:50:07,truck_001,39,4.41,1.02,CLOSE,combined
2026-08-09 19:50:08,truck_001,40,4.26,1.29,CLOSE,combined
2026-08-09 19:50:09,truck_001,41,4.16,0.86,CLOSE,combined
2026-08-09 19:50:10,truck_001,42,4.26,1.0,CLOSE,combined
2026-08-09 19:50:11,truck_001,43,4.39,1.15,CLOSE,combined
2026-08-09 19:50:12,truck_001,44,4.36,1.1,CLOSE,combined
2026-08-09 19:50:13,truck_001,45,4.35,1.41,CLOSE,combined
2026-08-09 19:50:14,truck_001,46,4.5,1.22,CLOSE,combined
2026-08-09 19:50:15,truck_001,47,4.38,1.31,CLOSE,combined
2026-08-09 19:50:16,truck_001,48,4.34,1.23,OPEN,combined
2026-08-09 19:50:17,truck_001,49,4.43,1.17,CLOSE,combined
2026-08-09 19:50:18,truck_001,50,4.52,1.16,CLOSE,combined
2026-08-09 19:50:19,truck_001,51,4.61,1.28,CLOSE,combined
2026-08-09 19:50:20,truck_001,52,4.58,1.0,CLOSE,combined
2026-08-09 19:50:21,truck_001,53,4.36,1.18,CLOSE,combined
2026-08-09 19:50:22,truck_001,54,4.25,1.24,OPEN,combined
2026-08-09 19:50:23,truck_001,55,4.25,1.16,CLOSE,combined
2026-08-09 19:50:24,truck_001,56,4.4,1.4,CLOSE,combined
2026-08-09 19:50:25,truck_001,57,4.41,1.2,CLOSE,combined
2026-08-09 19:50:26,truck_001,58,4.35,1.04,OPEN,combined
2026-08-09 19:50:27,truck_001,59,4.5,1.34,CLOSE,combined
2026-08-09 19:50:28,truck_001,60,4.4,1.28,CLOSE,combined
2026-08-09 19:50:29,truck_001,61,4.63,1.31,CLOSE,combined
2026-08-09 19:50:30,truck_001,62,4.75,1.1,CLOSE,combined
2026-08-09 19:50:31,truck_001,63,4.39,1.04,CLOSE,combined
2026-08-09 19:50:32,truck_001,64,4.66,1.26,CLOSE,combined
2026-08-09 19:50:33,truck_001,65,4.43,1.16,CLOSE,combined
2026-08-09 19:50:34,truck_001,66,4.73,1.5,CLOSE,combined
2026-08-09 19:50:35,truck_001,67,4.54,1.13,CLOSE,combined
2026-08-09 19:50:36,truck_001,68,4.66,1.39,CLOSE,combined
2026-08-09 19:50:37,truck_001,69,4.41,1.18,CLOSE,combined
2026-08-09 19:50:38,truck_001,70,4.62,1.22,CLOSE,combined
2026-08-09 19:50:39,truck_001,71,4.34,1.02,CLOSE,combined
2026-08-09 19:50:40,truck_001,72,4.52,1.27,CLOSE,combined
2026-08-09 19:50:41,truck_001,73,4.75,1.48,CLOSE,combined
2026-08-09 19:50:42,truck_001,74,4.38,1.36,CLOSE,combined
2026-08-09 19:50:43,truck_001,75,4.65,1.29,CLOSE,combined
2026-08-09 19:50:44,truck_001,76,4.72,1.39,CLOSE,combined
2026-08-09 19:50:45,truck_001,77,4.7,1.03,CLOSE,combined
2026-08-09 19:50:46,truck_001,78,4.53,1.0,OPEN,combined
2026-08-09 19:50:47,truck_001,79,4.55,1.24,CLOSE,combined
2026-08-09 19:50:48,truck_001,80,4.55,1.23,CLOSE,combined
2026-08-09 19:50:49,truck_001,81,4.7,1.03,OPEN,combined
2026-08-09 19:50:50,truck_001,82,4.68,1.31,CLOSE,combined
2026-08-09 19:50:51,truck_001,83,4.63,1.25,CLOSE,combined
2026-08-09 19:50:52,truck_001,84,4.76,1.38,CLOSE,combined
2026-08-09 19:50:53,truck_001,85,4.69,1.23,CLOSE,combined
2026-08-09 19:50:54,truck_001,86,4.62,1.09,CLOSE,combined
2026-08-09 19:50:55,truck_001,87,4.68,1.08,CLOSE,combined
2026-08-09 19:50:56,truck_001,88,4.74,1.24,CLOSE,combined
2026-08-09 19:50:57,truck_001,89,4.76,1.37,CLOSE,combined
2026-08-09 19:50:58,truck_001,90,4.55,1.45,CLOSE,combined
2026-08-09 19:50:59,truck_001,91,4.95,0.87,CLOSE,combined
2026-08-09 19:51:00,truck_001,92,4.75,1.32,CLOSE,combined
2026-08-09 19:51:01,truck_001,93,4.72,1.26,OPEN,combined
2026-08-09 19:51:02,truck_001,94,4.65,0.85,OPEN,combined
2026-08-09 19:51:03,truck_001,95,4.9,1.36,CLOSE,combined
2026-08-09 19:51:04,truck_001,96,4.94,1.21,OPEN,combined
2026-08-09 19:51:05,truck_001,97,4.86,0.98,CLOSE,combined
2026-08-09 19:51:06,truck_001,98,4.83,1.03,CLOSE,combined
2026-08-09 19:51:07,truck_001,99,4.84,1.53,CLOSE,combined
2026-08-09 19:51:08,truck_001,100,4.81,1.35,CLOSE,combined
2026-08-09 19:51:09,truck_001,101,4.87,1.54,OPEN,combined
2026-08-09 19:51:10,truck_001,102,4.76,1.2,CLOSE,combined
2026-08-09 19:51:11,truck_001,103,4.72,1.13,CLOSE,combined
2026-08-09 19:51:12,truck_001,104,4.76,1.02,CLOSE,combined
2026-08-09 19:51:13,truck_001,105,4.73,1.17,OPEN,combined
2026-08-09 19:51:14,truck_001,106,4.77,1.04,CLOSE,combined
2026-08-09 19:51:15,truck_001,107,4.81,1.15,OPEN,combined
2026-08-09 19:51:16,truck_001,108,4.97,1.32,CLOSE,combined
2026-08-09 19:51:17,truck_001,109,4.99,1.31,OPEN,combined
2026-08-09 19:51:18,truck_001,110,4.88,1.16,CLOSE,combined
2026-08-09 19:51:19,truck_001,111,4.78,0.87,CLOSE,combined
2026-08-09 19:51:20,truck_001,112,4.95,1.16,CLOSE,combined
2026-08-09 19:51:21,truck_001,113,4.83,1.38,CLOSE,combined
2026-08-09 19:51:22,truck_001,114,4.93,1.06,OPEN,combined
2026-08-09 19:51:23,truck_001,115,4.89,1.54,CLOSE,combined
2026-08-09 19:51:24,truck_001,116,5.02,0.99,CLOSE,combined
2026-08-09 19:51:25,truck_001,117,5.19,1.3,OPEN,combined
2026-08-09 19:51:26,truck_001,118,4.84,1.22,CLOSE,combined
2026-08-09 19:51:27,truck_001,119,4.86,1.34,CLOSE,combined
2026-08-09 19:51:28,truck_001,120,5.08,0.95,CLOSE,combined
2026-08-09 19:51:34,truck_001,1,3.77,0.49,CLOSE,none
2026-08-09 19:51:35,truck_001,2,3.98,0.43,CLOSE,none
2026-08-09 19:51:36,truck_001,3,4.39,0.45,OPEN,none
2026-08-09 19:51:37,truck_001,4,3.66,0.61,CLOSE,none
2026-08-09 19:51:38,truck_001,5,3.94,0.46,CLOSE,none
2026-08-09 19:51:39,truck_001,6,4.15,0.43,CLOSE,none
2026-08-09 19:51:40,truck_001,7,4.18,0.41,CLOSE,none
2026-08-09 19:51:41,truck_001,8,4.01,0.39,CLOSE,none
2026-08-09 19:51:42,truck_001,9,3.78,0.54,CLOSE,none
2026-08-09 19:51:43,truck_001,10,3.9,0.46,CLOSE,none
2026-08-09 19:51:44,truck_001,11,4.63,0.41,CLOSE,none
2026-08-09 19:51:45,truck_001,12,4.12,0.42,CLOSE,none
2026-08-09 19:51:46,truck_001,13,3.82,0.5,CLOSE,none
2026-08-09 19:51:47,truck_001,14,3.68,0.45,CLOSE,none
2026-08-09 19:51:48,truck_001,15,4.24,0.4,CLOSE,none
2026-08-09 19:51:49,truck_001,16,4.08,0.4,CLOSE,none
2026-08-09 19:51:50,truck_001,17,3.98,0.44,CLOSE,none
2026-08-09 19:51:51,truck_001,18,4.05,0.37,CLOSE,none
2026-08-09 19:51:52,truck_001,19,3.46,0.48,CLOSE,none
2026-08-09 19:51:53,truck_001,20,3.59,0.53,CLOSE,none
2026-08-09 19:51:54,truck_001,21,4.26,0.38,CLOSE,none
2026-08-09 19:51:55,truck_001,22,4.02,0.4,CLOSE,none
2026-08-09 19:51:56,truck_001,23,4.08,0.47,CLOSE,none
2026-08-09 19:51:57,truck_001,24,4.17,0.4,CLOSE,none
2026-08-09 19:51:58,truck_001,25,3.77,0.46,OPEN,none
2026-08-09 19:51:59,truck_001,26,3.79,0.49,CLOSE,none
2026-08-09 19:52:00,truck_001,27,3.75,0.47,CLOSE,none
2026-08-09 19:52:01,truck_001,28,3.91,0.47,CLOSE,none
2026-08-09 19:52:02,truck_001,29,3.94,0.41,CLOSE,none
2026-08-09 19:52:03,truck_001,30,3.81,0.44,CLOSE,none
2026-08-09 19:52:04,truck_001,31,4.33,0.43,CLOSE,none
2026-08-09 19:52:05,truck_001,32,4.37,0.42,CLOSE,none
2026-08-09 19:52:06,truck_001,33,3.79,0.42,CLOSE,none
2026-08-09 19:52:07,truck_001,34,3.58,0.49,OPEN,none
2026-08-09 19:52:08,truck_001,35,3.79,0.42,CLOSE,none
2026-08-09 19:52:09,truck_001,36,3.92,0.48,OPEN,none
2026-08-09 19:52:10,truck_001,37,4.09,0.47,CLOSE,none
2026-08-09 19:52:11,truck_001,38,3.69,0.5,CLOSE,none
2026-08-09 19:52:12,truck_001,39,4.34,0.59,CLOSE,none
2026-08-09 19:52:13,truck_001,40,4.06,0.47,OPEN,none
2026-08-09 19:52:14,truck_001,41,4.55,0.54,CLOSE,none
2026-08-09 19:52:15,truck_001,42,4.09,0.52,CLOSE,none
2026-08-09 19:52:16,truck_001,43,4.08,0.41,CLOSE,none
2026-08-09 19:52:17,truck_001,44,4.49,0.57,CLOSE,none
2026-08-09 19:52:18,truck_001,45,3.66,0.46,CLOSE,none
2026-08-09 19:52:19,truck_001,46,4.19,0.52,CLOSE,none
2026-08-09 19:52:20,truck_001,47,4.6,0.44,CLOSE,none
2026-08-09 19:52:21,truck_001,48,3.92,0.36,OPEN,none
2026-08-09 19:52:22,truck_001,49,3.87,0.49,CLOSE,none
2026-08-09 19:52:23,truck_001,50,3.7,0.43,OPEN,none
2026-08-09 19:52:24,truck_001,51,4.25,0.4,CLOSE,none
2026-08-09 19:52:25,truck_001,52,3.99,0.52,CLOSE,none
2026-08-09 19:52:26,truck_001,53,4.28,0.48,CLOSE,none
2026-08-09 19:52:27,truck_001,54,4.04,0.43,CLOSE,none
2026-08-09 19:52:28,truck_001,55,3.68,0.45,CLOSE,none
2026-08-09 19:52:29,truck_001,56,4.02,0.42,CLOSE,none
2026-08-09 19:52:30,truck_001,57,3.96,0.48,OPEN,none
2026-08-09 19:52:31,truck_001,58,4.1,0.41,CLOSE,none
2026-08-09 19:52:32,truck_001,59,4.39,0.44,CLOSE,none
2026-08-09 19:52:33,truck_001,60,3.9,0.43,CLOSE,none
2026-08-09 19:52:34,truck_001,61,4.09,0.54,CLOSE,none
2026-08-09 19:52:35,truck_001,62,4.11,0.51,CLOSE,none
2026-08-09 19:52:36,truck_001,63,4.5,0.44,CLOSE,none
2026-08-09 19:52:37,truck_001,64,3.74,0.55,CLOSE,none
2026-08-09 19:52:38,truck_001,65,3.95,0.46,CLOSE,none
2026-08-09 19:52:39,truck_001,66,4.35,0.39,CLOSE,none
2026-08-09 19:52:40,truck_001,67,3.89,0.41,CLOSE,none
2026-08-09 19:52:41,truck_001,68,3.65,0.38,CLOSE,none
2026-08-09 19:52:42,truck_001,69,4.3,0.45,CLOSE,none
2026-08-09 19:52:43,truck_001,70,3.98,0.48,OPEN,none
2026-08-09 19:52:44,truck_001,71,3.68,0.34,CLOSE,none
2026-08-09 19:52:45,truck_001,72,4.25,0.43,CLOSE,none
2026-08-09 19:52:46,truck_001,73,3.78,0.46,CLOSE,none
2026-08-09 19:52:47,truck_001,74,3.96,0.47,CLOSE,none
2026-08-09 19:52:48,truck_001,75,3.77,0.47,CLOSE,none
2026-08-09 19:52:49,truck_001,76,3.8,0.57,CLOSE,none
2026-08-09 19:52:50,truck_001,77,4.35,0.48,CLOSE,none
2026-08-09 19:52:51,truck_001,78,3.62,0.43,CLOSE,none
2026-08-09 19:52:52,truck_001,79,4.23,0.42,CLOSE,none
2026-08-09 19:52:53,truck_001,80,3.97,0.44,CLOSE,none
2026-08-09 19:52:54,truck_001,81,3.89,0.39,OPEN,none
2026-08-09 19:52:55,truck_001,82,3.76,0.45,CLOSE,none
2026-08-09 19:52:56,truck_001,83,4.38,0.45,CLOSE,none
2026-08-09 19:52:57,truck_001,84,3.98,0.44,CLOSE,none
2026-08-09 19:52:58,truck_001,85,4.08,0.35,CLOSE,none
2026-08-09 19:52:59,truck_001,86,4.17,0.44,CLOSE,none
2026-08-09 19:53:00,truck_001,87,3.9,0.42,CLOSE,none
2026-08-09 19:53:01,truck_001,88,4.15,0.5,CLOSE,none
2026-08-09 19:53:02,truck_001,89,3.98,0.47,CLOSE,none
2026-08-09 19:53:03,truck_001,90,3.68,0.37,OPEN,none
2026-08-09 19:53:04,truck_001,91,4.37,0.49,CLOSE,none
2026-08-09 19:53:05,truck_001,92,3.91,0.46,CLOSE,none
2026-08-09 19:53:06,truck_001,93,3.78,0.48,CLOSE,none
2026-08-09 19:53:07,truck_001,94,3.81,0.42,CLOSE,none
2026-08-09 19:53:08,truck_001,95,4.37,0.36,CLOSE,none
2026-08-09 19:53:09,truck_001,96,4.0,0.54,CLOSE,none
2026-08-09 19:53:10,truck_001,97,3.88,0.48,CLOSE,none
2026-08-09 19:53:11,truck_001,98,4.09,0.46,CLOSE,none
2026-08-09 19:53:12,truck_001,99,3.73,0.48,CLOSE,none
2026-08-09 19:53:13,truck_001,100,3.79,0.53,CLOSE,none
2026-08-09 19:53:14,truck_001,101,4.11,0.52,CLOSE,none
2026-08-09 19:53:15,truck_001,102,3.88,0.47,CLOSE,none
2026-08-09 19:53:16,truck_001,103,4.06,0.39,CLOSE,none
2026-08-09 19:53:17,truck_001,104,3.75,0.37,CLOSE,none
2026-08-09 19:53:18,truck_001,105,3.88,0.43,CLOSE,none
2026-08-09 19:53:19,truck_001,106,4.46,0.49,CLOSE,none
2026-08-09 19:53:20,truck_001,107,4.15,0.41,CLOSE,none
2026-08-09 19:53:21,truck_001,108,3.78,0.53,CLOSE,none
2026-08-09 19:53:22,truck_001,109,3.89,0.41,CLOSE,none
2026-08-09 19:53:23,truck_001,110,4.12,0.4,CLOSE,none
2026-08-09 19:53:24,truck_001,111,4.27,0.4,CLOSE,none
2026-08-09 19:53:25,truck_001,112,4.03,0.44,OPEN,none
2026-08-09 19:53:26,truck_001,113,4.0,0.44,CLOSE,none
2026-08-09 19:53:27,truck_001,114,4.11,0.44,CLOSE,none
2026-08-09 19:53:28,truck_001,115,3.98,0.42,CLOSE,none
2026-08-09 19:53:29,truck_001,116,3.79,0.5,CLOSE,none
2026-08-09 19:53:30,truck_001,117,4.34,0.46,CLOSE,none
2026-08-09 19:53:31,truck_001,118,4.22,0.42,CLOSE,none
2026-08-09 19:53:32,truck_001,119,4.28,0.51,CLOSE,none
2026-08-09 19:53:33,truck_001,120,3.73,0.49,CLOSE,none
2026-08-09 19:53:34,truck_001,121,4.13,0.46,CLOSE,none
2026-08-09 19:53:35,truck_001,122,4.08,0.41,CLOSE,none
2026-08-09 19:53:36,truck_001,123,4.17,0.44,CLOSE,none
2026-08-09 19:53:37,truck_001,124,4.56,0.54,CLOSE,none
2026-08-09 19:53:38,truck_001,125,4.06,0.49,CLOSE,none
2026-08-09 19:53:39,truck_001,126,4.6,0.43,CLOSE,none
2026-08-09 19:53:40,truck_001,127,3.77,0.43,CLOSE,none
2026-08-09 19:53:41,truck_001,128,3.65,0.45,CLOSE,none
2026-08-09 19:53:42,truck_001,129,3.69,0.46,CLOSE,none
2026-08-09 19:53:43,truck_001,130,3.53,0.46,CLOSE,none
2026-08-09 19:53:44,truck_001,131,4.32,0.4,CLOSE,none
2026-08-09 19:53:45,truck_001,132,4.19,0.38,CLOSE,none
2026-08-09 19:53:46,truck_001,133,3.96,0.45,CLOSE,none
2026-08-09 19:53:47,truck_001,134,4.05,0.4,CLOSE,none
2026-08-09 19:53:48,truck_001,135,4.12,0.47,OPEN,none
2026-08-09 19:53:49,truck_001,136,3.83,0.54,CLOSE,none
2026-08-09 19:53:50,truck_001,137,4.02,0.46,CLOSE,none
2026-08-09 19:53:51,truck_001,138,4.14,0.4,CLOSE,none
2026-08-09 19:53:52,truck_001,139,4.19,0.45,CLOSE,none
2026-08-09 19:53:53,truck_001,140,4.4,0.49,CLOSE,none
2026-08-09 19:53:54,truck_001,141,4.09,0.51,CLOSE,none
2026-08-09 19:53:55,truck_001,142,3.72,0.39,CLOSE,none
2026-08-09 19:53:56,truck_001,143,4.01,0.41,CLOSE,none
2026-08-09 19:53:57,truck_001,144,3.85,0.4,CLOSE,none
2026-08-09 19:53:58,truck_001,145,3.51,0.44,CLOSE,none
2026-08-09 19:53:59,truck_001,146,4.38,0.5,CLOSE,none
2026-08-09 19:54:00,truck_001,147,3.87,0.48,CLOSE,none
2026-08-09 19:54:01,truck_001,148,3.85,0.48,CLOSE,none
2026-08-09 19:54:02,truck_001,149,3.79,0.42,CLOSE,none
2026-08-09 19:54:03,truck_001,150,4.42,0.37,CLOSE,none
2026-08-09 19:54:04,truck_001,151,4.01,0.37,CLOSE,none
2026-08-09 19:54:05,truck_001,152,4.13,0.42,OPEN,none
2026-08-09 19:54:06,truck_001,153,4.55,0.48,CLOSE,none
2026-08-09 19:54:07,truck_001,154,4.47,0.5,CLOSE,none
2026-08-09 19:54:08,truck_001,155,4.5,0.44,CLOSE,none
2026-08-09 19:54:09,truck_001,156,4.07,0.48,OPEN,none
2026-08-09 19:54:10,truck_001,157,3.53,0.44,CLOSE,none
2026-08-09 19:54:11,truck_001,158,4.42,0.4,CLOSE,none
2026-08-09 19:54:12,truck_001,159,3.77,0.51,CLOSE,none
2026-08-09 19:54:13,truck_001,160,4.16,0.48,CLOSE,none
2026-08-09 19:54:14,truck_001,161,4.32,0.43,CLOSE,none
2026-08-09 19:54:15,truck_001,162,4.51,0.49,CLOSE,none
2026-08-09 19:54:16,truck_001,163,4.08,0.5,CLOSE,none
2026-08-09 19:54:17,truck_001,164,4.13,0.3,CLOSE,none
2026-08-09 19:54:18,truck_001,165,3.43,0.48,CLOSE,none
2026-08-09 19:54:19,truck_001,166,3.83,0.44,OPEN,none
2026-08-09 19:54:20,truck_001,167,3.79,0.35,CLOSE,none
2026-08-09 19:54:21,truck_001,168,4.24,0.44,CLOSE,none
2026-08-09 19:54:22,truck_001,169,3.38,0.49,CLOSE,none
2026-08-09 19:54:23,truck_001,170,3.77,0.29,CLOSE,none
2026-08-09 19:54:24,truck_001,171,3.77,0.46,CLOSE,none
2026-08-09 19:54:25,truck_001,172,3.87,0.44,CLOSE,none
2026-08-09 19:54:26,truck_001,173,4.11,0.4,OPEN,none
2026-08-09 19:54:27,truck_001,174,3.61,0.44,CLOSE,none
2026-08-09 19:54:28,truck_001,175,3.61,0.5,CLOSE,none
2026-08-09 19:54:29,truck_001,176,4.26,0.44,CLOSE,none
2026-08-09 19:54:30,truck_001,177,4.05,0.5,CLOSE,none
2026-08-09 19:54:31,truck_001,178,4.32,0.43,CLOSE,none
2026-08-09 19:54:32,truck_001,179,3.76,0.48,CLOSE,none
2026-08-09 19:54:33,truck_001,180,4.0,0.41,CLOSE,none
2026-08-09 19:54:34,truck_001,181,3.96,0.41,CLOSE,none
2026-08-09 19:54:35,truck_001,182,4.16,0.51,CLOSE,none
2026-08-09 19:54:36,truck_001,183,3.77,0.44,CLOSE,none
2026-08-09 19:54:37,truck_001,184,4.32,0.49,CLOSE,none
2026-08-09 19:54:38,truck_001,185,3.91,0.48,CLOSE,none
2026-08-09 19:54:39,truck_001,186,3.65,0.5,CLOSE,none
2026-08-09 19:54:40,truck_001,187,4.11,0.48,CLOSE,none
2026-08-09 19:54:41,truck_001,188,3.65,0.51,CLOSE,none
2026-08-09 19:54:42,truck_001,189,4.14,0.4,CLOSE,none
2026-08-09 19:54:43,truck_001,190,4.34,0.47,CLOSE,none
2026-08-09 19:54:44,truck_001,191,4.45,0.42,CLOSE,none
2026-08-09 19:54:45,truck_001,192,4.29,0.44,CLOSE,none
2026-08-09 19:54:46,truck_001,193,3.89,0.46,CLOSE,none
2026-08-09 19:54:47,truck_001,194,4.09,0.48,CLOSE,none
2026-08-09 19:54:48,truck_001,195,4.09,0.43,CLOSE,none
2026-08-09 19:54:49,truck_001,196,3.99,0.46,CLOSE,none
2026-08-09 19:54:50,truck_001,197,4.37,0.49,CLOSE,none
2026-08-09 19:54:51,truck_001,198,4.54,0.47,CLOSE,none
2026-08-09 19:54:52,truck_001,199,4.02,0.52,OPEN,none
2026-08-09 19:54:53,truck_001,200,4.1,0.6,CLOSE,none
2026-08-09 19:54:54,truck_001,201,4.19,0.43,OPEN,none
2026-08-09 19:54:55,truck_001,202,4.02,0.49,CLOSE,none
2026-08-09 19:54:56,truck_001,203,3.76,0.41,CLOSE,none
2026-08-09 19:54:57,truck_001,204,4.46,0.44,CLOSE,none
2026-08-09 19:54:58,truck_001,205,3.94,0.47,CLOSE,none
2026-08-09 19:54:59,truck_001,206,4.14,0.46,CLOSE,none
2026-08-09 19:55:00,truck_001,207,3.99,0.39,CLOSE,none
2026-08-09 19:55:01,truck_001,208,4.52,0.46,CLOSE,none
2026-08-09 19:55:02,truck_001,209,4.42,0.51,CLOSE,none
2026-08-09 19:55:03,truck_001,210,3.87,0.38,CLOSE,none
2026-08-09 19:55:04,truck_001,211,3.81,0.43,CLOSE,none
2026-08-09 19:55:05,truck_001,212,3.77,0.48,CLOSE,none
2026-08-09 19:55:06,truck_001,213,3.66,0.37,CLOSE,none
2026-08-09 19:55:07,truck_001,214,3.92,0.45,OPEN,none
2026-08-09 19:55:08,truck_001,215,3.91,0.5,CLOSE,none
2026-08-09 19:55:09,truck_001,216,4.11,0.51,CLOSE,none
2026-08-09 19:55:10,truck_001,217,3.81,0.44,CLOSE,none
2026-08-09 19:55:11,truck_001,218,3.77,0.5,OPEN,none
2026-08-09 19:55:12,truck_001,219,4.31,0.36,CLOSE,none
2026-08-09 19:55:13,truck_001,220,4.02,0.5,CLOSE,none
2026-08-09 19:55:14,truck_001,221,4.42,0.48,CLOSE,none
2026-08-09 19:55:15,truck_001,222,3.72,0.47,CLOSE,none
2026-08-09 19:55:16,truck_001,223,4.69,0.5,CLOSE,none
2026-08-09 19:55:17,truck_001,224,3.88,0.43,CLOSE,none
2026-08-09 19:55:18,truck_001,225,4.12,0.44,CLOSE,none
2026-08-09 19:55:19,truck_001,226,4.16,0.47,CLOSE,none
2026-08-09 19:55:20,truck_001,227,4.16,0.43,CLOSE,none
2026-08-09 19:55:21,truck_001,228,4.16,0.48,CLOSE,none
2026-08-09 19:55:22,truck_001,229,4.22,0.46,CLOSE,none
2026-08-09 19:55:23,truck_001,230,4.42,0.39,CLOSE,none
2026-08-09 19:55:24,truck_001,231,3.37,0.44,CLOSE,none
2026-08-09 19:55:25,truck_001,232,3.81,0.5,CLOSE,none
2026-08-09 19:55:26,truck_001,233,4.03,0.47,CLOSE,none
2026-08-09 19:55:27,truck_001,234,3.6,0.46,CLOSE,none
2026-08-09 19:55:28,truck_001,235,3.85,0.42,CLOSE,none
2026-08-09 19:55:29,truck_001,236,4.09,0.38,CLOSE,none
2026-08-09 19:55:30,truck_001,237,4.0,0.47,CLOSE,none
2026-08-09 19:55:31,truck_001,238,4.07,0.41,CLOSE,none
2026-08-09 19:55:32,truck_001,239,4.18,0.5,CLOSE,none
2026-08-09 19:55:33,truck_001,240,3.57,0.45,CLOSE,none
2026-08-09 19:55:34,truck_001,241,4.01,0.39,OPEN,none
2026-08-09 19:55:35,truck_001,242,3.85,0.45,CLOSE,none
2026-08-09 19:55:36,truck_001,243,4.13,0.45,CLOSE,none
2026-08-09 19:55:37,truck_001,244,4.29,0.45,CLOSE,none
2026-08-09 19:55:38,truck_001,245,3.82,0.45,OPEN,none
2026-08-09 19:55:39,truck_001,246,3.84,0.45,CLOSE,none
2026-08-09 19:55:40,truck_001,247,3.99,0.47,CLOSE,none
2026-08-09 19:55:41,truck_001,248,3.95,0.43,CLOSE,none
2026-08-09 19:55:42,truck_001,249,3.98,0.45,CLOSE,none
2026-08-09 19:55:43,truck_001,250,3.6,0.47,CLOSE,none
2026-08-09 19:55:44,truck_001,251,4.07,0.39,CLOSE,none
2026-08-09 19:55:45,truck_001,252,3.73,0.52,CLOSE,none
2026-08-09 19:55:46,truck_001,253,4.3,0.39,CLOSE,none
2026-08-09 19:55:47,truck_001,254,3.71,0.46,CLOSE,none
2026-08-09 19:55:48,truck_001,255,4.04,0.44,CLOSE,none
2026-08-09 19:55:49,truck_001,256,3.93,0.55,CLOSE,none
2026-08-09 19:55:50,truck_001,257,4.32,0.5,CLOSE,none
2026-08-09 19:55:51,truck_001,258,3.56,0.41,CLOSE,none
2026-08-09 19:55:52,truck_001,259,4.01,0.37,CLOSE,none
2026-08-09 19:55:53,truck_001,260,4.1,0.47,CLOSE,none
2026-08-09 19:55:54,truck_001,261,4.04,0.42,CLOSE,none
2026-08-09 19:55:55,truck_001,262,3.83,0.43,CLOSE,none
2026-08-09 19:55:56,truck_001,263,3.67,0.42,CLOSE,none
2026-08-09 19:55:57,truck_001,264,4.13,0.43,CLOSE,none
2026-08-09 19:55:58,truck_001,265,4.33,0.51,CLOSE,none
2026-08-09 19:55:59,truck_001,266,4.05,0.51,CLOSE,none
2026-08-09 19:56:00,truck_001,267,4.09,0.44,CLOSE,none
2026-08-09 19:56:01,truck_001,268,3.63,0.41,CLOSE,none
2026-08-09 19:56:02,truck_001,269,3.32,0.42,OPEN,none
2026-08-09 19:56:03,truck_001,270,4.22,0.52,CLOSE,none
2026-08-09 19:56:04,truck_001,271,4.21,0.41,OPEN,none
2026-08-09 19:56:05,truck_001,272,3.79,0.41,CLOSE,none
2026-08-09 19:56:06,truck_001,273,4.45,0.4,CLOSE,none
2026-08-09 19:56:07,truck_001,274,3.43,0.48,CLOSE,none
2026-08-09 19:56:08,truck_001,275,4.06,0.51,CLOSE,none
2026-08-09 19:56:09,truck_001,276,3.92,0.48,CLOSE,none
2026-08-09 19:56:10,truck_001,277,4.23,0.43,OPEN,none
2026-08-09 19:56:11,truck_001,278,4.44,0.49,CLOSE,none
2026-08-09 19:56:12,truck_001,279,4.05,0.44,CLOSE,none
2026-08-09 19:56:13,truck_001,280,4.22,0.38,CLOSE,none
2026-08-09 19:56:14,truck_001,281,4.08,0.44,CLOSE,none
2026-08-09 19:56:15,truck_001,282,3.89,0.42,OPEN,none
2026-08-09 19:56:16,truck_001,283,3.58,0.41,OPEN,none
2026-08-09 19:56:17,truck_001,284,3.51,0.42,CLOSE,none
2026-08-09 19:56:18,truck_001,285,3.8,0.46,CLOSE,none
2026-08-09 19:56:19,truck_001,286,4.08,0.36,CLOSE,none
2026-08-09 19:56:20,truck_001,287,3.74,0.46,OPEN,none
2026-08-09 19:56:21,truck_001,288,4.14,0.37,CLOSE,none
2026-08-09 19:56:22,truck_001,289,4.03,0.46,CLOSE,none
2026-08-09 19:56:23,truck_001,290,4.08,0.49,CLOSE,none
2026-08-09 19:56:24,truck_001,291,3.78,0.49,CLOSE,none
2026-08-09 19:56:25,truck_001,292,4.23,0.47,CLOSE,none
2026-08-09 19:56:26,truck_001,293,3.65,0.38,OPEN,none
2026-08-09 19:56:27,truck_001,294,3.81,0.49,CLOSE,none
2026-08-09 19:56:28,truck_001,295,3.84,0.49,CLOSE,none
2026-08-09 19:56:29,truck_001,296,4.16,0.35,CLOSE,none
2026-08-09 19:56:30,truck_001,297,3.81,0.48,OPEN,none
2026-08-09 19:56:31,truck_001,298,4.0,0.47,CLOSE,none
2026-08-09 19:56:32,truck_001,299,3.75,0.46,CLOSE,none
2026-08-09 19:56:33,truck_001,300,4.16,0.51,CLOSE,none
2026-08-09 20:00:09,truck_001,1,4.21,0.57,CLOSE,none
2026-08-09 20:00:10,truck_001,2,3.77,0.38,CLOSE,none
2026-08-09 20:00:11,truck_001,3,3.7,0.48,CLOSE,none
2026-08-09 20:00:12,truck_001,4,4.1,0.45,CLOSE,none
2026-08-09 20:00:13,truck_001,5,3.99,0.4,CLOSE,none
2026-08-09 20:00:14,truck_001,6,3.75,0.5,CLOSE,none
2026-08-09 20:00:15,truck_001,7,4.44,0.49,CLOSE,none
2026-08-09 20:00:16,truck_001,8,4.22,0.42,OPEN,none
2026-08-09 20:00:17,truck_001,9,4.2,0.43,OPEN,none
2026-08-09 20:00:18,truck_001,10,4.05,0.42,CLOSE,none
2026-08-09 20:00:19,truck_001,11,4.04,0.44,CLOSE,none
2026-08-09 20:00:20,truck_001,12,4.32,0.47,CLOSE,none
2026-08-09 20:00:21,truck_001,13,4.27,0.48,CLOSE,none
2026-08-09 20:00:22,truck_001,14,3.8,0.48,CLOSE,none
2026-08-09 20:00:23,truck_001,15,3.9,0.46,CLOSE,none
2026-08-09 20:00:24,truck_001,16,4.23,0.4,CLOSE,none
2026-08-09 20:00:25,truck_001,17,4.06,0.42,CLOSE,none
2026-08-09 20:00:26,truck_001,18,4.11,0.43,CLOSE,none
2026-08-09 20:00:27,truck_001,19,4.03,0.4,CLOSE,none
2026-08-09 20:00:28,truck_001,20,3.99,0.46,CLOSE,none
2026-08-09 20:00:29,truck_001,21,4.38,0.55,CLOSE,none
2026-08-09 20:00:30,truck_001,22,4.25,0.47,OPEN,none
2026-08-09 20:00:31,truck_001,23,4.5,0.46,CLOSE,none
2026-08-09 20:00:32,truck_001,24,3.51,0.51,OPEN,none
2026-08-09 20:00:33,truck_001,25,4.12,0.4,OPEN,none
2026-08-09 20:00:34,truck_001,26,4.36,0.42,CLOSE,none
2026-08-09 20:00:35,truck_001,27,3.98,0.43,CLOSE,none
2026-08-09 20:00:36,truck_001,28,3.55,0.36,CLOSE,none
2026-08-09 20:00:37,truck_001,29,3.48,0.46,CLOSE,none
2026-08-09 20:00:38,truck_001,30,4.36,0.3,CLOSE,none
2026-08-09 20:00:39,truck_001,31,3.79,0.49,CLOSE,none
2026-08-09 20:00:40,truck_001,32,3.64,0.37,CLOSE,none
2026-08-09 20:00:41,truck_001,33,4.16,0.37,CLOSE,none
2026-08-09 20:00:42,truck_001,34,4.47,0.4,CLOSE,none
2026-08-09 20:00:43,truck_001,35,3.91,0.44,CLOSE,none
2026-08-09 20:00:44,truck_001,36,3.7,0.45,CLOSE,none
2026-08-09 20:00:45,truck_001,37,4.17,0.51,CLOSE,none
2026-08-09 20:00:46,truck_001,38,4.19,0.43,CLOSE,none
2026-08-09 20:00:47,truck_001,39,3.86,0.53,CLOSE,none
2026-08-09 20:00:48,truck_001,40,3.95,0.53,CLOSE,none
2026-08-09 20:00:49,truck_001,41,3.47,0.47,OPEN,none
2026-08-09 20:00:50,truck_001,42,3.73,0.48,CLOSE,none
2026-08-09 20:00:51,truck_001,43,4.34,0.5,CLOSE,none
2026-08-09 20:00:52,truck_001,44,3.98,0.47,CLOSE,none
2026-08-09 20:00:53,truck_001,45,4.12,0.38,CLOSE,none
2026-08-09 20:00:54,truck_001,46,4.24,0.41,CLOSE,none
2026-08-09 20:00:55,truck_001,47,3.95,0.47,CLOSE,none
2026-08-09 20:00:56,truck_001,48,4.08,0.52,CLOSE,none
2026-08-09 20:00:57,truck_001,49,3.78,0.59,CLOSE,none
2026-08-09 20:00:58,truck_001,50,4.03,0.54,CLOSE,none
2026-08-09 20:00:59,truck_001,51,3.75,0.36,CLOSE,none
2026-08-09 20:01:00,truck_001,52,4.16,0.43,CLOSE,none
2026-08-09 20:01:01,truck_001,53,3.54,0.42,CLOSE,none
2026-08-09 20:01:02,truck_001,54,4.58,0.4,CLOSE,none
2026-08-09 20:01:03,truck_001,55,4.05,0.46,CLOSE,none
2026-08-09 20:01:04,truck_001,56,4.16,0.39,CLOSE,none
2026-08-09 20:01:05,truck_001,57,3.99,0.45,CLOSE,none
2026-08-09 20:01:06,truck_001,58,4.59,0.47,CLOSE,none
2026-08-09 20:01:07,truck_001,59,4.81,0.48,CLOSE,none
2026-08-09 20:01:08,truck_001,60,4.08,0.42,OPEN,none
2026-08-09 20:01:09,truck_001,61,4.12,0.4,CLOSE,none
2026-08-09 20:01:10,truck_001,62,4.72,0.51,CLOSE,none
2026-08-09 20:01:11,truck_001,63,3.77,0.43,CLOSE,none
2026-08-09 20:01:12,truck_001,64,4.51,0.46,CLOSE,none
2026-08-09 20:01:13,truck_001,65,4.21,0.39,CLOSE,none
2026-08-09 20:01:14,truck_001,66,4.03,0.36,CLOSE,none
2026-08-09 20:01:15,truck_001,67,4.05,0.44,CLOSE,none
2026-08-09 20:01:16,truck_001,68,4.14,0.43,CLOSE,none
2026-08-09 20:01:17,truck_001,69,4.52,0.43,CLOSE,none
2026-08-09 20:01:18,truck_001,70,4.08,0.43,CLOSE,none
2026-08-09 20:01:19,truck_001,71,4.41,0.48,CLOSE,none
2026-08-09 20:01:20,truck_001,72,4.14,0.5,CLOSE,none
2026-08-09 20:01:21,truck_001,73,4.1,0.41,CLOSE,none
2026-08-09 20:01:22,truck_001,74,4.03,0.41,CLOSE,none
2026-08-09 20:01:23,truck_001,75,3.75,0.53,CLOSE,none
2026-08-09 20:01:24,truck_001,76,4.09,0.47,CLOSE,none
2026-08-09 20:01:25,truck_001,77,3.75,0.5,CLOSE,none
2026-08-09 20:01:26,truck_001,78,3.83,0.47,CLOSE,none
2026-08-09 20:01:27,truck_001,79,4.54,0.38,CLOSE,none
2026-08-09 20:01:28,truck_001,80,4.12,0.5,CLOSE,none
2026-08-09 20:01:29,truck_001,81,3.81,0.46,CLOSE,none
2026-08-09 20:01:30,truck_001,82,4.51,0.51,CLOSE,none
2026-08-09 20:01:31,truck_001,83,3.65,0.38,CLOSE,none
2026-08-09 20:01:32,truck_001,84,4.24,0.48,CLOSE,none
2026-08-09 20:01:33,truck_001,85,3.34,0.43,CLOSE,none
2026-08-09 20:01:34,truck_001,86,3.99,0.47,CLOSE,none
2026-08-09 20:01:35,truck_001,87,3.84,0.43,CLOSE,none
2026-08-09 20:01:36,truck_001,88,3.56,0.43,CLOSE,none
2026-08-09 20:01:37,truck_001,89,4.3,0.42,CLOSE,none
2026-08-09 20:01:38,truck_001,90,3.88,0.43,CLOSE,none
2026-08-09 20:01:39,truck_001,91,4.08,0.43,CLOSE,none
2026-08-09 20:01:40,truck_001,92,3.81,0.47,CLOSE,none
2026-08-09 20:01:41,truck_001,93,4.16,0.49,CLOSE,none
2026-08-09 20:01:42,truck_001,94,3.91,0.45,OPEN,none
2026-08-09 20:01:43,truck_001,95,4.37,0.43,CLOSE,none
2026-08-09 20:01:44,truck_001,96,3.68,0.33,CLOSE,none
2026-08-09 20:01:45,truck_001,97,4.1,0.34,CLOSE,none
2026-08-09 20:01:46,truck_001,98,4.25,0.38,CLOSE,none
2026-08-09 20:01:47,truck_001,99,4.39,0.52,CLOSE,none
2026-08-09 20:01:48,truck_001,100,4.11,0.46,CLOSE,none
2026-08-09 20:01:49,truck_001,101,4.23,0.46,CLOSE,none
2026-08-09 20:01:50,truck_001,102,3.56,0.51,CLOSE,none
2026-08-09 20:01:51,truck_001,103,4.12,0.4,CLOSE,none
2026-08-09 20:01:52,truck_001,104,3.72,0.46,CLOSE,none
2026-08-09 20:01:53,truck_001,105,4.18,0.57,CLOSE,none
2026-08-09 20:01:54,truck_001,106,4.02,0.44,CLOSE,none
2026-08-09 20:01:55,truck_001,107,4.46,0.41,CLOSE,none
2026-08-09 20:01:56,truck_001,108,4.05,0.45,CLOSE,none
2026-08-09 20:01:57,truck_001,109,4.29,0.4,CLOSE,none
2026-08-09 20:01:58,truck_001,110,4.22,0.48,OPEN,none
2026-08-09 20:01:59,truck_001,111,3.78,0.49,OPEN,none
2026-08-09 20:02:00,truck_001,112,4.2,0.47,CLOSE,none
2026-08-09 20:02:01,truck_001,113,4.24,0.48,OPEN,none
2026-08-09 20:02:02,truck_001,114,3.59,0.52,CLOSE,none
2026-08-09 20:02:03,truck_001,115,4.22,0.47,CLOSE,none
2026-08-09 20:02:04,truck_001,116,3.7,0.42,CLOSE,none
2026-08-09 20:02:05,truck_001,117,4.29,0.5,CLOSE,none
2026-08-09 20:02:06,truck_001,118,4.24,0.47,CLOSE,none
2026-08-09 20:02:07,truck_001,119,3.85,0.38,CLOSE,none
2026-08-09 20:02:08,truck_001,120,4.13,0.41,CLOSE,none
2026-08-09 20:10:33,truck_001,1,4.41,0.46,CLOSE,none
2026-08-09 20:10:34,truck_001,2,3.39,0.5,CLOSE,none
2026-08-09 20:10:35,truck_001,3,4.37,0.43,OPEN,none
2026-08-09 20:10:36,truck_001,4,3.57,0.45,CLOSE,none
2026-08-09 20:10:37,truck_001,5,3.91,0.31,CLOSE,none
2026-08-09 20:10:38,truck_001,6,4.15,0.39,CLOSE,none
2026-08-09 20:10:39,truck_001,7,4.02,0.36,OPEN,none
2026-08-09 20:10:40,truck_001,8,4.54,0.5,CLOSE,none
2026-08-09 20:10:41,truck_001,9,4.29,0.48,CLOSE,none
2026-08-09 20:10:42,truck_001,10,4.03,0.43,CLOSE,none
2026-08-09 20:10:43,truck_001,11,4.07,0.44,CLOSE,none
2026-08-09 20:10:44,truck_001,12,4.41,0.38,OPEN,none
2026-08-09 20:10:45,truck_001,13,3.98,0.43,CLOSE,none
2026-08-09 20:10:46,truck_001,14,4.34,0.46,CLOSE,none
2026-08-09 20:10:47,truck_001,15,4.31,0.37,CLOSE,none
2026-08-09 20:10:48,truck_001,16,3.82,0.5,CLOSE,none
2026-08-09 20:10:49,truck_001,17,4.18,0.35,CLOSE,none
2026-08-09 20:10:50,truck_001,18,4.18,0.39,CLOSE,none
2026-08-09 20:10:51,truck_001,19,3.78,0.41,CLOSE,none
2026-08-09 20:10:52,truck_001,20,4.5,0.33,CLOSE,none
2026-08-09 20:10:53,truck_001,21,3.79,0.4,CLOSE,none
2026-08-09 20:10:54,truck_001,22,4.13,0.44,OPEN,none
2026-08-09 20:10:55,truck_001,23,4.23,0.41,CLOSE,none
2026-08-09 20:10:56,truck_001,24,4.09,0.44,CLOSE,none
2026-08-09 20:10:57,truck_001,25,4.13,0.52,CLOSE,none
2026-08-09 20:10:58,truck_001,26,3.97,0.53,CLOSE,none
2026-08-09 20:10:59,truck_001,27,3.85,0.46,CLOSE,none
2026-08-09 20:11:00,truck_001,28,3.68,0.44,CLOSE,none
2026-08-09 20:11:01,truck_001,29,3.94,0.41,CLOSE,none
2026-08-09 20:11:02,truck_001,30,3.72,0.36,CLOSE,none
2026-08-09 20:11:03,truck_001,31,4.5,0.49,OPEN,none
2026-08-09 20:11:04,truck_001,32,4.41,0.42,CLOSE,none
2026-08-09 20:11:05,truck_001,33,4.37,0.51,CLOSE,none
2026-08-09 20:11:06,truck_001,34,3.88,0.32,CLOSE,none
2026-08-09 20:11:07,truck_001,35,4.28,0.42,CLOSE,none
2026-08-09 20:11:08,truck_001,36,4.18,0.45,CLOSE,none
2026-08-09 20:11:09,truck_001,37,3.59,0.41,CLOSE,none
2026-08-09 20:11:10,truck_001,38,4.23,0.53,CLOSE,none
2026-08-09 20:11:11,truck_001,39,4.04,0.4,CLOSE,none
2026-08-09 20:11:12,truck_001,40,4.08,0.52,CLOSE,none
2026-08-09 20:11:13,truck_001,41,3.73,0.45,CLOSE,none
2026-08-09 20:11:14,truck_001,42,3.84,0.43,OPEN,none
2026-08-09 20:11:15,truck_001,43,3.85,0.39,CLOSE,none
2026-08-09 20:11:16,truck_001,44,3.93,0.41,CLOSE,none
2026-08-09 20:11:17,truck_001,45,3.99,0.45,CLOSE,none
2026-08-09 20:11:18,truck_001,46,3.62,0.38,CLOSE,none
2026-08-09 20:11:19,truck_001,47,4.22,0.53,CLOSE,none
2026-08-09 20:11:20,truck_001,48,4.35,0.47,CLOSE,none
2026-08-09 20:11:21,truck_001,49,4.2,0.43,OPEN,none
2026-08-09 20:11:22,truck_001,50,4.31,0.48,OPEN,none
2026-08-09 20:11:23,truck_001,51,3.99,0.44,CLOSE,none
2026-08-09 20:11:24,truck_001,52,3.87,0.5,CLOSE,none
2026-08-09 20:11:25,truck_001,53,4.19,0.46,CLOSE,none
2026-08-09 20:11:26,truck_001,54,4.29,0.43,CLOSE,none
2026-08-09 20:11:27,truck_001,55,3.99,0.48,CLOSE,none
2026-08-09 20:11:28,truck_001,56,3.87,0.46,CLOSE,none
2026-08-09 20:11:29,truck_001,57,4.28,0.48,CLOSE,none
2026-08-09 20:11:30,truck_001,58,3.99,0.41,OPEN,none
2026-08-09 20:11:31,truck_001,59,4.46,0.44,CLOSE,none
2026-08-09 20:11:32,truck_001,60,3.86,0.44,OPEN,none
2026-08-09 20:11:33,truck_001,61,3.63,0.42,OPEN,none
2026-08-09 20:11:34,truck_001,62,3.97,0.49,CLOSE,none
2026-08-09 20:11:35,truck_001,63,4.04,0.45,CLOSE,none
2026-08-09 20:11:36,truck_001,64,3.82,0.52,CLOSE,none
2026-08-09 20:11:37,truck_001,65,4.12,0.56,CLOSE,none
2026-08-09 20:11:38,truck_001,66,3.98,0.39,CLOSE,none
2026-08-09 20:11:39,truck_001,67,4.79,0.46,CLOSE,none
2026-08-09 20:11:40,truck_001,68,3.99,0.41,CLOSE,none
2026-08-09 20:11:41,truck_001,69,3.8,0.44,CLOSE,none
2026-08-09 20:11:42,truck_001,70,4.07,0.46,CLOSE,none
2026-08-09 20:11:43,truck_001,71,4.11,0.42,CLOSE,none
2026-08-09 20:11:44,truck_001,72,3.39,0.46,CLOSE,none
2026-08-09 20:11:45,truck_001,73,3.95,0.54,CLOSE,none
2026-08-09 20:11:46,truck_001,74,4.26,0.43,CLOSE,none
2026-08-09 20:11:47,truck_001,75,4.23,0.42,CLOSE,none
2026-08-09 20:11:48,truck_001,76,3.48,0.47,CLOSE,none
2026-08-09 20:11:49,truck_001,77,4.09,0.45,CLOSE,none
2026-08-09 20:11:50,truck_001,78,3.56,0.46,CLOSE,none
2026-08-09 20:11:51,truck_001,79,3.75,0.42,OPEN,none
2026-08-09 20:11:52,truck_001,80,3.68,0.43,CLOSE,none
2026-08-09 20:11:53,truck_001,81,4.29,0.48,CLOSE,none
2026-08-09 20:11:54,truck_001,82,3.73,0.45,CLOSE,none
2026-08-09 20:11:55,truck_001,83,3.75,0.47,CLOSE,none
2026-08-09 20:11:56,truck_001,84,4.08,0.44,CLOSE,none
2026-08-09 20:11:57,truck_001,85,3.9,0.48,CLOSE,none
2026-08-09 20:11:58,truck_001,86,4.34,0.48,CLOSE,none
2026-08-09 20:11:59,truck_001,87,3.6,0.41,CLOSE,none
2026-08-09 20:12:00,truck_001,88,4.11,0.45,CLOSE,none
2026-08-09 20:12:01,truck_001,89,4.27,0.51,CLOSE,none
2026-08-09 20:12:02,truck_001,90,4.26,0.43,CLOSE,none
2026-08-09 20:12:03,truck_001,91,4.18,0.51,CLOSE,none
2026-08-09 20:12:04,truck_001,92,4.16,0.42,CLOSE,none
2026-08-09 20:12:05,truck_001,93,4.26,0.5,CLOSE,none
2026-08-09 20:12:06,truck_001,94,3.63,0.49,CLOSE,none
2026-08-09 20:12:07,truck_001,95,3.67,0.46,CLOSE,none
2026-08-09 20:12:08,truck_001,96,4.08,0.5,CLOSE,none
2026-08-09 20:12:09,truck_001,97,4.34,0.5,CLOSE,none
2026-08-09 20:12:10,truck_001,98,3.47,0.49,CLOSE,none
2026-08-09 20:12:11,truck_001,99,4.1,0.4,CLOSE,none
2026-08-09 20:12:12,truck_001,100,4.08,0.39,CLOSE,none
2026-08-09 20:12:13,truck_001,101,3.71,0.45,CLOSE,none
2026-08-09 20:12:14,truck_001,102,3.56,0.45,CLOSE,none
2026-08-09 20:12:15,truck_001,103,4.15,0.49,CLOSE,none
2026-08-09 20:12:16,truck_001,104,3.92,0.48,OPEN,none
2026-08-09 20:12:17,truck_001,105,3.96,0.5,CLOSE,none
2026-08-09 20:12:18,truck_001,106,4.33,0.46,CLOSE,none
2026-08-09 20:12:19,truck_001,107,4.1,0.48,CLOSE,none
2026-08-09 20:12:20,truck_001,108,4.05,0.51,OPEN,none
2026-08-09 20:12:21,truck_001,109,4.32,0.5,CLOSE,none
2026-08-09 20:12:22,truck_001,110,4.36,0.48,CLOSE,none
2026-08-09 20:12:23,truck_001,111,3.89,0.52,OPEN,none
2026-08-09 20:12:24,truck_001,112,4.0,0.46,CLOSE,none
2026-08-09 20:12:25,truck_001,113,3.44,0.51,CLOSE,none
2026-08-09 20:12:26,truck_001,114,4.18,0.5,CLOSE,none
2026-08-09 20:12:27,truck_001,115,4.05,0.4,CLOSE,none
2026-08-09 20:12:28,truck_001,116,3.96,0.45,CLOSE,none
2026-08-09 20:12:29,truck_001,117,4.1,0.43,CLOSE,none
2026-08-09 20:12:30,truck_001,118,4.23,0.45,OPEN,none
2026-08-09 20:12:31,truck_001,119,3.81,0.36,CLOSE,none
2026-08-09 20:12:32,truck_001,120,4.13,0.44,CLOSE,none
2026-08-09 20:12:44,truck_001,1,3.88,1.17,CLOSE,combined
2026-08-09 20:12:45,truck_001,2,4.1,1.0,CLOSE,combined
2026-08-09 20:12:46,truck_001,3,3.96,1.35,CLOSE,combined
2026-08-09 20:12:47,truck_001,4,4.07,1.11,CLOSE,combined
2026-08-09 20:12:48,truck_001,5,4.11,1.2,OPEN,combined
2026-08-09 20:12:49,truck_001,6,4.23,1.22,CLOSE,combined
2026-08-09 20:12:50,truck_001,7,3.99,0.89,CLOSE,combined
2026-08-09 20:12:51,truck_001,8,4.02,1.24,CLOSE,combined
2026-08-09 20:12:52,truck_001,9,4.2,1.21,CLOSE,combined
2026-08-09 20:12:53,truck_001,10,4.18,1.23,CLOSE,combined
2026-08-09 20:12:54,truck_001,11,4.27,1.18,CLOSE,combined
2026-08-09 20:12:55,truck_001,12,4.08,1.05,CLOSE,combined
2026-08-09 20:12:56,truck_001,13,4.11,1.03,CLOSE,combined
2026-08-09 20:12:57,truck_001,14,4.28,1.26,OPEN,combined
2026-08-09 20:12:58,truck_001,15,4.21,1.16,CLOSE,combined
2026-08-09 20:12:59,truck_001,16,4.13,1.19,CLOSE,combined
2026-08-09 20:13:00,truck_001,17,4.14,1.3,CLOSE,combined
2026-08-09 20:13:01,truck_001,18,4.25,1.3,CLOSE,combined
2026-08-09 20:13:02,truck_001,19,4.16,1.19,CLOSE,combined
2026-08-09 20:13:03,truck_001,20,4.07,1.41,OPEN,combined
2026-08-09 20:13:04,truck_001,21,4.34,1.33,CLOSE,combined
2026-08-09 20:13:05,truck_001,22,4.06,1.26,CLOSE,combined
2026-08-09 20:13:06,truck_001,23,4.06,1.23,CLOSE,combined
2026-08-09 20:13:07,truck_001,24,4.05,1.31,CLOSE,combined
2026-08-09 20:13:08,truck_001,25,4.08,1.03,CLOSE,combined
2026-08-09 20:13:09,truck_001,26,4.19,1.06,CLOSE,combined
2026-08-09 20:13:10,truck_001,27,4.07,1.08,CLOSE,combined
2026-08-09 20:13:11,truck_001,28,4.26,1.24,CLOSE,combined
2026-08-09 20:13:12,truck_001,29,4.31,1.13,CLOSE,combined
2026-08-09 20:13:13,truck_001,30,4.28,1.31,CLOSE,combined
2026-08-09 20:13:14,truck_001,31,4.32,1.25,CLOSE,combined
2026-08-09 20:13:15,truck_001,32,4.29,1.21,CLOSE,combined
2026-08-09 20:13:16,truck_001,33,4.38,1.31,CLOSE,combined
2026-08-09 20:13:17,truck_001,34,4.32,0.98,CLOSE,combined
2026-08-09 20:13:18,truck_001,35,4.05,1.34,CLOSE,combined
2026-08-09 20:13:19,truck_001,36,4.4,1.01,CLOSE,combined
2026-08-09 20:13:20,truck_001,37,4.36,0.97,CLOSE,combined
2026-08-09 20:13:21,truck_001,38,4.34,1.06,CLOSE,combined
2026-08-09 20:13:22,truck_001,39,4.27,1.1,OPEN,combined
2026-08-09 20:13:23,truck_001,40,4.39,1.33,CLOSE,combined
2026-08-09 20:13:24,truck_001,41,4.23,1.27,CLOSE,combined
2026-08-09 20:13:25,truck_001,42,4.53,1.09,OPEN,combined
2026-08-09 20:13:26,truck_001,43,4.35,1.08,CLOSE,combined
2026-08-09 20:13:27,truck_001,44,4.35,1.12,CLOSE,combined
2026-08-09 20:13:28,truck_001,45,4.42,1.19,CLOSE,combined
2026-08-09 20:13:29,truck_001,46,4.19,1.11,CLOSE,combined
2026-08-09 20:13:30,truck_001,47,4.34,1.02,CLOSE,combined
2026-08-09 20:13:31,truck_001,48,4.46,1.04,CLOSE,combined
2026-08-09 20:13:32,truck_001,49,4.47,1.35,CLOSE,combined
2026-08-09 20:13:33,truck_001,50,4.27,1.13,CLOSE,combined
2026-08-09 20:13:34,truck_001,51,4.34,1.24,CLOSE,combined
2026-08-09 20:13:35,truck_001,52,4.37,0.97,CLOSE,combined
2026-08-09 20:13:36,truck_001,53,4.32,1.2,CLOSE,combined
2026-08-09 20:13:37,truck_001,54,4.63,1.01,CLOSE,combined
2026-08-09 20:13:38,truck_001,55,4.53,1.41,CLOSE,combined
2026-08-09 20:13:39,truck_001,56,4.46,1.24,CLOSE,combined
2026-08-09 20:13:40,truck_001,57,4.4,1.52,CLOSE,combined
2026-08-09 20:13:41,truck_001,58,4.41,0.96,CLOSE,combined
2026-08-09 20:13:42,truck_001,59,4.55,1.14,CLOSE,combined
2026-08-09 20:13:43,truck_001,60,4.46,1.01,CLOSE,combined
2026-08-09 20:13:44,truck_001,61,4.39,1.16,CLOSE,combined
2026-08-09 20:13:45,truck_001,62,4.6,1.08,CLOSE,combined
2026-08-09 20:13:46,truck_001,63,4.65,1.13,CLOSE,combined
2026-08-09 20:13:47,truck_001,64,4.32,1.17,CLOSE,combined
2026-08-09 20:13:48,truck_001,65,4.6,1.34,CLOSE,combined
2026-08-09 20:13:49,truck_001,66,4.63,1.0,CLOSE,combined
2026-08-09 20:13:50,truck_001,67,4.46,1.26,CLOSE,combined
2026-08-09 20:13:51,truck_001,68,4.54,1.5,CLOSE,combined
2026-08-09 20:13:52,truck_001,69,4.65,1.36,CLOSE,combined
2026-08-09 20:13:53,truck_001,70,4.4,1.28,CLOSE,combined
2026-08-09 20:13:54,truck_001,71,4.63,1.1,CLOSE,combined
2026-08-09 20:13:55,truck_001,72,4.66,0.81,CLOSE,combined
2026-08-09 20:13:56,truck_001,73,4.55,1.42,CLOSE,combined
2026-08-09 20:13:57,truck_001,74,4.58,1.18,CLOSE,combined
2026-08-09 20:13:58,truck_001,75,4.65,1.1,OPEN,combined
2026-08-09 20:13:59,truck_001,76,4.63,0.96,CLOSE,combined
2026-08-09 20:14:00,truck_001,77,4.59,1.42,CLOSE,combined
2026-08-09 20:14:01,truck_001,78,4.42,1.43,CLOSE,combined
2026-08-09 20:14:02,truck_001,79,4.78,1.07,CLOSE,combined
2026-08-09 20:14:03,truck_001,80,4.74,1.15,CLOSE,combined
2026-08-09 20:14:04,truck_001,81,4.8,1.26,CLOSE,combined
2026-08-09 20:14:05,truck_001,82,4.62,1.09,CLOSE,combined
2026-08-09 20:14:06,truck_001,83,4.62,1.16,CLOSE,combined
2026-08-09 20:14:07,truck_001,84,4.68,1.5,OPEN,combined
2026-08-09 20:14:08,truck_001,85,4.75,1.42,CLOSE,combined
2026-08-09 20:14:09,truck_001,86,4.87,1.32,CLOSE,combined
2026-08-09 20:14:10,truck_001,87,4.65,1.09,CLOSE,combined
2026-08-09 20:14:11,truck_001,88,4.76,1.33,CLOSE,combined
2026-08-09 20:14:12,truck_001,89,4.83,0.95,CLOSE,combined
2026-08-09 20:14:13,truck_001,90,4.76,1.28,CLOSE,combined
2026-08-09 20:14:14,truck_001,91,4.75,1.24,CLOSE,combined
2026-08-09 20:14:15,truck_001,92,4.8,1.41,CLOSE,combined
2026-08-09 20:14:16,truck_001,93,4.64,1.06,CLOSE,combined
2026-08-09 20:14:17,truck_001,94,4.75,1.14,CLOSE,combined
2026-08-09 20:14:18,truck_001,95,4.74,1.49,CLOSE,combined
2026-08-09 20:14:19,truck_001,96,4.86,1.29,CLOSE,combined
2026-08-09 20:14:20,truck_001,97,4.82,1.27,CLOSE,combined
2026-08-09 20:14:21,truck_001,98,4.72,0.91,CLOSE,combined
2026-08-09 20:14:22,truck_001,99,4.9,1.04,CLOSE,combined
2026-08-09 20:14:23,truck_001,100,4.81,1.22,CLOSE,combined
2026-08-09 20:14:24,truck_001,101,4.72,1.26,CLOSE,combined
2026-08-09 20:14:25,truck_001,102,4.81,1.22,CLOSE,combined
2026-08-09 20:14:26,truck_001,103,4.84,1.29,CLOSE,combined
2026-08-09 20:14:27,truck_001,104,5.05,1.53,CLOSE,combined
2026-08-09 20:14:28,truck_001,105,4.76,1.21,CLOSE,combined
2026-08-09 20:14:29,truck_001,106,4.78,1.15,CLOSE,combined
2026-08-09 20:14:30,truck_001,107,5.03,1.01,OPEN,combined
2026-08-09 20:14:31,truck_001,108,4.88,1.28,CLOSE,combined
2026-08-09 20:14:32,truck_001,109,4.9,1.0,CLOSE,combined
2026-08-09 20:14:33,truck_001,110,4.79,1.05,CLOSE,combined
2026-08-09 20:14:34,truck_001,111,4.93,1.1,CLOSE,combined
2026-08-09 20:14:35,truck_001,112,4.87,1.13,CLOSE,combined
2026-08-09 20:14:36,truck_001,113,4.89,1.16,CLOSE,combined
2026-08-09 20:14:37,truck_001,114,4.85,1.34,CLOSE,combined
2026-08-09 20:14:38,truck_001,115,5.0,1.21,CLOSE,combined
2026-08-09 20:14:39,truck_001,116,4.99,1.17,CLOSE,combined
2026-08-09 20:14:40,truck_001,117,4.84,1.28,CLOSE,combined
2026-08-09 20:14:41,truck_001,118,5.11,1.27,OPEN,combined
2026-08-09 20:14:42,truck_001,119,5.21,1.23,CLOSE,combined
2026-08-09 20:14:43,truck_001,120,5.0,1.47,CLOSE,combined
2026-08-09 20:14:49,truck_001,1,2.94,0.47,CLOSE,none
2026-08-09 20:14:50,truck_001,2,3.51,0.46,CLOSE,none
2026-08-09 20:14:51,truck_001,3,4.01,0.42,CLOSE,none
2026-08-09 20:14:52,truck_001,4,3.88,0.37,CLOSE,none
2026-08-09 20:14:53,truck_001,5,3.63,0.44,CLOSE,none
2026-08-09 20:14:54,truck_001,6,3.87,0.54,CLOSE,none
2026-08-09 20:14:55,truck_001,7,3.92,0.46,OPEN,none
2026-08-09 20:14:56,truck_001,8,4.54,0.39,CLOSE,none
2026-08-09 20:14:57,truck_001,9,3.79,0.44,CLOSE,none
2026-08-09 20:14:58,truck_001,10,4.07,0.48,CLOSE,none
2026-08-09 20:14:59,truck_001,11,3.9,0.42,CLOSE,none
2026-08-09 20:15:00,truck_001,12,4.39,0.52,CLOSE,none
2026-08-09 20:15:01,truck_001,13,4.39,0.37,CLOSE,none
2026-08-09 20:15:02,truck_001,14,3.84,0.4,CLOSE,none
2026-08-09 20:15:03,truck_001,15,3.89,0.47,CLOSE,none
2026-08-09 20:15:04,truck_001,16,3.7,0.5,CLOSE,none
2026-08-09 20:15:05,truck_001,17,4.2,0.42,CLOSE,none
2026-08-09 20:15:06,truck_001,18,3.69,0.5,CLOSE,none
2026-08-09 20:15:07,truck_001,19,4.29,0.44,OPEN,none
2026-08-09 20:15:08,truck_001,20,4.4,0.36,CLOSE,none
2026-08-09 20:15:09,truck_001,21,4.38,0.47,CLOSE,none
2026-08-09 20:15:10,truck_001,22,3.84,0.52,CLOSE,none
2026-08-09 20:15:11,truck_001,23,4.12,0.45,CLOSE,none
2026-08-09 20:15:12,truck_001,24,3.87,0.5,CLOSE,none
2026-08-09 20:15:13,truck_001,25,4.21,0.4,OPEN,none
2026-08-09 20:15:14,truck_001,26,4.43,0.43,CLOSE,none
2026-08-09 20:15:15,truck_001,27,3.99,0.5,CLOSE,none
2026-08-09 20:15:16,truck_001,28,4.45,0.51,CLOSE,none
2026-08-09 20:15:17,truck_001,29,3.94,0.43,OPEN,none
2026-08-09 20:15:19,truck_001,30,4.2,0.47,CLOSE,none
2026-08-09 20:15:20,truck_001,31,4.13,0.49,CLOSE,none
2026-08-09 20:15:21,truck_001,32,3.65,0.45,CLOSE,none
2026-08-09 20:15:22,truck_001,33,4.25,0.39,CLOSE,none
2026-08-09 20:15:23,truck_001,34,3.94,0.5,CLOSE,none
2026-08-09 20:15:24,truck_001,35,4.02,0.54,CLOSE,none
2026-08-09 20:15:25,truck_001,36,4.26,0.45,CLOSE,none
2026-08-09 20:15:26,truck_001,37,4.45,0.46,CLOSE,none
2026-08-09 20:15:27,truck_001,38,3.78,0.46,CLOSE,none
2026-08-09 20:15:28,truck_001,39,4.34,0.53,CLOSE,none
2026-08-09 20:15:29,truck_001,40,4.17,0.46,CLOSE,none
2026-08-09 20:15:30,truck_001,41,4.1,0.48,CLOSE,none
2026-08-09 20:15:31,truck_001,42,3.98,0.47,CLOSE,none
2026-08-09 20:15:32,truck_001,43,4.29,0.46,CLOSE,none
2026-08-09 20:15:33,truck_001,44,3.74,0.47,CLOSE,none
2026-08-09 20:15:34,truck_001,45,3.81,0.48,CLOSE,none
2026-08-09 20:15:35,truck_001,46,3.83,0.5,CLOSE,none
2026-08-09 20:15:36,truck_001,47,3.8,0.55,OPEN,none
2026-08-09 20:15:37,truck_001,48,3.84,0.42,CLOSE,none
2026-08-09 20:15:38,truck_001,49,4.09,0.49,CLOSE,none
2026-08-09 20:15:39,truck_001,50,4.4,0.52,CLOSE,none
2026-08-09 20:15:40,truck_001,51,3.95,0.54,CLOSE,none
2026-08-09 20:15:41,truck_001,52,4.03,0.37,CLOSE,none
2026-08-09 20:15:42,truck_001,53,3.88,0.45,CLOSE,none
2026-08-09 20:15:43,truck_001,54,3.8,0.43,CLOSE,none
2026-08-09 20:15:44,truck_001,55,3.58,0.43,CLOSE,none
2026-08-09 20:15:45,truck_001,56,4.63,0.48,CLOSE,none
2026-08-09 20:15:46,truck_001,57,4.14,0.48,CLOSE,none
2026-08-09 20:15:47,truck_001,58,4.27,0.51,CLOSE,none
2026-08-09 20:15:48,truck_001,59,3.7,0.54,CLOSE,none
2026-08-09 20:15:49,truck_001,60,4.16,0.47,CLOSE,none
2026-08-09 20:15:50,truck_001,61,4.16,0.45,CLOSE,none
2026-08-09 20:15:51,truck_001,62,3.74,0.4,CLOSE,none
2026-08-09 20:15:52,truck_001,63,3.99,0.49,CLOSE,none
2026-08-09 20:15:53,truck_001,64,4.0,0.44,CLOSE,none
2026-08-09 20:15:54,truck_001,65,3.86,0.44,CLOSE,none
2026-08-09 20:15:55,truck_001,66,4.14,0.47,CLOSE,none
2026-08-09 20:15:56,truck_001,67,4.01,0.42,CLOSE,none
2026-08-09 20:15:57,truck_001,68,4.0,0.49,CLOSE,none
2026-08-09 20:15:58,truck_001,69,4.08,0.42,CLOSE,none
2026-08-09 20:15:59,truck_001,70,3.99,0.38,CLOSE,none
2026-08-09 20:16:00,truck_001,71,3.57,0.49,CLOSE,none
2026-08-09 20:16:01,truck_001,72,3.71,0.44,CLOSE,none
2026-08-09 20:16:02,truck_001,73,4.25,0.44,CLOSE,none
2026-08-09 20:16:03,truck_001,74,4.27,0.51,CLOSE,none
2026-08-09 20:16:04,truck_001,75,3.7,0.47,CLOSE,none
2026-08-09 20:16:05,truck_001,76,4.32,0.44,CLOSE,none
2026-08-09 20:16:06,truck_001,77,3.61,0.4,CLOSE,none
2026-08-09 20:16:07,truck_001,78,4.44,0.39,OPEN,none
2026-08-09 20:16:08,truck_001,79,4.01,0.38,OPEN,none
2026-08-09 20:16:09,truck_001,80,3.86,0.47,CLOSE,none
2026-08-09 20:16:10,truck_001,81,3.75,0.48,CLOSE,none
2026-08-09 20:16:11,truck_001,82,3.59,0.38,CLOSE,none
2026-08-09 20:16:12,truck_001,83,3.83,0.36,CLOSE,none
2026-08-09 20:16:13,truck_001,84,4.11,0.48,CLOSE,none
2026-08-09 20:16:14,truck_001,85,4.21,0.51,CLOSE,none
2026-08-09 20:16:15,truck_001,86,4.1,0.49,CLOSE,none
2026-08-09 20:16:16,truck_001,87,3.57,0.43,CLOSE,none
2026-08-09 20:16:17,truck_001,88,3.88,0.52,CLOSE,none
2026-08-09 20:16:18,truck_001,89,4.18,0.39,CLOSE,none
2026-08-09 20:16:19,truck_001,90,3.86,0.39,CLOSE,none
2026-08-09 20:16:20,truck_001,91,3.8,0.57,CLOSE,none
2026-08-09 20:16:21,truck_001,92,4.09,0.41,CLOSE,none
2026-08-09 20:16:22,truck_001,93,4.08,0.42,OPEN,none
2026-08-09 20:16:23,truck_001,94,4.09,0.43,CLOSE,none
2026-08-09 20:16:24,truck_001,95,4.04,0.41,CLOSE,none
2026-08-09 20:16:25,truck_001,96,3.8,0.58,CLOSE,none
2026-08-09 20:16:26,truck_001,97,4.32,0.5,CLOSE,none
2026-08-09 20:16:27,truck_001,98,3.73,0.52,CLOSE,none
2026-08-09 20:16:28,truck_001,99,4.12,0.46,CLOSE,none
2026-08-09 20:16:29,truck_001,100,4.07,0.4,CLOSE,none
2026-08-09 20:16:30,truck_001,101,4.54,0.46,CLOSE,none
2026-08-09 20:16:31,truck_001,102,3.57,0.47,CLOSE,none
2026-08-09 20:16:32,truck_001,103,3.88,0.37,CLOSE,none
2026-08-09 20:16:33,truck_001,104,3.96,0.45,CLOSE,none
2026-08-09 20:16:34,truck_001,105,4.49,0.43,CLOSE,none
2026-08-09 20:16:35,truck_001,106,4.0,0.5,CLOSE,none
2026-08-09 20:16:36,truck_001,107,3.75,0.47,CLOSE,none
2026-08-09 20:16:37,truck_001,108,3.82,0.4,CLOSE,none
2026-08-09 20:16:38,truck_001,109,4.4,0.42,CLOSE,none
2026-08-09 20:16:39,truck_001,110,3.7,0.53,CLOSE,none
2026-08-09 20:16:40,truck_001,111,4.0,0.54,CLOSE,none
2026-08-09 20:16:41,truck_001,112,3.89,0.37,CLOSE,none
2026-08-09 20:16:42,truck_001,113,3.87,0.43,CLOSE,none
2026-08-09 20:16:43,truck_001,114,4.32,0.46,CLOSE,none
2026-08-09 20:16:44,truck_001,115,3.69,0.37,CLOSE,none
2026-08-09 20:16:45,truck_001,116,3.94,0.41,CLOSE,none
2026-08-09 20:16:46,truck_001,117,4.48,0.47,CLOSE,none
2026-08-09 20:16:47,truck_001,118,3.97,0.53,OPEN,none
2026-08-09 20:16:48,truck_001,119,4.4,0.39,CLOSE,none
2026-08-09 20:16:49,truck_001,120,4.19,0.46,CLOSE,none
2026-08-09 20:16:50,truck_001,121,4.19,0.49,CLOSE,none
2026-08-09 20:16:51,truck_001,122,4.0,0.47,OPEN,none
2026-08-09 20:16:52,truck_001,123,3.87,0.43,CLOSE,none
2026-08-09 20:16:53,truck_001,124,3.54,0.53,CLOSE,none
2026-08-09 20:16:54,truck_001,125,4.11,0.41,CLOSE,none
2026-08-09 20:16:55,truck_001,126,3.93,0.42,CLOSE,none
2026-08-09 20:16:56,truck_001,127,3.77,0.45,CLOSE,none
2026-08-09 20:16:57,truck_001,128,4.61,0.52,CLOSE,none
2026-08-09 20:16:58,truck_001,129,4.36,0.41,CLOSE,none
2026-08-09 20:16:59,truck_001,130,3.55,0.61,CLOSE,none
2026-08-09 20:17:00,truck_001,131,4.13,0.4,CLOSE,none
2026-08-09 20:17:01,truck_001,132,4.07,0.51,CLOSE,none
2026-08-09 20:17:02,truck_001,133,3.58,0.55,CLOSE,none
2026-08-09 20:17:03,truck_001,134,4.05,0.45,CLOSE,none
2026-08-09 20:17:04,truck_001,135,3.93,0.45,CLOSE,none
2026-08-09 20:17:05,truck_001,136,3.95,0.47,CLOSE,none
2026-08-09 20:17:06,truck_001,137,3.44,0.45,CLOSE,none
2026-08-09 20:17:07,truck_001,138,4.04,0.45,CLOSE,none
2026-08-09 20:17:08,truck_001,139,4.36,0.41,CLOSE,none
2026-08-09 20:17:09,truck_001,140,4.38,0.46,CLOSE,none
2026-08-09 20:17:10,truck_001,141,3.76,0.43,CLOSE,none
2026-08-09 20:17:11,truck_001,142,3.92,0.37,CLOSE,none
2026-08-09 20:17:12,truck_001,143,3.86,0.39,CLOSE,none
2026-08-09 20:17:13,truck_001,144,3.66,0.44,CLOSE,none
2026-08-09 20:17:14,truck_001,145,3.8,0.52,CLOSE,none
2026-08-09 20:17:15,truck_001,146,4.61,0.48,CLOSE,none
2026-08-09 20:17:16,truck_001,147,3.39,0.37,CLOSE,none
2026-08-09 20:17:17,truck_001,148,4.07,0.49,CLOSE,none
2026-08-09 20:17:18,truck_001,149,3.81,0.45,CLOSE,none
2026-08-09 20:17:19,truck_001,150,3.58,0.41,CLOSE,none
2026-08-09 20:17:20,truck_001,151,4.13,0.53,CLOSE,none
2026-08-09 20:17:21,truck_001,152,4.21,0.42,CLOSE,none
2026-08-09 20:17:22,truck_001,153,4.6,0.53,CLOSE,none
2026-08-09 20:17:23,truck_001,154,4.38,0.5,CLOSE,none
2026-08-09 20:17:24,truck_001,155,3.61,0.51,CLOSE,none
2026-08-09 20:17:25,truck_001,156,3.81,0.35,CLOSE,none
2026-08-09 20:17:26,truck_001,157,4.38,0.46,CLOSE,none
2026-08-09 20:17:27,truck_001,158,3.83,0.48,CLOSE,none
2026-08-09 20:17:28,truck_001,159,3.77,0.51,CLOSE,none
2026-08-09 20:17:29,truck_001,160,4.13,0.38,CLOSE,none
2026-08-09 20:17:30,truck_001,161,4.03,0.39,OPEN,none
2026-08-09 20:17:31,truck_001,162,3.94,0.43,CLOSE,none
2026-08-09 20:17:32,truck_001,163,4.48,0.41,CLOSE,none
2026-08-09 20:17:33,truck_001,164,3.78,0.47,CLOSE,none
2026-08-09 20:17:34,truck_001,165,4.12,0.4,CLOSE,none
2026-08-09 20:17:35,truck_001,166,4.24,0.55,OPEN,none
2026-08-09 20:17:36,truck_001,167,3.97,0.48,CLOSE,none
2026-08-09 20:17:37,truck_001,168,4.05,0.43,CLOSE,none
2026-08-09 20:17:38,truck_001,169,4.39,0.43,OPEN,none
2026-08-09 20:17:39,truck_001,170,3.81,0.49,CLOSE,none
2026-08-09 20:17:40,truck_001,171,4.11,0.55,CLOSE,none
2026-08-09 20:17:41,truck_001,172,4.38,0.4,CLOSE,none
2026-08-09 20:17:42,truck_001,173,4.35,0.46,CLOSE,none
2026-08-09 20:17:43,truck_001,174,3.94,0.52,CLOSE,none
2026-08-09 20:17:44,truck_001,175,4.19,0.49,CLOSE,none
2026-08-09 20:17:45,truck_001,176,4.05,0.48,CLOSE,none
2026-08-09 20:17:46,truck_001,177,4.07,0.42,CLOSE,none
2026-08-09 20:17:47,truck_001,178,4.02,0.47,CLOSE,none
2026-08-09 20:17:48,truck_001,179,4.24,0.42,CLOSE,none
2026-08-09 20:17:49,truck_001,180,3.95,0.46,CLOSE,none
2026-08-09 20:17:50,truck_001,181,4.19,0.44,CLOSE,none
2026-08-09 20:17:51,truck_001,182,4.41,0.45,CLOSE,none
2026-08-09 20:17:52,truck_001,183,3.88,0.4,CLOSE,none
2026-08-09 20:17:53,truck_001,184,3.88,0.43,OPEN,none
2026-08-09 20:17:54,truck_001,185,3.89,0.44,CLOSE,none
2026-08-09 20:17:55,truck_001,186,4.36,0.4,CLOSE,none
2026-08-09 20:17:56,truck_001,187,3.96,0.39,OPEN,none
2026-08-09 20:17:57,truck_001,188,3.85,0.49,CLOSE,none
2026-08-09 20:17:58,truck_001,189,3.81,0.44,CLOSE,none
2026-08-09 20:17:59,truck_001,190,4.09,0.45,CLOSE,none
2026-08-09 20:18:00,truck_001,191,3.64,0.47,CLOSE,none
2026-08-09 20:18:01,truck_001,192,3.69,0.54,CLOSE,none
2026-08-09 20:18:02,truck_001,193,4.22,0.37,CLOSE,none
2026-08-09 20:18:03,truck_001,194,4.1,0.46,CLOSE,none
2026-08-09 20:18:04,truck_001,195,4.3,0.46,OPEN,none
2026-08-09 20:18:05,truck_001,196,3.94,0.41,CLOSE,none
2026-08-09 20:18:06,truck_001,197,4.0,0.45,CLOSE,none
2026-08-09 20:18:07,truck_001,198,3.69,0.49,CLOSE,none
2026-08-09 20:18:08,truck_001,199,4.14,0.46,OPEN,none
2026-08-09 20:18:09,truck_001,200,3.98,0.42,CLOSE,none
2026-08-09 20:18:10,truck_001,201,3.61,0.46,CLOSE,none
2026-08-09 20:18:11,truck_001,202,3.51,0.5,CLOSE,none
2026-08-09 20:18:12,truck_001,203,3.78,0.48,CLOSE,none
2026-08-09 20:18:13,truck_001,204,4.06,0.41,CLOSE,none
2026-08-09 20:18:14,truck_001,205,4.22,0.48,OPEN,none
2026-08-09 20:18:15,truck_001,206,4.11,0.46,CLOSE,none
2026-08-09 20:18:16,truck_001,207,3.31,0.44,CLOSE,none
2026-08-09 20:18:17,truck_001,208,4.06,0.4,CLOSE,none
2026-08-09 20:18:18,truck_001,209,3.7,0.43,CLOSE,none
2026-08-09 20:18:19,truck_001,210,4.21,0.44,CLOSE,none
2026-08-09 20:18:20,truck_001,211,4.01,0.5,CLOSE,none
2026-08-09 20:18:21,truck_001,212,4.29,0.47,CLOSE,none
2026-08-09 20:18:22,truck_001,213,4.11,0.52,CLOSE,none
2026-08-09 20:18:23,truck_001,214,4.03,0.43,CLOSE,none
2026-08-09 20:18:24,truck_001,215,3.83,0.5,CLOSE,none
2026-08-09 20:18:25,truck_001,216,4.03,0.47,CLOSE,none
2026-08-09 20:18:26,truck_001,217,3.73,0.48,CLOSE,none
2026-08-09 20:18:27,truck_001,218,4.07,0.46,CLOSE,none
2026-08-09 20:18:28,truck_001,219,4.52,0.43,CLOSE,none
2026-08-09 20:18:29,truck_001,220,3.94,0.39,CLOSE,none
2026-08-09 20:18:30,truck_001,221,4.19,0.44,CLOSE,none
2026-08-09 20:18:31,truck_001,222,3.8,0.45,CLOSE,none
2026-08-09 20:18:32,truck_001,223,3.9,0.4,OPEN,none
2026-08-09 20:18:33,truck_001,224,4.65,0.42,CLOSE,none
2026-08-09 20:18:34,truck_001,225,4.23,0.46,CLOSE,none
2026-08-09 20:18:35,truck_001,226,4.36,0.48,CLOSE,none
2026-08-09 20:18:36,truck_001,227,4.08,0.5,CLOSE,none
2026-08-09 20:18:37,truck_001,228,4.17,0.42,CLOSE,none
2026-08-09 20:18:38,truck_001,229,4.08,0.46,CLOSE,none
2026-08-09 20:18:39,truck_001,230,3.85,0.5,CLOSE,none
2026-08-09 20:18:40,truck_001,231,4.02,0.43,CLOSE,none
2026-08-09 20:18:41,truck_001,232,4.05,0.46,CLOSE,none
2026-08-09 20:18:42,truck_001,233,4.16,0.46,CLOSE,none
2026-08-09 20:18:43,truck_001,234,4.0,0.45,CLOSE,none
2026-08-09 20:18:44,truck_001,235,4.03,0.39,CLOSE,none
2026-08-09 20:18:45,truck_001,236,3.92,0.47,CLOSE,none
2026-08-09 20:18:46,truck_001,237,3.73,0.45,CLOSE,none
2026-08-09 20:18:47,truck_001,238,4.63,0.39,CLOSE,none
2026-08-09 20:18:48,truck_001,239,3.86,0.43,CLOSE,none
2026-08-09 20:18:49,truck_001,240,4.17,0.45,CLOSE,none
2026-08-09 20:18:50,truck_001,241,3.53,0.47,CLOSE,none
2026-08-09 20:18:51,truck_001,242,4.39,0.43,CLOSE,none
2026-08-09 20:18:52,truck_001,243,3.93,0.37,CLOSE,none
2026-08-09 20:18:53,truck_001,244,4.2,0.45,CLOSE,none
2026-08-09 20:18:54,truck_001,245,3.79,0.45,CLOSE,none
2026-08-09 20:18:55,truck_001,246,4.08,0.44,CLOSE,none
2026-08-09 20:18:56,truck_001,247,4.36,0.47,OPEN,none
2026-08-09 20:18:57,truck_001,248,4.97,0.54,OPEN,none
2026-08-09 20:18:58,truck_001,249,4.07,0.39,CLOSE,none
2026-08-09 20:18:59,truck_001,250,3.65,0.46,OPEN,none
2026-08-09 20:19:00,truck_001,251,4.5,0.46,CLOSE,none
2026-08-09 20:19:01,truck_001,252,4.01,0.46,CLOSE,none
2026-08-09 20:19:02,truck_001,253,4.03,0.43,CLOSE,none
2026-08-09 20:19:03,truck_001,254,3.71,0.48,CLOSE,none
2026-08-09 20:19:04,truck_001,255,4.35,0.43,CLOSE,none
2026-08-09 20:19:05,truck_001,256,3.99,0.39,CLOSE,none
2026-08-09 20:19:06,truck_001,257,3.87,0.41,OPEN,none
2026-08-09 20:19:07,truck_001,258,4.44,0.36,CLOSE,none
2026-08-09 20:19:08,truck_001,259,3.84,0.48,CLOSE,none
2026-08-09 20:19:09,truck_001,260,4.05,0.49,CLOSE,none
2026-08-09 20:19:10,truck_001,261,4.91,0.46,OPEN,none
2026-08-09 20:19:11,truck_001,262,3.38,0.42,CLOSE,none
2026-08-09 20:19:12,truck_001,263,3.92,0.4,CLOSE,none
2026-08-09 20:19:13,truck_001,264,4.03,0.57,CLOSE,none
2026-08-09 20:19:14,truck_001,265,3.61,0.51,CLOSE,none
2026-08-09 20:19:15,truck_001,266,4.73,0.54,CLOSE,none
2026-08-09 20:19:16,truck_001,267,4.42,0.5,CLOSE,none
2026-08-09 20:19:17,truck_001,268,4.2,0.52,CLOSE,none
2026-08-09 20:19:18,truck_001,269,4.39,0.53,CLOSE,none
2026-08-09 20:19:19,truck_001,270,3.95,0.49,CLOSE,none
2026-08-09 20:19:20,truck_001,271,4.13,0.41,CLOSE,none
2026-08-09 20:19:21,truck_001,272,3.74,0.51,CLOSE,none
2026-08-09 20:19:22,truck_001,273,3.94,0.41,CLOSE,none
2026-08-09 20:19:23,truck_001,274,3.93,0.51,CLOSE,none
2026-08-09 20:19:24,truck_001,275,3.29,0.46,CLOSE,none
2026-08-09 20:19:25,truck_001,276,4.05,0.39,CLOSE,none
2026-08-09 20:19:26,truck_001,277,3.79,0.48,CLOSE,none
2026-08-09 20:19:27,truck_001,278,4.08,0.41,CLOSE,none
2026-08-09 20:19:28,truck_001,279,3.69,0.46,CLOSE,none
2026-08-09 20:19:29,truck_001,280,3.66,0.39,CLOSE,none
2026-08-09 20:19:30,truck_001,281,4.24,0.47,CLOSE,none
2026-08-09 20:19:31,truck_001,282,3.66,0.47,CLOSE,none
2026-08-09 20:19:32,truck_001,283,3.8,0.43,OPEN,none
2026-08-09 20:19:33,truck_001,284,4.34,0.48,CLOSE,none
2026-08-09 20:19:34,truck_001,285,3.81,0.47,CLOSE,none
2026-08-09 20:19:35,truck_001,286,4.22,0.44,CLOSE,none
2026-08-09 20:19:36,truck_001,287,4.15,0.42,CLOSE,none
2026-08-09 20:19:37,truck_001,288,4.14,0.42,CLOSE,none
2026-08-09 20:19:38,truck_001,289,4.01,0.46,CLOSE,none
2026-08-09 20:19:39,truck_001,290,4.24,0.48,CLOSE,none
2026-08-09 20:19:40,truck_001,291,3.55,0.46,OPEN,none
2026-08-09 20:19:41,truck_001,292,3.96,0.46,CLOSE,none
2026-08-09 20:19:42,truck_001,293,4.05,0.5,CLOSE,none
2026-08-09 20:19:43,truck_001,294,3.74,0.44,CLOSE,none
2026-08-09 20:19:44,truck_001,295,3.85,0.48,CLOSE,none
2026-08-09 20:19:45,truck_001,296,4.02,0.53,CLOSE,none
2026-08-09 20:19:46,truck_001,297,3.77,0.42,OPEN,none
2026-08-09 20:19:47,truck_001,298,4.27,0.49,CLOSE,none
2026-08-09 20:19:48,truck_001,299,4.05,0.39,OPEN,none
2026-08-09 20:19:49,truck_001,300,3.97,0.52,CLOSE,none
2026-08-09 20:20:33,truck_001,1,3.65,0.44,CLOSE,none
2026-08-09 20:20:34,truck_001,2,4.69,0.51,OPEN,none
2026-08-09 20:20:35,truck_001,3,3.5,0.48,CLOSE,none
2026-08-09 20:20:36,truck_001,4,4.07,0.44,CLOSE,none
2026-08-09 20:20:37,truck_001,5,3.92,0.44,CLOSE,none
2026-08-09 20:20:38,truck_001,6,3.95,0.48,CLOSE,none
2026-08-09 20:20:39,truck_001,7,4.83,0.46,CLOSE,none
2026-08-09 20:20:41,truck_001,8,4.17,0.43,CLOSE,none
2026-08-09 20:20:42,truck_001,9,4.44,0.45,CLOSE,none
2026-08-09 20:20:43,truck_001,10,3.73,0.53,OPEN,none
2026-08-09 20:20:44,truck_001,11,3.81,0.36,CLOSE,none
2026-08-09 20:20:45,truck_001,12,3.97,0.45,CLOSE,none
2026-08-09 20:20:46,truck_001,13,3.45,0.48,CLOSE,none
2026-08-09 20:20:47,truck_001,14,4.14,0.46,CLOSE,none
2026-08-09 20:20:48,truck_001,15,3.53,0.38,CLOSE,none
2026-08-09 20:20:49,truck_001,16,4.06,0.43,CLOSE,none
2026-08-09 20:20:50,truck_001,17,4.26,0.55,CLOSE,none
2026-08-09 20:20:51,truck_001,18,3.89,0.49,CLOSE,none
2026-08-09 20:20:52,truck_001,19,4.15,0.42,CLOSE,none
2026-08-09 20:20:53,truck_001,20,3.8,0.44,CLOSE,none
2026-08-09 20:20:54,truck_001,21,4.47,0.43,CLOSE,none
2026-08-09 20:20:55,truck_001,22,3.98,0.43,CLOSE,none
2026-08-09 20:20:56,truck_001,23,4.37,0.48,CLOSE,none
2026-08-09 20:20:57,truck_001,24,3.89,0.42,CLOSE,none
2026-08-09 20:20:58,truck_001,25,3.94,0.43,CLOSE,none
2026-08-09 20:20:59,truck_001,26,3.56,0.43,CLOSE,none
2026-08-09 20:21:00,truck_001,27,4.21,0.42,CLOSE,none
2026-08-09 20:21:01,truck_001,28,3.81,0.39,CLOSE,none
2026-08-09 20:21:02,truck_001,29,4.03,0.41,CLOSE,none
2026-08-09 20:21:03,truck_001,30,3.62,0.45,CLOSE,none
2026-08-09 20:21:04,truck_001,31,3.89,0.57,OPEN,none
2026-08-09 20:21:05,truck_001,32,3.78,0.38,OPEN,none
2026-08-09 20:21:06,truck_001,33,3.59,0.41,CLOSE,none
2026-08-09 20:21:07,truck_001,34,3.92,0.41,CLOSE,none
2026-08-09 20:21:08,truck_001,35,4.07,0.41,CLOSE,none
2026-08-09 20:21:09,truck_001,36,4.14,0.43,CLOSE,none
2026-08-09 20:21:10,truck_001,37,3.86,0.45,CLOSE,none
2026-08-09 20:21:11,truck_001,38,4.51,0.48,CLOSE,none
2026-08-09 20:21:12,truck_001,39,3.41,0.52,CLOSE,none
2026-08-09 20:21:13,truck_001,40,4.34,0.39,CLOSE,none
2026-08-09 20:21:14,truck_001,41,4.05,0.57,CLOSE,none
2026-08-09 20:21:15,truck_001,42,3.66,0.39,OPEN,none
2026-08-09 20:21:16,truck_001,43,4.09,0.38,CLOSE,none
2026-08-09 20:21:17,truck_001,44,4.17,0.51,CLOSE,none
2026-08-09 20:21:18,truck_001,45,4.09,0.45,CLOSE,none
2026-08-09 20:21:19,truck_001,46,4.23,0.48,CLOSE,none
2026-08-09 20:21:20,truck_001,47,4.23,0.45,CLOSE,none
2026-08-09 20:21:21,truck_001,48,3.53,0.43,CLOSE,none
2026-08-09 20:21:22,truck_001,49,4.12,0.51,OPEN,none
2026-08-09 20:21:23,truck_001,50,4.46,0.39,CLOSE,none
2026-08-09 20:21:24,truck_001,51,3.75,0.51,CLOSE,none
2026-08-09 20:21:25,truck_001,52,3.73,0.4,CLOSE,none
2026-08-09 20:21:26,truck_001,53,4.17,0.46,CLOSE,none
2026-08-09 20:21:27,truck_001,54,3.93,0.35,OPEN,none
2026-08-09 20:21:28,truck_001,55,4.24,0.44,CLOSE,none
2026-08-09 20:21:29,truck_001,56,3.82,0.44,CLOSE,none
2026-08-09 20:21:30,truck_001,57,4.15,0.38,CLOSE,none
2026-08-09 20:21:31,truck_001,58,3.85,0.56,CLOSE,none
2026-08-09 20:21:32,truck_001,59,4.52,0.42,OPEN,none
2026-08-09 20:21:33,truck_001,60,3.25,0.4,CLOSE,none
2026-08-09 20:21:34,truck_001,61,4.1,0.47,OPEN,none
2026-08-09 20:21:35,truck_001,62,3.69,0.47,CLOSE,none
2026-08-09 20:21:36,truck_001,63,3.71,0.4,CLOSE,none
2026-08-09 20:21:37,truck_001,64,3.67,0.48,CLOSE,none
2026-08-09 20:21:38,truck_001,65,3.93,0.51,CLOSE,none
2026-08-09 20:21:39,truck_001,66,3.8,0.46,CLOSE,none
2026-08-09 20:21:40,truck_001,67,3.95,0.5,OPEN,none
2026-08-09 20:21:41,truck_001,68,3.81,0.4,CLOSE,none
2026-08-09 20:21:42,truck_001,69,4.0,0.44,CLOSE,none
2026-08-09 20:21:43,truck_001,70,3.36,0.53,CLOSE,none
2026-08-09 20:21:44,truck_001,71,4.35,0.48,CLOSE,none
2026-08-09 20:21:45,truck_001,72,3.87,0.48,CLOSE,none
2026-08-09 20:21:46,truck_001,73,4.37,0.5,CLOSE,none
2026-08-09 20:21:47,truck_001,74,4.04,0.5,CLOSE,none
2026-08-09 20:21:48,truck_001,75,3.84,0.42,OPEN,none
2026-08-09 20:21:49,truck_001,76,4.01,0.56,CLOSE,none
2026-08-09 20:21:50,truck_001,77,3.72,0.35,CLOSE,none
2026-08-09 20:21:51,truck_001,78,4.02,0.51,CLOSE,none
2026-08-09 20:21:52,truck_001,79,3.91,0.41,CLOSE,none
2026-08-09 20:21:53,truck_001,80,3.88,0.49,OPEN,none
2026-08-09 20:21:54,truck_001,81,4.84,0.54,CLOSE,none
2026-08-09 20:21:55,truck_001,82,4.06,0.52,CLOSE,none
2026-08-09 20:21:56,truck_001,83,3.86,0.55,CLOSE,none
2026-08-09 20:21:57,truck_001,84,4.43,0.5,CLOSE,none
2026-08-09 20:21:58,truck_001,85,4.18,0.42,CLOSE,none
2026-08-09 20:21:59,truck_001,86,3.57,0.48,CLOSE,none
2026-08-09 20:22:00,truck_001,87,3.91,0.47,OPEN,none
2026-08-09 20:22:01,truck_001,88,4.29,0.51,CLOSE,none
2026-08-09 20:22:02,truck_001,89,4.31,0.45,CLOSE,none
2026-08-09 20:22:03,truck_001,90,4.01,0.42,OPEN,none
2026-08-09 20:22:04,truck_001,91,3.71,0.47,CLOSE,none
2026-08-09 20:22:05,truck_001,92,4.13,0.39,CLOSE,none
2026-08-09 20:22:06,truck_001,93,3.57,0.54,CLOSE,none
2026-08-09 20:22:07,truck_001,94,3.79,0.51,CLOSE,none
2026-08-09 20:22:08,truck_001,95,3.72,0.44,CLOSE,none
2026-08-09 20:22:09,truck_001,96,4.08,0.49,CLOSE,none
2026-08-09 20:22:10,truck_001,97,4.06,0.44,CLOSE,none
2026-08-09 20:22:11,truck_001,98,4.2,0.48,CLOSE,none
2026-08-09 20:22:12,truck_001,99,4.37,0.51,CLOSE,none
2026-08-09 20:22:13,truck_001,100,3.71,0.48,OPEN,none
2026-08-09 20:22:14,truck_001,101,3.62,0.42,CLOSE,none
2026-08-09 20:22:15,truck_001,102,3.82,0.46,CLOSE,none
2026-08-09 20:22:16,truck_001,103,3.98,0.48,CLOSE,none
2026-08-09 20:22:17,truck_001,104,4.15,0.41,CLOSE,none
2026-08-09 20:22:18,truck_001,105,4.21,0.45,CLOSE,none
2026-08-09 20:22:19,truck_001,106,4.22,0.41,CLOSE,none
2026-08-09 20:22:20,truck_001,107,3.8,0.46,CLOSE,none
2026-08-09 20:22:21,truck_001,108,3.95,0.47,CLOSE,none
2026-08-09 20:22:22,truck_001,109,4.04,0.4,CLOSE,none
2026-08-09 20:22:23,truck_001,110,4.13,0.43,CLOSE,none
2026-08-09 20:22:24,truck_001,111,3.42,0.46,CLOSE,none
2026-08-09 20:22:25,truck_001,112,3.9,0.36,CLOSE,none
2026-08-09 20:22:26,truck_001,113,4.52,0.45,CLOSE,none
2026-08-09 20:22:27,truck_001,114,4.39,0.45,CLOSE,none
2026-08-09 20:22:28,truck_001,115,4.13,0.44,CLOSE,none
2026-08-09 20:22:29,truck_001,116,3.98,0.45,CLOSE,none
2026-08-09 20:22:30,truck_001,117,4.18,0.44,CLOSE,none
2026-08-09 20:22:31,truck_001,118,4.26,0.43,CLOSE,none
2026-08-09 20:22:32,truck_001,119,4.1,0.41,CLOSE,none
2026-08-09 20:22:33,truck_001,120,4.02,0.46,CLOSE,none
2026-08-09 20:22:42,truck_001,1,4.01,1.06,CLOSE,combined
2026-08-09 20:22:43,truck_001,2,4.09,1.43,CLOSE,combined
2026-08-09 20:22:44,truck_001,3,4.13,1.05,CLOSE,combined
2026-08-09 20:22:45,truck_001,4,4.12,1.23,CLOSE,combined
2026-08-09 20:22:46,truck_001,5,3.91,0.84,CLOSE,combined
2026-08-09 20:22:47,truck_001,6,4.11,1.23,CLOSE,combined
2026-08-09 20:22:48,truck_001,7,3.96,1.4,CLOSE,combined
2026-08-09 20:22:49,truck_001,8,4.07,1.02,CLOSE,combined
2026-08-09 20:22:50,truck_001,9,4.26,1.15,CLOSE,combined
2026-08-09 20:22:51,truck_001,10,4.08,1.24,CLOSE,combined
2026-08-09 20:22:52,truck_001,11,3.99,1.2,CLOSE,combined
2026-08-09 20:22:53,truck_001,12,4.12,1.31,CLOSE,combined
2026-08-09 20:22:54,truck_001,13,4.19,1.15,CLOSE,combined
2026-08-09 20:22:55,truck_001,14,4.2,1.25,CLOSE,combined
2026-08-09 20:22:56,truck_001,15,4.22,0.88,CLOSE,combined
2026-08-09 20:22:57,truck_001,16,4.2,0.96,CLOSE,combined
2026-08-09 20:22:58,truck_001,17,4.15,1.12,CLOSE,combined
2026-08-09 20:22:59,truck_001,18,4.22,1.19,CLOSE,combined
2026-08-09 20:23:00,truck_001,19,4.25,1.13,CLOSE,combined
2026-08-09 20:23:01,truck_001,20,4.11,0.84,CLOSE,combined
2026-08-09 20:23:02,truck_001,21,4.06,1.22,CLOSE,combined
2026-08-09 20:23:03,truck_001,22,4.27,1.26,CLOSE,combined
2026-08-09 20:23:04,truck_001,23,4.19,1.26,OPEN,combined
2026-08-09 20:23:05,truck_001,24,4.34,1.57,CLOSE,combined
2026-08-09 20:23:06,truck_001,25,4.18,1.4,OPEN,combined
2026-08-09 20:23:07,truck_001,26,4.09,1.17,CLOSE,combined
2026-08-09 20:23:08,truck_001,27,4.18,1.06,CLOSE,combined
2026-08-09 20:23:09,truck_001,28,4.26,1.31,CLOSE,combined
2026-08-09 20:23:10,truck_001,29,4.35,1.15,CLOSE,combined
2026-08-09 20:23:11,truck_001,30,4.27,1.48,CLOSE,combined
2026-08-09 20:23:12,truck_001,31,4.27,1.19,CLOSE,combined
2026-08-09 20:23:13,truck_001,32,4.22,1.11,CLOSE,combined
2026-08-09 20:23:14,truck_001,33,4.34,1.24,CLOSE,combined
2026-08-09 20:23:15,truck_001,34,4.37,1.23,OPEN,combined
2026-08-09 20:23:16,truck_001,35,4.44,1.36,CLOSE,combined
2026-08-09 20:23:17,truck_001,36,4.4,1.0,CLOSE,combined
2026-08-09 20:23:18,truck_001,37,4.37,1.3,CLOSE,combined
2026-08-09 20:23:19,truck_001,38,4.18,1.29,CLOSE,combined
2026-08-09 20:23:20,truck_001,39,4.25,1.22,CLOSE,combined
2026-08-09 20:23:21,truck_001,40,4.37,1.23,CLOSE,combined
2026-08-09 20:23:22,truck_001,41,4.31,1.44,OPEN,combined
2026-08-09 20:23:23,truck_001,42,4.28,1.46,CLOSE,combined
2026-08-09 20:23:24,truck_001,43,4.5,1.09,CLOSE,combined
2026-08-09 20:23:25,truck_001,44,4.27,1.27,CLOSE,combined
2026-08-09 20:23:26,truck_001,45,4.27,1.27,CLOSE,combined
2026-08-09 20:23:27,truck_001,46,4.31,1.27,CLOSE,combined
2026-08-09 20:23:28,truck_001,47,4.49,1.37,CLOSE,combined
2026-08-09 20:23:29,truck_001,48,4.39,1.46,CLOSE,combined
2026-08-09 20:23:30,truck_001,49,4.41,1.3,CLOSE,combined
2026-08-09 20:23:31,truck_001,50,4.28,1.18,CLOSE,combined
2026-08-09 20:23:32,truck_001,51,4.45,0.95,CLOSE,combined
2026-08-09 20:23:33,truck_001,52,4.33,1.15,CLOSE,combined
2026-08-09 20:23:34,truck_001,53,4.57,1.15,CLOSE,combined
2026-08-09 20:23:35,truck_001,54,4.61,1.4,CLOSE,combined
2026-08-09 20:23:36,truck_001,55,4.53,1.39,CLOSE,combined
2026-08-09 20:23:37,truck_001,56,4.45,1.41,CLOSE,combined
2026-08-09 20:23:38,truck_001,57,4.34,1.43,CLOSE,combined
2026-08-09 20:23:39,truck_001,58,4.45,1.26,CLOSE,combined
2026-08-09 20:23:40,truck_001,59,4.42,1.07,CLOSE,combined
2026-08-09 20:23:41,truck_001,60,4.56,1.15,OPEN,combined
2026-08-09 20:23:42,truck_001,61,4.52,1.1,OPEN,combined
2026-08-09 20:23:43,truck_001,62,4.6,1.07,CLOSE,combined
2026-08-09 20:23:44,truck_001,63,4.5,1.37,CLOSE,combined
2026-08-09 20:23:45,truck_001,64,4.46,1.12,CLOSE,combined
2026-08-09 20:23:46,truck_001,65,4.41,1.32,CLOSE,combined
2026-08-09 20:23:47,truck_001,66,4.6,1.45,CLOSE,combined
2026-08-09 20:23:48,truck_001,67,4.66,1.3,CLOSE,combined
2026-08-09 20:23:49,truck_001,68,4.41,1.06,CLOSE,combined
2026-08-09 20:23:50,truck_001,69,4.53,1.2,CLOSE,combined
2026-08-09 20:23:51,truck_001,70,4.48,1.32,CLOSE,combined
2026-08-09 20:23:52,truck_001,71,4.44,1.31,OPEN,combined
2026-08-09 20:23:53,truck_001,72,4.47,1.28,CLOSE,combined
2026-08-09 20:23:54,truck_001,73,4.5,1.19,CLOSE,combined
2026-08-09 20:23:55,truck_001,74,4.41,1.01,CLOSE,combined
2026-08-09 20:23:56,truck_001,75,4.75,1.39,CLOSE,combined
2026-08-09 20:23:57,truck_001,76,4.83,1.19,CLOSE,combined
2026-08-09 20:23:58,truck_001,77,4.78,1.14,CLOSE,combined
2026-08-09 20:23:59,truck_001,78,4.78,1.08,CLOSE,combined
2026-08-09 20:24:00,truck_001,79,4.7,1.09,CLOSE,combined
2026-08-09 20:24:01,truck_001,80,4.8,1.27,CLOSE,combined
2026-08-09 20:24:02,truck_001,81,4.7,0.96,CLOSE,combined
2026-08-09 20:24:03,truck_001,82,4.53,0.85,CLOSE,combined
2026-08-09 20:24:04,truck_001,83,4.63,1.18,CLOSE,combined
2026-08-09 20:24:05,truck_001,84,4.51,1.21,CLOSE,combined
2026-08-09 20:24:06,truck_001,85,4.55,1.28,CLOSE,combined
2026-08-09 20:24:07,truck_001,86,4.73,1.11,CLOSE,combined
2026-08-09 20:24:08,truck_001,87,4.61,1.35,CLOSE,combined
2026-08-09 20:24:09,truck_001,88,4.65,1.29,CLOSE,combined
2026-08-09 20:24:10,truck_001,89,4.83,1.45,CLOSE,combined
2026-08-09 20:24:11,truck_001,90,4.75,1.06,CLOSE,combined
2026-08-09 20:24:12,truck_001,91,4.67,1.17,CLOSE,combined
2026-08-09 20:24:13,truck_001,92,4.83,1.27,OPEN,combined
2026-08-09 20:24:14,truck_001,93,4.75,1.14,CLOSE,combined
2026-08-09 20:24:15,truck_001,94,4.48,1.04,CLOSE,combined
2026-08-09 20:24:16,truck_001,95,4.76,1.29,OPEN,combined
2026-08-09 20:24:17,truck_001,96,4.65,1.16,CLOSE,combined
2026-08-09 20:24:18,truck_001,97,4.94,1.34,CLOSE,combined
2026-08-09 20:24:19,truck_001,98,4.75,1.33,CLOSE,combined
2026-08-09 20:24:20,truck_001,99,4.8,1.24,CLOSE,combined
2026-08-09 20:24:21,truck_001,100,4.58,1.31,CLOSE,combined
2026-08-09 20:24:22,truck_001,101,4.85,1.32,CLOSE,combined
2026-08-09 20:24:23,truck_001,102,4.81,1.17,CLOSE,combined
2026-08-09 20:24:24,truck_001,103,4.96,1.22,CLOSE,combined
2026-08-09 20:24:25,truck_001,104,4.78,1.27,CLOSE,combined
2026-08-09 20:24:26,truck_001,105,4.86,1.33,OPEN,combined
2026-08-09 20:24:27,truck_001,106,4.75,1.15,OPEN,combined
2026-08-09 20:24:28,truck_001,107,4.87,1.18,CLOSE,combined
2026-08-09 20:24:29,truck_001,108,4.82,0.98,CLOSE,combined
2026-08-09 20:24:30,truck_001,109,4.76,1.37,CLOSE,combined
2026-08-09 20:24:31,truck_001,110,4.95,1.1,CLOSE,combined
2026-08-09 20:24:32,truck_001,111,4.81,0.96,OPEN,combined
2026-08-09 20:24:33,truck_001,112,4.95,1.26,CLOSE,combined
2026-08-09 20:24:34,truck_001,113,4.81,1.26,CLOSE,combined
2026-08-09 20:24:35,truck_001,114,4.86,1.17,CLOSE,combined
2026-08-09 20:24:36,truck_001,115,4.89,1.39,CLOSE,combined
2026-08-09 20:24:37,truck_001,116,4.94,1.2,CLOSE,combined
2026-08-09 20:24:38,truck_001,117,4.88,1.08,CLOSE,combined
2026-08-09 20:24:39,truck_001,118,4.7,1.06,CLOSE,combined
2026-08-09 20:24:40,truck_001,119,4.96,1.26,CLOSE,combined
2026-08-09 20:24:41,truck_001,120,4.89,1.45,CLOSE,combined
