timestamp,truck_id,reading,temperature,vibration_rms,door_event,anomaly
2026-08-09 19:23:21,truck_001,1,4.19,1.12,CLOSE,combined
2026-08-09 19:23:21,truck_001,2,3.96,1.31,CLOSE,combined
2026-08-09 19:23:21,truck_001,3,3.91,1.38,CLOSE,combined
2026-08-09 19:23:21,truck_001,4,4.15,1.2,CLOSE,combined
2026-08-09 19:23:21,truck_001,5,4.23,1.15,CLOSE,combined
2026-08-09 19:23:21,truck_001,6,4.21,1.17,CLOSE,combined
2026-08-09 19:23:21,truck_001,7,3.97,1.16,CLOSE,combined
2026-08-09 19:23:21,truck_001,8,3.98,1.0,CLOSE,combined
2026-08-09 19:23:21,truck_001,9,4.06,0.84,CLOSE,combined
2026-08-09 19:23:21,truck_001,10,4.27,1.2,CLOSE,combined
2026-08-09 19:23:21,truck_001,11,4.04,1.09,CLOSE,combined
2026-08-09 19:23:21,truck_001,12,4.16,1.34,CLOSE,combined
2026-08-09 19:23:21,truck_001,13,3.96,1.3,OPEN,combined
2026-08-09 19:23:21,truck_001,14,4.06,1.3,OPEN,combined
2026-08-09 19:23:21,truck_001,15,4.17,1.27,CLOSE,combined
2026-08-09 19:23:21,truck_001,16,4.17,1.17,CLOSE,combined
2026-08-09 19:23:21,truck_001,17,4.15,1.0,CLOSE,combined
2026-08-09 19:23:21,truck_001,18,4.06,1.14,CLOSE,combined
2026-08-09 19:23:21,truck_001,19,4.15,1.31,CLOSE,combined
2026-08-09 19:23:21,truck_001,20,4.14,1.12,CLOSE,combined
2026-08-09 19:23:21,truck_001,21,4.21,1.12,CLOSE,combined
2026-08-09 19:23:21,truck_001,22,4.2,1.3,CLOSE,combined
2026-08-09 19:23:21,truck_001,23,4.07,0.88,OPEN,combined
2026-08-09 19:23:21,truck_001,24,4.1,1.16,CLOSE,combined
2026-08-09 19:23:21,truck_001,25,4.05,1.24,CLOSE,combined
2026-08-09 19:23:21,truck_001,26,4.33,1.27,CLOSE,combined
2026-08-09 19:23:21,truck_001,27,4.18,1.34,CLOSE,combined
2026-08-09 19:23:21,truck_001,28,4.27,1.36,CLOSE,combined
2026-08-09 19:23:21,truck_001,29,4.39,1.01,CLOSE,combined
2026-08-09 19:23:21,truck_001,30,4.14,1.31,CLOSE,combined
2026-08-09 19:23:21,truck_001,31,4.09,1.04,CLOSE,combined
2026-08-09 19:23:21,truck_001,32,4.23,1.16,OPEN,combined
2026-08-09 19:23:21,truck_001,33,4.37,1.07,CLOSE,combined
2026-08-09 19:23:21,truck_001,34,4.3,1.15,CLOSE,combined
2026-08-09 19:23:21,truck_001,35,4.31,1.12,CLOSE,combined
2026-08-09 19:23:21,truck_001,36,4.33,0.99,CLOSE,combined
2026-08-09 19:23:21,truck_001,37,4.27,1.13,CLOSE,combined
2026-08-09 19:23:21,truck_001,38,4.3,1.55,CLOSE,combined
2026-08-09 19:23:21,truck_001,39,4.49,1.25,CLOSE,combined
2026-08-09 19:23:21,truck_001,40,4.44,1.2,CLOSE,combined
2026-08-09 19:23:21,truck_001,41,4.34,1.07,CLOSE,combined
2026-08-09 19:23:21,truck_001,42,4.44,1.06,CLOSE,combined
2026-08-09 19:23:21,truck_001,43,4.45,1.44,CLOSE,combined
2026-08-09 19:23:21,truck_001,44,4.2,1.37,OPEN,combined
2026-08-09 19:23:21,truck_001,45,4.15,1.12,CLOSE,combined
2026-08-09 19:23:21,truck_001,46,4.43,1.3,OPEN,combined
2026-08-09 19:23:21,truck_001,47,4.43,1.09,CLOSE,combined
2026-08-09 19:23:21,truck_001,48,4.29,1.15,OPEN,combined
2026-08-09 19:23:21,truck_001,49,4.47,1.18,CLOSE,combined
2026-08-09 19:23:21,truck_001,50,4.43,0.7,CLOSE,combined
2026-08-09 19:23:21,truck_001,51,4.67,1.33,CLOSE,combined
2026-08-09 19:23:21,truck_001,52,4.37,1.13,CLOSE,combined
2026-08-09 19:23:21,truck_001,53,4.28,1.18,CLOSE,combined
2026-08-09 19:23:21,truck_001,54,4.47,0.82,CLOSE,combined
2026-08-09 19:23:21,truck_001,55,4.4,1.17,CLOSE,combined
2026-08-09 19:23:21,truck_001,56,4.48,1.25,CLOSE,combined
2026-08-09 19:23:21,truck_001,57,4.53,1.28,CLOSE,combined
2026-08-09 19:23:21,truck_001,58,4.48,1.39,CLOSE,combined
2026-08-09 19:23:21,truck_001,59,4.37,1.04,CLOSE,combined
2026-08-09 19:23:21,truck_001,60,4.66,1.2,CLOSE,combined
2026-08-09 19:23:21,truck_001,61,4.63,1.16,CLOSE,combined
2026-08-09 19:23:21,truck_001,62,4.45,1.09,CLOSE,combined
2026-08-09 19:23:21,truck_001,63,4.38,1.42,CLOSE,combined
2026-08-09 19:23:21,truck_001,64,4.43,1.02,CLOSE,combined
2026-08-09 19:23:21,truck_001,65,4.58,1.03,CLOSE,combined
2026-08-09 19:23:21,truck_001,66,4.59,1.26,CLOSE,combined
2026-08-09 19:23:21,truck_001,67,4.48,1.38,OPEN,combined
2026-08-09 19:23:21,truck_001,68,4.62,1.29,OPEN,combined
2026-08-09 19:23:21,truck_001,69,4.6,1.28,CLOSE,combined
2026-08-09 19:23:21,truck_001,70,4.41,1.39,CLOSE,combined
2026-08-09 19:23:21,truck_001,71,4.48,1.37,CLOSE,combined
2026-08-09 19:23:21,truck_001,72,4.69,1.09,CLOSE,combined
2026-08-09 19:23:21,truck_001,73,4.74,1.21,CLOSE,combined
2026-08-09 19:23:21,truck_001,74,4.72,1.1,CLOSE,combined
2026-08-09 19:23:21,truck_001,75,4.71,1.45,OPEN,combined
2026-08-09 19:23:21,truck_001,76,4.59,1.25,CLOSE,combined
2026-08-09 19:23:21,truck_001,77,4.51,1.27,CLOSE,combined
2026-08-09 19:23:21,truck_001,78,4.63,1.42,CLOSE,combined
2026-08-09 19:23:21,truck_001,79,4.55,1.21,CLOSE,combined
2026-08-09 19:23:21,truck_001,80,4.53,1.14,CLOSE,combined
2026-08-09 19:23:21,truck_001,81,4.65,1.33,CLOSE,combined
2026-08-09 19:23:21,truck_001,82,4.59,1.31,CLOSE,combined
2026-08-09 19:23:21,truck_001,83,4.67,1.11,CLOSE,combined
2026-08-09 19:23:21,truck_001,84,4.69,1.18,CLOSE,combined
2026-08-09 19:23:21,truck_001,85,4.75,1.27,CLOSE,combined
2026-08-09 19:23:21,truck_001,86,4.6,1.12,CLOSE,combined
2026-08-09 19:23:21,truck_001,87,4.68,1.14,CLOSE,combined
2026-08-09 19:23:21,truck_001,88,4.65,1.19,CLOSE,combined
2026-08-09 19:23:21,truck_001,89,4.68,1.3,CLOSE,combined
2026-08-09 19:23:21,truck_001,90,4.7,1.2,CLOSE,combined
2026-08-09 19:23:21,truck_001,91,4.66,1.08,CLOSE,combined
2026-08-09 19:23:21,truck_001,92,4.6,1.05,CLOSE,combined
2026-08-09 19:23:21,truck_001,93,4.69,1.4,CLOSE,combined
2026-08-09 19:23:21,truck_001,94,4.69,1.24,CLOSE,combined
2026-08-09 19:23:21,truck_001,95,4.87,1.4,CLOSE,combined
2026-08-09 19:23:21,truck_001,96,4.78,1.37,OPEN,combined
2026-08-09 19:23:21,truck_001,97,4.71,1.49,CLOSE,combined
2026-08-09 19:23:21,truck_001,98,4.87,0.91,CLOSE,combined
2026-08-09 19:23:21,truck_001,99,4.82,1.08,CLOSE,combined
2026-08-09 19:23:21,truck_001,100,4.86,0.94,CLOSE,combined
2026-08-09 19:23:21,truck_001,101,4.83,1.39,CLOSE,combined
2026-08-09 19:23:21,truck_001,102,4.93,0.88,CLOSE,combined
2026-08-09 19:23:21,truck_001,103,4.82,1.04,CLOSE,combined
2026-08-09 19:23:21,truck_001,104,4.75,1.37,CLOSE,combined
2026-08-09 19:23:21,truck_001,105,4.84,1.24,CLOSE,combined
2026-08-09 19:23:21,truck_001,106,4.73,1.07,CLOSE,combined
2026-08-09 19:23:21,truck_001,107,4.99,1.24,CLOSE,combined
2026-08-09 19:23:21,truck_001,108,4.88,1.31,CLOSE,combined
2026-08-09 19:23:21,truck_001,109,4.65,1.09,CLOSE,combined
2026-08-09 19:23:21,truck_001,110,4.82,1.26,CLOSE,combined
2026-08-09 19:23:21,truck_001,111,4.87,1.17,CLOSE,combined
2026-08-09 19:23:21,truck_001,112,4.96,1.11,CLOSE,combined
2026-08-09 19:23:21,truck_001,113,4.8,1.0,CLOSE,combined
2026-08-09 19:23:21,truck_001,114,4.89,1.25,OPEN,combined
2026-08-09 19:23:21,truck_001,115,5.07,1.07,OPEN,combined
2026-08-09 19:23:21,truck_001,116,4.83,1.3,CLOSE,combined
2026-08-09 19:23:21,truck_001,117,5.04,1.18,CLOSE,combined
2026-08-09 19:23:21,truck_001,118,4.89,0.94,CLOSE,combined
2026-08-09 19:23:21,truck_001,119,4.87,1.22,CLOSE,combined
2026-08-09 19:23:21,truck_001,120,5.05,1.38,CLOSE,combined
2026-08-09 19:23:21,truck_001,121,4.96,1.22,OPEN,combined
2026-08-09 19:23:21,truck_001,122,4.83,1.17,CLOSE,combined
2026-08-09 19:23:21,truck_001,123,4.94,1.28,CLOSE,combined
2026-08-09 19:23:21,truck_001,124,5.2,1.03,OPEN,combined
2026-08-09 19:23:21,truck_001,125,5.06,1.2,CLOSE,combined
2026-08-09 19:23:21,truck_001,126,4.93,1.26,OPEN,combined
2026-08-09 19:23:21,truck_001,127,5.12,1.26,CLOSE,combined
2026-08-09 19:23:21,truck_001,128,4.87,1.31,CLOSE,combined
2026-08-09 19:23:21,truck_001,129,4.98,1.14,CLOSE,combined
2026-08-09 19:23:21,truck_001,130,5.1,1.52,CLOSE,combined
2026-08-09 19:23:21,truck_001,131,5.02,1.53,CLOSE,combined
2026-08-09 19:23:21,truck_001,132,5.09,1.08,CLOSE,combined
2026-08-09 19:23:21,truck_001,133,5.28,1.08,CLOSE,combined
2026-08-09 19:23:21,truck_001,134,4.95,1.36,CLOSE,combined
2026-08-09 19:23:21,truck_001,135,5.16,1.07,OPEN,combined
2026-08-09 19:23:21,truck_001,136,5.07,1.03,CLOSE,combined
2026-08-09 19:23:21,truck_001,137,5.15,1.17,CLOSE,combined
2026-08-09 19:23:21,truck_001,138,5.09,1.09,CLOSE,combined
2026-08-09 19:23:21,truck_001,139,5.17,1.14,CLOSE,combined
2026-08-09 19:23:21,truck_001,140,5.22,1.41,OPEN,combined
2026-08-09 19:23:21,truck_001,141,5.13,1.15,CLOSE,combined
2026-08-09 19:23:21,truck_001,142,4.95,1.57,CLOSE,combined
2026-08-09 19:23:21,truck_001,143,4.87,1.02,CLOSE,combined
2026-08-09 19:23:21,truck_001,144,5.28,1.1,CLOSE,combined
2026-08-09 19:23:21,truck_001,145,5.09,1.18,CLOSE,combined
2026-08-09 19:23:21,truck_001,146,5.12,1.03,CLOSE,combined
2026-08-09 19:23:21,truck_001,147,5.25,1.22,CLOSE,combined
2026-08-09 19:23:21,truck_001,148,5.29,1.0,OPEN,combined
2026-08-09 19:23:21,truck_001,149,5.13,1.15,CLOSE,combined
2026-08-09 19:23:21,truck_001,150,5.02,1.05,OPEN,combined
2026-08-09 19:23:21,truck_001,151,5.32,1.43,CLOSE,combined
2026-08-09 19:23:21,truck_001,152,5.26,1.29,CLOSE,combined
2026-08-09 19:23:21,truck_001,153,5.18,1.31,CLOSE,combined
2026-08-09 19:23:21,truck_001,154,5.16,0.72,CLOSE,combined
2026-08-09 19:23:21,truck_001,155,5.16,0.96,CLOSE,combined
2026-08-09 19:23:21,truck_001,156,5.21,1.13,CLOSE,combined
2026-08-09 19:23:21,truck_001,157,5.39,0.98,CLOSE,combined
2026-08-09 19:23:21,truck_001,158,5.28,1.4,CLOSE,combined
2026-08-09 19:23:21,truck_001,159,5.35,1.02,CLOSE,combined
2026-08-09 19:23:21,truck_001,160,5.43,1.13,CLOSE,combined
2026-08-09 19:23:21,truck_001,161,5.42,1.41,OPEN,combined
2026-08-09 19:23:21,truck_001,162,5.33,1.19,CLOSE,combined
2026-08-09 19:23:21,truck_001,163,5.41,1.2,OPEN,combined
2026-08-09 19:23:21,truck_001,164,5.26,1.32,CLOSE,combined
2026-08-09 19:23:21,truck_001,165,5.19,0.92,CLOSE,combined
2026-08-09 19:23:21,truck_001,166,5.22,1.37,CLOSE,combined
2026-08-09 19:23:21,truck_001,167,5.43,1.23,CLOSE,combined
2026-08-09 19:23:21,truck_001,168,5.39,1.07,CLOSE,combined
2026-08-09 19:23:21,truck_001,169,5.21,1.24,CLOSE,combined
2026-08-09 19:23:21,truck_001,170,5.28,0.93,OPEN,combined
2026-08-09 19:23:21,truck_001,171,5.28,1.07,CLOSE,combined
2026-08-09 19:23:21,truck_001,172,5.42,1.14,CLOSE,combined
2026-08-09 19:23:21,truck_001,173,5.32,0.99,CLOSE,combined
2026-08-09 19:23:21,truck_001,174,5.52,1.23,CLOSE,combined
2026-08-09 19:23:21,truck_001,175,5.37,1.07,CLOSE,combined
2026-08-09 19:23:21,truck_001,176,5.45,1.22,CLOSE,combined
2026-08-09 19:23:21,truck_001,177,5.36,1.49,CLOSE,combined
2026-08-09 19:23:21,truck_001,178,5.33,1.08,CLOSE,combined
2026-08-09 19:23:21,truck_001,179,5.41,1.28,CLOSE,combined
2026-08-09 19:23:21,truck_001,180,5.46,1.39,CLOSE,combined
2026-08-09 19:23:21,truck_001,181,5.64,1.02,OPEN,combined
2026-08-09 19:23:21,truck_001,182,5.28,1.1,CLOSE,combined
2026-08-09 19:23:21,truck_001,183,5.43,1.31,CLOSE,combined
2026-08-09 19:23:21,truck_001,184,5.52,1.13,CLOSE,combined
2026-08-09 19:23:21,truck_001,185,5.68,0.92,CLOSE,combined
2026-08-09 19:23:21,truck_001,186,5.38,1.14,CLOSE,combined
2026-08-09 19:23:21,truck_001,187,5.42,1.32,CLOSE,combined
2026-08-09 19:23:21,truck_001,188,5.59,1.18,CLOSE,combined
2026-08-09 19:23:21,truck_001,189,5.39,1.21,CLOSE,combined
2026-08-09 19:23:21,truck_001,190,5.56,1.17,CLOSE,combined
2026-08-09 19:23:21,truck_001,191,5.52,1.54,CLOSE,combined
2026-08-09 19:23:21,truck_001,192,5.51,1.39,CLOSE,combined
2026-08-09 19:23:21,truck_001,193,5.58,0.96,OPEN,combined
2026-08-09 19:23:21,truck_001,194,5.61,1.45,CLOSE,combined
2026-08-09 19:23:21,truck_001,195,5.7,1.26,CLOSE,combined
2026-08-09 19:23:21,truck_001,196,5.66,1.26,CLOSE,combined
2026-08-09 19:23:21,truck_001,197,5.58,1.41,CLOSE,combined
2026-08-09 19:23:21,truck_001,198,5.58,1.16,CLOSE,combined
2026-08-09 19:23:21,truck_001,199,5.67,1.1,CLOSE,combined
2026-08-09 19:23:21,truck_001,200,5.78,0.98,CLOSE,combined
2026-08-09 19:23:21,truck_001,201,5.76,1.2,CLOSE,combined
2026-08-09 19:23:21,truck_001,202,5.49,1.14,CLOSE,combined
2026-08-09 19:23:21,truck_001,203,5.69,1.03,CLOSE,combined
2026-08-09 19:23:21,truck_001,204,5.71,0.92,CLOSE,combined
2026-08-09 19:23:21,truck_001,205,5.61,1.06,CLOSE,combined
2026-08-09 19:23:21,truck_001,206,5.62,1.27,OPEN,combined
2026-08-09 19:23:21,truck_001,207,5.74,1.29,CLOSE,combined
2026-08-09 19:23:21,truck_001,208,5.7,1.46,OPEN,combined
2026-08-09 19:23:21,truck_001,209,5.82,1.13,CLOSE,combined
2026-08-09 19:23:21,truck_001,210,5.62,1.45,CLOSE,combined
2026-08-09 19:23:21,truck_001,211,5.51,1.29,CLOSE,combined
2026-08-09 19:23:21,truck_001,212,5.89,1.04,OPEN,combined
2026-08-09 19:23:21,truck_001,213,5.85,1.08,CLOSE,combined
2026-08-09 19:23:21,truck_001,214,5.71,1.33,CLOSE,combined
2026-08-09 19:23:21,truck_001,215,5.95,1.12,CLOSE,combined
2026-08-09 19:23:21,truck_001,216,5.73,1.17,CLOSE,combined
2026-08-09 19:23:21,truck_001,217,5.72,1.32,CLOSE,combined
2026-08-09 19:23:21,truck_001,218,5.78,1.23,CLOSE,combined
2026-08-09 19:23:21,truck_001,219,5.72,0.76,CLOSE,combined
2026-08-09 19:23:21,truck_001,220,5.77,1.16,CLOSE,combined
2026-08-09 19:23:21,truck_001,221,5.82,1.17,CLOSE,combined
2026-08-09 19:23:21,truck_001,222,5.74,1.05,CLOSE,combined
2026-08-09 19:23:21,truck_001,223,5.8,1.35,CLOSE,combined
2026-08-09 19:23:21,truck_001,224,5.55,1.2,CLOSE,combined
2026-08-09 19:23:21,truck_001,225,5.82,0.93,CLOSE,combined
2026-08-09 19:23:21,truck_001,226,5.94,1.15,CLOSE,combined
2026-08-09 19:23:21,truck_001,227,5.79,1.25,CLOSE,combined
2026-08-09 19:23:21,truck_001,228,5.89,1.38,CLOSE,combined
2026-08-09 19:23:21,truck_001,229,5.97,1.39,OPEN,combined
2026-08-09 19:23:21,truck_001,230,5.86,1.39,CLOSE,combined
2026-08-09 19:23:21,truck_001,231,5.91,1.08,CLOSE,combined
2026-08-09 19:23:21,truck_001,232,5.88,1.69,OPEN,combined
2026-08-09 19:23:21,truck_001,233,5.88,1.25,CLOSE,combined
2026-08-09 19:23:21,truck_001,234,5.75,1.19,CLOSE,combined
2026-08-09 19:23:21,truck_001,235,5.96,1.42,CLOSE,combined
2026-08-09 19:23:21,truck_001,236,5.82,1.28,CLOSE,combined
2026-08-09 19:23:21,truck_001,237,6.07,1.17,CLOSE,combined
2026-08-09 19:23:21,truck_001,238,5.91,1.38,OPEN,combined
2026-08-09 19:23:21,truck_001,239,5.87,1.23,CLOSE,combined
2026-08-09 19:23:21,truck_001,240,5.85,1.3,CLOSE,combined
2026-08-09 19:23:21,truck_001,241,5.98,1.32,OPEN,combined
2026-08-09 19:23:21,truck_001,242,5.8,1.26,CLOSE,combined
2026-08-09 19:23:21,truck_001,243,5.91,1.31,CLOSE,combined
2026-08-09 19:23:21,truck_001,244,5.94,1.12,CLOSE,combined
2026-08-09 19:23:21,truck_001,245,6.12,1.18,CLOSE,combined
2026-08-09 19:23:21,truck_001,246,6.01,1.31,CLOSE,combined
2026-08-09 19:23:21,truck_001,247,5.96,0.88,OPEN,combined
2026-08-09 19:23:21,truck_001,248,5.95,1.26,CLOSE,combined
2026-08-09 19:23:21,truck_001,249,6.0,1.07,CLOSE,combined
2026-08-09 19:23:21,truck_001,250,6.13,1.0,OPEN,combined
2026-08-09 19:23:21,truck_001,251,6.21,1.08,CLOSE,combined
2026-08-09 19:23:21,truck_001,252,5.87,1.24,CLOSE,combined
2026-08-09 19:23:21,truck_001,253,6.17,1.17,CLOSE,combined
2026-08-09 19:23:21,truck_001,254,5.91,1.28,CLOSE,combined
2026-08-09 19:23:21,truck_001,255,6.06,1.01,CLOSE,combined
2026-08-09 19:23:21,truck_001,256,6.04,1.03,OPEN,combined
2026-08-09 19:23:21,truck_001,257,6.17,1.29,CLOSE,combined
2026-08-09 19:23:21,truck_001,258,6.29,1.1,CLOSE,combined
2026-08-09 19:23:21,truck_001,259,6.15,1.27,CLOSE,combined
2026-08-09 19:23:21,truck_001,260,6.23,1.32,CLOSE,combined
2026-08-09 19:23:21,truck_001,261,6.11,0.96,CLOSE,combined
2026-08-09 19:23:21,truck_001,262,6.11,1.16,CLOSE,combined
2026-08-09 19:23:21,truck_001,263,5.96,0.86,CLOSE,combined
2026-08-09 19:23:21,truck_001,264,6.15,1.23,CLOSE,combined
2026-08-09 19:23:21,truck_001,265,6.15,1.0,CLOSE,combined
2026-08-09 19:23:21,truck_001,266,6.09,1.13,OPEN,combined
2026-08-09 19:23:21,truck_001,267,6.09,1.23,OPEN,combined
2026-08-09 19:23:21,truck_001,268,6.23,1.41,CLOSE,combined
2026-08-09 19:23:21,truck_001,269,6.1,1.26,CLOSE,combined
2026-08-09 19:23:21,truck_001,270,6.01,1.11,OPEN,combined
2026-08-09 19:23:21,truck_001,271,6.12,1.17,CLOSE,combined
2026-08-09 19:23:21,truck_001,272,6.14,1.26,CLOSE,combined
2026-08-09 19:23:21,truck_001,273,6.25,1.26,CLOSE,combined
2026-08-09 19:23:21,truck_001,274,6.29,1.2,CLOSE,combined
2026-08-09 19:23:21,truck_001,275,6.11,1.28,CLOSE,combined
2026-08-09 19:23:21,truck_001,276,6.17,1.01,CLOSE,combined
2026-08-09 19:23:21,truck_001,277,6.28,1.23,CLOSE,combined
2026-08-09 19:23:21,truck_001,278,6.35,1.06,CLOSE,combined
2026-08-09 19:23:21,truck_001,279,6.34,1.29,CLOSE,combined
2026-08-09 19:23:21,truck_001,280,6.16,1.0,CLOSE,combined
2026-08-09 19:23:21,truck_001,281,6.4,1.17,CLOSE,combined
2026-08-09 19:23:21,truck_001,282,6.22,1.38,CLOSE,combined
2026-08-09 19:23:21,truck_001,283,6.23,1.29,CLOSE,combined
2026-08-09 19:23:21,truck_001,284,6.29,1.15,CLOSE,combined
2026-08-09 19:23:21,truck_001,285,6.38,1.3,CLOSE,combined
2026-08-09 19:23:21,truck_001,286,6.25,1.14,CLOSE,combined
2026-08-09 19:23:21,truck_001,287,6.44,1.3,CLOSE,combined
2026-08-09 19:23:21,truck_001,288,6.37,1.18,CLOSE,combined
2026-08-09 19:23:21,truck_001,289,6.42,1.48,CLOSE,combined
2026-08-09 19:23:21,truck_001,290,6.48,1.39,OPEN,combined
2026-08-09 19:23:21,truck_001,291,6.35,1.3,CLOSE,combined
2026-08-09 19:23:21,truck_001,292,6.23,1.25,CLOSE,combined
2026-08-09 19:23:21,truck_001,293,6.17,1.18,CLOSE,combined
2026-08-09 19:23:21,truck_001,294,6.22,1.17,CLOSE,combined
2026-08-09 19:23:21,truck_001,295,6.35,1.02,CLOSE,combined
2026-08-09 19:23:21,truck_001,296,6.23,1.16,CLOSE,combined
2026-08-09 19:23:21,truck_001,297,6.28,1.26,CLOSE,combined
2026-08-09 19:23:21,truck_001,298,6.38,1.04,CLOSE,combined
2026-08-09 19:23:21,truck_001,299,6.51,1.35,CLOSE,combined
2026-08-09 19:23:21,truck_001,300,6.48,1.01,CLOSE,combined
2026-08-09 19:23:21,truck_001,301,6.34,0.92,CLOSE,combined
2026-08-09 19:23:21,truck_001,302,6.12,1.09,CLOSE,combined
2026-08-09 19:23:21,truck_001,303,6.25,0.97,OPEN,combined
2026-08-09 19:23:21,truck_001,304,6.29,1.28,CLOSE,combined
2026-08-09 19:23:21,truck_001,305,6.4,1.17,OPEN,combined
2026-08-09 19:23:21,truck_001,306,6.31,1.12,CLOSE,combined
2026-08-09 19:23:21,truck_001,307,6.7,0.99,CLOSE,combined
2026-08-09 19:23:21,truck_001,308,6.36,1.18,CLOSE,combined
2026-08-09 19:23:21,truck_001,309,6.58,1.25,CLOSE,combined
2026-08-09 19:23:21,truck_001,310,6.74,1.12,CLOSE,combined
2026-08-09 19:23:21,truck_001,311,6.65,1.18,CLOSE,combined
2026-08-09 19:23:21,truck_001,312,6.53,1.31,CLOSE,combined
2026-08-09 19:23:21,truck_001,313,6.57,1.19,CLOSE,combined
2026-08-09 19:23:21,truck_001,314,6.52,1.23,CLOSE,combined
2026-08-09 19:23:21,truck_001,315,6.41,1.37,CLOSE,combined
2026-08-09 19:23:21,truck_001,316,6.53,1.22,OPEN,combined
2026-08-09 19:23:21,truck_001,317,6.53,1.11,CLOSE,combined
2026-08-09 19:23:21,truck_001,318,6.51,1.42,CLOSE,combined
2026-08-09 19:23:21,truck_001,319,6.56,1.28,OPEN,combined
2026-08-09 19:23:21,truck_001,320,6.34,1.09,CLOSE,combined
2026-08-09 19:23:21,truck_001,321,6.63,1.25,CLOSE,combined
2026-08-09 19:23:21,truck_001,322,6.66,0.97,CLOSE,combined
2026-08-09 19:23:21,truck_001,323,6.5,1.08,CLOSE,combined
2026-08-09 19:23:21,truck_001,324,6.5,1.21,CLOSE,combined
2026-08-09 19:23:21,truck_001,325,6.71,0.97,CLOSE,combined
2026-08-09 19:23:21,truck_001,326,6.6,1.34,CLOSE,combined
2026-08-09 19:23:21,truck_001,327,6.65,1.52,CLOSE,combined
2026-08-09 19:23:21,truck_001,328,6.64,0.99,CLOSE,combined
2026-08-09 19:23:21,truck_001,329,6.56,1.08,OPEN,combined
2026-08-09 19:23:21,truck_001,330,6.73,1.4,CLOSE,combined
2026-08-09 19:23:21,truck_001,331,6.75,1.07,CLOSE,combined
2026-08-09 19:23:21,truck_001,332,6.69,1.02,CLOSE,combined
2026-08-09 19:23:21,truck_001,333,6.79,1.15,CLOSE,combined
2026-08-09 19:23:21,truck_001,334,6.51,1.3,CLOSE,combined
2026-08-09 19:23:21,truck_001,335,6.64,1.32,CLOSE,combined
2026-08-09 19:23:21,truck_001,336,6.73,0.84,OPEN,combined
2026-08-09 19:23:21,truck_001,337,6.54,1.04,CLOSE,combined
2026-08-09 19:23:21,truck_001,338,6.54,1.1,CLOSE,combined
2026-08-09 19:23:21,truck_001,339,6.73,0.98,CLOSE,combined
2026-08-09 19:23:21,truck_001,340,6.77,0.96,CLOSE,combined
2026-08-09 19:23:21,truck_001,341,6.71,1.24,CLOSE,combined
2026-08-09 19:23:21,truck_001,342,6.71,1.49,CLOSE,combined
2026-08-09 19:23:21,truck_001,343,6.69,1.11,OPEN,combined
2026-08-09 19:23:21,truck_001,344,6.94,1.06,CLOSE,combined
2026-08-09 19:23:21,truck_001,345,6.88,1.32,CLOSE,combined
2026-08-09 19:23:21,truck_001,346,6.72,1.23,CLOSE,combined
2026-08-09 19:23:21,truck_001,347,6.72,1.18,CLOSE,combined
2026-08-09 19:23:21,truck_001,348,6.91,1.03,CLOSE,combined
2026-08-09 19:23:21,truck_001,349,6.68,0.9,CLOSE,combined
2026-08-09 19:23:21,truck_001,350,6.76,1.16,CLOSE,combined
2026-08-09 19:23:21,truck_001,351,6.87,1.0,CLOSE,combined
2026-08-09 19:23:21,truck_001,352,6.62,1.27,CLOSE,combined
2026-08-09 19:23:21,truck_001,353,6.81,0.92,CLOSE,combined
2026-08-09 19:23:21,truck_001,354,6.79,1.28,CLOSE,combined
2026-08-09 19:23:21,truck_001,355,6.83,1.03,CLOSE,combined
2026-08-09 19:23:21,truck_001,356,6.78,1.47,CLOSE,combined
2026-08-09 19:23:21,truck_001,357,6.92,1.13,CLOSE,combined
2026-08-09 19:23:21,truck_001,358,7.11,1.22,CLOSE,combined
2026-08-09 19:23:21,truck_001,359,6.75,1.25,CLOSE,combined
2026-08-09 19:23:21,truck_001,360,6.63,1.27,OPEN,combined
2026-08-09 19:23:21,truck_001,361,6.94,1.08,CLOSE,combined
2026-08-09 19:23:21,truck_001,362,6.89,1.16,CLOSE,combined
2026-08-09 19:23:21,truck_001,363,6.92,1.0,CLOSE,combined
2026-08-09 19:23:21,truck_001,364,6.96,1.38,CLOSE,combined
2026-08-09 19:23:21,truck_001,365,6.98,1.32,CLOSE,combined
2026-08-09 19:23:21,truck_001,366,6.86,1.11,OPEN,combined
2026-08-09 19:23:21,truck_001,367,7.06,1.12,CLOSE,combined
2026-08-09 19:23:21,truck_001,368,7.03,1.26,CLOSE,combined
2026-08-09 19:23:21,truck_001,369,6.94,1.36,CLOSE,combined
2026-08-09 19:23:21,truck_001,370,7.0,1.5,CLOSE,combined
2026-08-09 19:23:21,truck_001,371,6.98,0.95,CLOSE,combined
2026-08-09 19:23:21,truck_001,372,7.02,1.2,CLOSE,combined
2026-08-09 19:23:21,truck_001,373,7.01,1.23,CLOSE,combined
2026-08-09 19:23:21,truck_001,374,6.99,1.44,CLOSE,combined
2026-08-09 19:23:21,truck_001,375,7.07,1.19,CLOSE,combined
2026-08-09 19:23:21,truck_001,376,6.84,0.99,CLOSE,combined
2026-08-09 19:23:21,truck_001,377,7.04,1.04,CLOSE,combined
2026-08-09 19:23:21,truck_001,378,7.04,1.43,CLOSE,combined
2026-08-09 19:23:21,truck_001,379,7.05,1.19,CLOSE,combined
2026-08-09 19:23:21,truck_001,380,6.96,1.39,CLOSE,combined
2026-08-09 19:23:21,truck_001,381,7.11,1.3,CLOSE,combined
2026-08-09 19:23:21,truck_001,382,7.11,1.19,CLOSE,combined
2026-08-09 19:23:21,truck_001,383,7.17,1.16,CLOSE,combined
2026-08-09 19:23:21,truck_001,384,7.27,1.4,CLOSE,combined
2026-08-09 19:23:21,truck_001,385,7.05,1.47,OPEN,combined
2026-08-09 19:23:21,truck_001,386,7.04,1.12,OPEN,combined
2026-08-09 19:23:21,truck_001,387,7.14,1.38,CLOSE,combined
2026-08-09 19:23:21,truck_001,388,7.24,1.16,CLOSE,combined
2026-08-09 19:23:21,truck_001,389,7.04,0.92,CLOSE,combined
2026-08-09 19:23:21,truck_001,390,6.96,1.01,CLOSE,combined
2026-08-09 19:23:21,truck_001,391,7.04,0.98,CLOSE,combined
2026-08-09 19:23:21,truck_001,392,7.14,1.12,CLOSE,combined
2026-08-09 19:23:21,truck_001,393,7.13,1.24,CLOSE,combined
2026-08-09 19:23:21,truck_001,394,7.16,1.06,CLOSE,combined
2026-08-09 19:23:21,truck_001,395,7.08,0.97,CLOSE,combined
2026-08-09 19:23:21,truck_001,396,7.2,1.41,CLOSE,combined
2026-08-09 19:23:21,truck_001,397,7.23,1.25,CLOSE,combined
2026-08-09 19:23:21,truck_001,398,7.23,0.99,CLOSE,combined
2026-08-09 19:23:21,truck_001,399,7.16,1.14,CLOSE,combined
2026-08-09 19:23:21,truck_001,400,7.3,1.33,CLOSE,combined
2026-08-09 19:23:21,truck_001,401,7.24,1.4,CLOSE,combined
2026-08-09 19:23:21,truck_001,402,7.22,1.34,CLOSE,combined
2026-08-09 19:23:21,truck_001,403,7.12,1.28,CLOSE,combined
2026-08-09 19:23:21,truck_001,404,7.32,1.5,OPEN,combined
2026-08-09 19:23:21,truck_001,405,7.13,1.14,CLOSE,combined
2026-08-09 19:23:21,truck_001,406,7.24,1.18,CLOSE,combined
2026-08-09 19:23:21,truck_001,407,7.2,1.15,CLOSE,combined
2026-08-09 19:23:21,truck_001,408,7.34,1.24,CLOSE,combined
2026-08-09 19:23:21,truck_001,409,7.24,1.01,CLOSE,combined
2026-08-09 19:23:21,truck_001,410,7.46,1.38,CLOSE,combined
2026-08-09 19:23:21,truck_001,411,7.32,1.27,CLOSE,combined
2026-08-09 19:23:21,truck_001,412,7.35,1.44,CLOSE,combined
2026-08-09 19:23:21,truck_001,413,7.31,1.43,CLOSE,combined
2026-08-09 19:23:21,truck_001,414,7.48,1.17,CLOSE,combined
2026-08-09 19:23:21,truck_001,415,7.39,1.52,CLOSE,combined
2026-08-09 19:23:21,truck_001,416,7.29,1.12,CLOSE,combined
2026-08-09 19:23:21,truck_001,417,7.26,1.21,CLOSE,combined
2026-08-09 19:23:21,truck_001,418,7.38,1.27,CLOSE,combined
2026-08-09 19:23:21,truck_001,419,7.26,1.28,OPEN,combined
2026-08-09 19:23:21,truck_001,420,7.37,1.32,CLOSE,combined
2026-08-09 19:23:21,truck_001,421,7.57,1.16,OPEN,combined
2026-08-09 19:23:21,truck_001,422,7.31,1.07,CLOSE,combined
2026-08-09 19:23:21,truck_001,423,7.42,1.27,CLOSE,combined
2026-08-09 19:23:21,truck_001,424,7.37,1.39,CLOSE,combined
2026-08-09 19:23:21,truck_001,425,7.46,1.17,CLOSE,combined
2026-08-09 19:23:21,truck_001,426,7.43,1.19,CLOSE,combined
2026-08-09 19:23:21,truck_001,427,7.31,1.4,CLOSE,combined
2026-08-09 19:23:21,truck_001,428,7.43,1.23,CLOSE,combined
2026-08-09 19:23:21,truck_001,429,7.63,1.07,CLOSE,combined
2026-08-09 19:23:21,truck_001,430,7.71,1.19,CLOSE,combined
2026-08-09 19:23:21,truck_001,431,7.41,0.92,CLOSE,combined
2026-08-09 19:23:21,truck_001,432,7.46,1.43,CLOSE,combined
2026-08-09 19:23:21,truck_001,433,7.55,1.1,CLOSE,combined
2026-08-09 19:23:21,truck_001,434,7.56,1.28,CLOSE,combined
2026-08-09 19:23:21,truck_001,435,7.55,1.28,CLOSE,combined
2026-08-09 19:23:21,truck_001,436,7.7,1.44,CLOSE,combined
2026-08-09 19:23:21,truck_001,437,7.29,1.27,OPEN,combined
2026-08-09 19:23:21,truck_001,438,7.74,1.52,OPEN,combined
2026-08-09 19:23:21,truck_001,439,7.37,1.17,CLOSE,combined
2026-08-09 19:23:21,truck_001,440,7.45,1.15,CLOSE,combined
2026-08-09 19:23:21,truck_001,441,7.6,1.43,CLOSE,combined
2026-08-09 19:23:21,truck_001,442,7.64,1.11,CLOSE,combined
2026-08-09 19:23:21,truck_001,443,7.49,0.89,CLOSE,combined
2026-08-09 19:23:21,truck_001,444,7.55,1.21,CLOSE,combined
2026-08-09 19:23:21,truck_001,445,7.62,1.28,CLOSE,combined
2026-08-09 19:23:21,truck_001,446,7.74,1.04,CLOSE,combined
2026-08-09 19:23:21,truck_001,447,7.65,1.06,CLOSE,combined
2026-08-09 19:23:21,truck_001,448,7.57,1.11,CLOSE,combined
2026-08-09 19:23:21,truck_001,449,7.51,1.08,CLOSE,combined
2026-08-09 19:23:21,truck_001,450,7.59,1.0,CLOSE,combined
2026-08-09 19:23:21,truck_001,451,7.63,1.26,CLOSE,combined
2026-08-09 19:23:21,truck_001,452,7.64,1.15,OPEN,combined
2026-08-09 19:23:21,truck_001,453,7.78,1.31,OPEN,combined
2026-08-09 19:23:21,truck_001,454,7.87,1.04,CLOSE,combined
2026-08-09 19:23:21,truck_001,455,7.69,1.33,CLOSE,combined
2026-08-09 19:23:21,truck_001,456,7.73,1.26,CLOSE,combined
2026-08-09 19:23:21,truck_001,457,7.6,1.27,CLOSE,combined
2026-08-09 19:23:21,truck_001,458,7.63,1.28,CLOSE,combined
2026-08-09 19:23:21,truck_001,459,7.86,1.32,CLOSE,combined
2026-08-09 19:23:21,truck_001,460,7.8,1.24,CLOSE,combined
2026-08-09 19:23:21,truck_001,461,7.68,1.18,CLOSE,combined
2026-08-09 19:23:21,truck_001,462,7.72,0.96,CLOSE,combined
2026-08-09 19:23:21,truck_001,463,7.79,1.33,CLOSE,combined
2026-08-09 19:23:21,truck_001,464,7.74,1.49,CLOSE,combined
2026-08-09 19:23:21,truck_001,465,7.79,1.16,CLOSE,combined
2026-08-09 19:23:21,truck_001,466,7.75,1.06,CLOSE,combined
2026-08-09 19:23:21,truck_001,467,7.85,1.19,CLOSE,combined
2026-08-09 19:23:21,truck_001,468,7.63,1.22,CLOSE,combined
2026-08-09 19:23:21,truck_001,469,7.87,1.34,CLOSE,combined
2026-08-09 19:23:21,truck_001,470,7.62,1.04,CLOSE,combined
2026-08-09 19:23:21,truck_001,471,7.81,1.14,CLOSE,combined
2026-08-09 19:23:21,truck_001,472,7.88,1.06,CLOSE,combined
2026-08-09 19:23:21,truck_001,473,7.69,1.11,CLOSE,combined
2026-08-09 19:23:21,truck_001,474,7.85,1.14,CLOSE,combined
2026-08-09 19:23:21,truck_001,475,7.81,1.26,CLOSE,combined
2026-08-09 19:23:21,truck_001,476,7.74,1.29,CLOSE,combined
2026-08-09 19:23:21,truck_001,477,7.87,1.27,OPEN,combined
2026-08-09 19:23:21,truck_001,478,7.6,1.07,CLOSE,combined
2026-08-09 19:23:21,truck_001,479,7.78,1.01,CLOSE,combined
2026-08-09 19:23:21,truck_001,480,7.9,1.53,CLOSE,combined
2026-08-09 19:23:21,truck_001,481,7.89,1.1,CLOSE,combined
2026-08-09 19:23:21,truck_001,482,7.8,1.3,CLOSE,combined
2026-08-09 19:23:21,truck_001,483,7.92,1.5,CLOSE,combined
2026-08-09 19:23:21,truck_001,484,7.86,1.36,CLOSE,combined
2026-08-09 19:23:21,truck_001,485,7.82,1.13,CLOSE,combined
2026-08-09 19:23:21,truck_001,486,8.07,1.15,CLOSE,combined
2026-08-09 19:23:21,truck_001,487,8.04,1.14,OPEN,combined
2026-08-09 19:23:21,truck_001,488,7.81,1.25,CLOSE,combined
2026-08-09 19:23:21,truck_001,489,7.99,1.31,CLOSE,combined
2026-08-09 19:23:21,truck_001,490,7.92,1.24,CLOSE,combined
2026-08-09 19:23:21,truck_001,491,8.03,1.26,OPEN,combined
2026-08-09 19:23:21,truck_001,492,7.94,1.17,CLOSE,combined
2026-08-09 19:23:21,truck_001,493,7.85,1.52,CLOSE,combined
2026-08-09 19:23:21,truck_001,494,7.9,1.04,CLOSE,combined
2026-08-09 19:23:21,truck_001,495,7.77,1.24,CLOSE,combined
2026-08-09 19:23:21,truck_001,496,7.86,1.17,OPEN,combined
2026-08-09 19:23:21,truck_001,497,7.98,1.12,CLOSE,combined
2026-08-09 19:23:21,truck_001,498,8.11,1.01,CLOSE,combined
2026-08-09 19:23:21,truck_001,499,8.02,1.37,CLOSE,combined
2026-08-09 19:23:21,truck_001,500,8.1,1.19,CLOSE,combined
2026-08-09 19:23:21,truck_001,501,8.06,1.12,CLOSE,combined
2026-08-09 19:23:21,truck_001,502,7.97,1.11,CLOSE,combined
2026-08-09 19:23:21,truck_001,503,8.02,0.88,CLOSE,combined
2026-08-09 19:23:21,truck_001,504,7.97,1.45,CLOSE,combined
2026-08-09 19:23:21,truck_001,505,7.91,1.44,CLOSE,combined
2026-08-09 19:23:21,truck_001,506,8.08,1.34,CLOSE,combined
2026-08-09 19:23:21,truck_001,507,8.12,0.97,CLOSE,combined
2026-08-09 19:23:21,truck_001,508,8.01,1.18,CLOSE,combined
2026-08-09 19:23:21,truck_001,509,7.82,1.15,CLOSE,combined
2026-08-09 19:23:21,truck_001,510,8.29,0.98,CLOSE,combined
2026-08-09 19:23:21,truck_001,511,8.05,1.31,CLOSE,combined
2026-08-09 19:23:21,truck_001,512,7.96,1.1,CLOSE,combined
2026-08-09 19:23:21,truck_001,513,7.91,1.19,CLOSE,combined
2026-08-09 19:23:21,truck_001,514,8.2,1.0,CLOSE,combined
2026-08-09 19:23:21,truck_001,515,8.06,1.34,CLOSE,combined
2026-08-09 19:23:21,truck_001,516,8.2,1.44,CLOSE,combined
2026-08-09 19:23:21,truck_001,517,8.1,1.18,CLOSE,combined
2026-08-09 19:23:21,truck_001,518,8.2,1.04,CLOSE,combined
2026-08-09 19:23:21,truck_001,519,8.17,1.32,CLOSE,combined
2026-08-09 19:23:21,truck_001,520,7.96,1.34,CLOSE,combined
2026-08-09 19:23:21,truck_001,521,8.29,1.33,CLOSE,combined
2026-08-09 19:23:21,truck_001,522,8.21,1.35,OPEN,combined
2026-08-09 19:23:21,truck_001,523,8.14,1.22,CLOSE,combined
2026-08-09 19:23:21,truck_001,524,8.18,1.23,CLOSE,combined
2026-08-09 19:23:21,truck_001,525,8.09,0.99,CLOSE,combined
2026-08-09 19:23:21,truck_001,526,8.31,1.14,CLOSE,combined
2026-08-09 19:23:21,truck_001,527,8.11,0.98,CLOSE,combined
2026-08-09 19:23:21,truck_001,528,8.21,1.4,CLOSE,combined
2026-08-09 19:23:21,truck_001,529,8.11,1.02,CLOSE,combined
2026-08-09 19:23:21,truck_001,530,8.41,1.34,CLOSE,combined
2026-08-09 19:23:21,truck_001,531,8.4,1.21,OPEN,combined
2026-08-09 19:23:21,truck_001,532,8.32,1.12,CLOSE,combined
2026-08-09 19:23:21,truck_001,533,8.29,1.02,CLOSE,combined
2026-08-09 19:23:21,truck_001,534,8.15,1.2,CLOSE,combined
2026-08-09 19:23:21,truck_001,535,8.34,1.24,CLOSE,combined
2026-08-09 19:23:21,truck_001,536,8.13,1.55,CLOSE,combined
2026-08-09 19:23:21,truck_001,537,8.28,1.15,CLOSE,combined
2026-08-09 19:23:21,truck_001,538,8.24,1.06,CLOSE,combined
2026-08-09 19:23:21,truck_001,539,8.29,1.12,CLOSE,combined
2026-08-09 19:23:21,truck_001,540,8.17,1.07,CLOSE,combined
2026-08-09 19:23:21,truck_001,541,8.21,1.1,CLOSE,combined
2026-08-09 19:23:21,truck_001,542,8.32,1.01,CLOSE,combined
2026-08-09 19:23:21,truck_001,543,8.51,1.38,CLOSE,combined
2026-08-09 19:23:21,truck_001,544,8.31,1.15,CLOSE,combined
2026-08-09 19:23:21,truck_001,545,8.32,1.46,CLOSE,combined
2026-08-09 19:23:21,truck_001,546,8.37,1.25,CLOSE,combined
2026-08-09 19:23:21,truck_001,547,8.44,1.18,CLOSE,combined
2026-08-09 19:23:21,truck_001,548,8.38,0.93,CLOSE,combined
2026-08-09 19:23:21,truck_001,549,8.48,1.33,CLOSE,combined
2026-08-09 19:23:21,truck_001,550,8.54,1.33,CLOSE,combined
2026-08-09 19:23:21,truck_001,551,8.7,1.4,CLOSE,combined
2026-08-09 19:23:21,truck_001,552,8.46,1.09,CLOSE,combined
2026-08-09 19:23:21,truck_001,553,8.35,1.3,CLOSE,combined
2026-08-09 19:23:21,truck_001,554,8.39,1.15,OPEN,combined
2026-08-09 19:23:21,truck_001,555,8.51,1.24,CLOSE,combined
2026-08-09 19:23:21,truck_001,556,8.53,1.26,CLOSE,combined
2026-08-09 19:23:21,truck_001,557,8.54,1.18,OPEN,combined
2026-08-09 19:23:21,truck_001,558,8.49,1.04,CLOSE,combined
2026-08-09 19:23:21,truck_001,559,8.5,1.13,CLOSE,combined
2026-08-09 19:23:21,truck_001,560,8.42,1.32,CLOSE,combined
2026-08-09 19:23:21,truck_001,561,8.41,1.38,CLOSE,combined
2026-08-09 19:23:21,truck_001,562,8.39,1.45,OPEN,combined
2026-08-09 19:23:21,truck_001,563,8.33,1.01,CLOSE,combined
2026-08-09 19:23:21,truck_001,564,8.45,1.13,CLOSE,combined
2026-08-09 19:23:21,truck_001,565,8.48,1.4,CLOSE,combined
2026-08-09 19:23:21,truck_001,566,8.58,0.99,CLOSE,combined
2026-08-09 19:23:21,truck_001,567,8.56,1.08,CLOSE,combined
2026-08-09 19:23:21,truck_001,568,8.63,1.03,CLOSE,combined
2026-08-09 19:23:21,truck_001,569,8.54,1.17,OPEN,combined
2026-08-09 19:23:21,truck_001,570,8.65,1.21,CLOSE,combined
2026-08-09 19:23:21,truck_001,571,8.45,1.14,CLOSE,combined
2026-08-09 19:23:21,truck_001,572,8.5,1.14,CLOSE,combined
2026-08-09 19:23:21,truck_001,573,8.58,1.43,CLOSE,combined
2026-08-09 19:23:21,truck_001,574,8.67,1.33,CLOSE,combined
2026-08-09 19:23:21,truck_001,575,8.65,0.98,CLOSE,combined
2026-08-09 19:23:21,truck_001,576,8.51,1.17,CLOSE,combined
2026-08-09 19:23:21,truck_001,577,8.63,1.31,CLOSE,combined
2026-08-09 19:23:21,truck_001,578,8.63,1.36,CLOSE,combined
2026-08-09 19:23:21,truck_001,579,8.61,1.16,CLOSE,combined
2026-08-09 19:23:21,truck_001,580,8.6,1.39,CLOSE,combined
2026-08-09 19:23:21,truck_001,581,8.72,1.31,CLOSE,combined
2026-08-09 19:23:21,truck_001,582,8.67,1.18,CLOSE,combined
2026-08-09 19:23:21,truck_001,583,8.54,1.17,CLOSE,combined
2026-08-09 19:23:21,truck_001,584,8.6,1.15,CLOSE,combined
2026-08-09 19:23:21,truck_001,585,8.52,1.32,CLOSE,combined
2026-08-09 19:23:21,truck_001,586,8.71,1.43,CLOSE,combined
2026-08-09 19:23:21,truck_001,587,8.73,1.3,CLOSE,combined
2026-08-09 19:23:21,truck_001,588,8.52,1.16,CLOSE,combined
2026-08-09 19:23:21,truck_001,589,8.77,1.04,CLOSE,combined
2026-08-09 19:23:21,truck_001,590,8.62,1.09,CLOSE,combined
2026-08-09 19:23:21,truck_001,591,8.75,1.61,CLOSE,combined
2026-08-09 19:23:21,truck_001,592,8.8,1.17,CLOSE,combined
2026-08-09 19:23:21,truck_001,593,8.67,1.26,CLOSE,combined
2026-08-09 19:23:21,truck_001,594,8.76,1.34,CLOSE,combined
2026-08-09 19:23:21,truck_001,595,8.71,1.25,CLOSE,combined
2026-08-09 19:23:21,truck_001,596,8.81,1.3,CLOSE,combined
2026-08-09 19:23:21,truck_001,597,8.81,1.43,CLOSE,combined
2026-08-09 19:23:21,truck_001,598,8.8,0.98,CLOSE,combined
2026-08-09 19:23:21,truck_001,599,9.13,1.07,CLOSE,combined
2026-08-09 19:23:21,truck_001,600,8.76,1.31,CLOSE,combined
2026-08-09 19:23:21,truck_001,601,8.67,1.04,CLOSE,combined
2026-08-09 19:23:21,truck_001,602,8.62,1.36,CLOSE,combined
2026-08-09 19:23:21,truck_001,603,8.99,1.23,CLOSE,combined
2026-08-09 19:23:21,truck_001,604,8.88,1.31,CLOSE,combined
2026-08-09 19:23:21,truck_001,605,8.86,1.24,CLOSE,combined
2026-08-09 19:23:21,truck_001,606,8.86,1.19,CLOSE,combined
2026-08-09 19:23:21,truck_001,607,8.81,1.19,CLOSE,combined
2026-08-09 19:23:21,truck_001,608,8.9,0.86,CLOSE,combined
2026-08-09 19:23:21,truck_001,609,8.93,1.15,CLOSE,combined
2026-08-09 19:23:21,truck_001,610,9.04,1.42,CLOSE,combined
2026-08-09 19:23:21,truck_001,611,8.98,1.47,CLOSE,combined
2026-08-09 19:23:21,truck_001,612,8.89,1.26,CLOSE,combined
2026-08-09 19:23:21,truck_001,613,8.97,1.15,CLOSE,combined
2026-08-09 19:23:21,truck_001,614,8.83,1.24,CLOSE,combined
2026-08-09 19:23:21,truck_001,615,8.87,1.4,CLOSE,combined
2026-08-09 19:23:21,truck_001,616,9.05,1.1,OPEN,combined
2026-08-09 19:23:21,truck_001,617,9.13,1.15,OPEN,combined
2026-08-09 19:23:21,truck_001,618,9.05,1.29,CLOSE,combined
2026-08-09 19:23:21,truck_001,619,9.02,1.19,CLOSE,combined
2026-08-09 19:23:21,truck_001,620,8.96,1.33,OPEN,combined
2026-08-09 19:23:21,truck_001,621,8.87,1.2,CLOSE,combined
2026-08-09 19:23:21,truck_001,622,9.0,1.49,CLOSE,combined
2026-08-09 19:23:21,truck_001,623,8.99,1.26,CLOSE,combined
2026-08-09 19:23:21,truck_001,624,8.9,1.5,CLOSE,combined
2026-08-09 19:23:21,truck_001,625,9.13,1.18,CLOSE,combined
2026-08-09 19:23:21,truck_001,626,8.92,1.29,CLOSE,combined
2026-08-09 19:23:21,truck_001,627,9.04,1.15,CLOSE,combined
2026-08-09 19:23:21,truck_001,628,8.89,1.34,CLOSE,combined
2026-08-09 19:23:21,truck_001,629,8.96,1.56,CLOSE,combined
2026-08-09 19:23:21,truck_001,630,9.22,1.3,OPEN,combined
2026-08-09 19:23:21,truck_001,631,9.02,1.05,CLOSE,combined
2026-08-09 19:23:21,truck_001,632,9.15,1.14,CLOSE,combined
2026-08-09 19:23:21,truck_001,633,9.1,1.3,CLOSE,combined
2026-08-09 19:23:21,truck_001,634,9.24,1.07,CLOSE,combined
2026-08-09 19:23:21,truck_001,635,9.15,1.15,CLOSE,combined
2026-08-09 19:23:21,truck_001,636,9.25,0.94,CLOSE,combined
2026-08-09 19:23:21,truck_001,637,9.01,0.97,CLOSE,combined
2026-08-09 19:23:21,truck_001,638,9.3,1.32,OPEN,combined
2026-08-09 19:23:21,truck_001,639,9.12,1.24,CLOSE,combined
2026-08-09 19:23:21,truck_001,640,9.23,1.06,CLOSE,combined
2026-08-09 19:23:21,truck_001,641,9.13,1.17,CLOSE,combined
2026-08-09 19:23:21,truck_001,642,9.22,1.09,CLOSE,combined
2026-08-09 19:23:21,truck_001,643,9.14,1.18,CLOSE,combined
2026-08-09 19:23:21,truck_001,644,9.24,1.17,CLOSE,combined
2026-08-09 19:23:21,truck_001,645,9.18,1.27,CLOSE,combined
2026-08-09 19:23:21,truck_001,646,9.22,1.4,CLOSE,combined
2026-08-09 19:23:21,truck_001,647,9.05,1.18,CLOSE,combined
2026-08-09 19:23:21,truck_001,648,9.11,1.16,CLOSE,combined
2026-08-09 19:23:21,truck_001,649,9.23,1.16,CLOSE,combined
2026-08-09 19:23:21,truck_001,650,9.12,1.23,CLOSE,combined
2026-08-09 19:23:21,truck_001,651,9.21,1.16,CLOSE,combined
2026-08-09 19:23:21,truck_001,652,9.16,1.23,CLOSE,combined
2026-08-09 19:23:21,truck_001,653,9.21,1.23,CLOSE,combined
2026-08-09 19:23:21,truck_001,654,9.37,1.39,CLOSE,combined
2026-08-09 19:23:21,truck_001,655,9.24,1.25,OPEN,combined
2026-08-09 19:23:21,truck_001,656,9.3,1.15,CLOSE,combined
2026-08-09 19:23:21,truck_001,657,9.13,1.27,CLOSE,combined
2026-08-09 19:23:21,truck_001,658,9.15,1.27,CLOSE,combined
2026-08-09 19:23:21,truck_001,659,9.26,1.37,CLOSE,combined
2026-08-09 19:23:21,truck_001,660,9.41,1.04,CLOSE,combined
2026-08-09 19:23:21,truck_001,661,9.49,1.32,CLOSE,combined
2026-08-09 19:23:21,truck_001,662,9.22,1.39,CLOSE,combined
2026-08-09 19:23:21,truck_001,663,9.29,1.34,CLOSE,combined
2026-08-09 19:23:21,truck_001,664,9.44,1.26,CLOSE,combined
2026-08-09 19:23:21,truck_001,665,9.47,1.33,CLOSE,combined
2026-08-09 19:23:21,truck_001,666,9.29,1.38,CLOSE,combined
2026-08-09 19:23:21,truck_001,667,9.44,1.38,CLOSE,combined
2026-08-09 19:23:21,truck_001,668,9.61,1.06,CLOSE,combined
2026-08-09 19:23:21,truck_001,669,9.42,1.07,CLOSE,combined
2026-08-09 19:23:21,truck_001,670,9.26,1.36,CLOSE,combined
2026-08-09 19:23:21,truck_001,671,9.35,1.45,CLOSE,combined
2026-08-09 19:23:21,truck_001,672,9.59,1.24,OPEN,combined
2026-08-09 19:23:21,truck_001,673,9.42,1.17,CLOSE,combined
2026-08-09 19:23:21,truck_001,674,9.54,1.05,CLOSE,combined
2026-08-09 19:23:21,truck_001,675,9.4,1.37,CLOSE,combined
2026-08-09 19:23:21,truck_001,676,9.36,1.26,CLOSE,combined
2026-08-09 19:23:21,truck_001,677,9.4,1.23,CLOSE,combined
2026-08-09 19:23:21,truck_001,678,9.44,1.46,OPEN,combined
2026-08-09 19:23:21,truck_001,679,9.4,1.35,CLOSE,combined
2026-08-09 19:23:21,truck_001,680,9.31,1.49,CLOSE,combined
2026-08-09 19:23:21,truck_001,681,9.55,1.34,CLOSE,combined
2026-08-09 19:23:21,truck_001,682,9.17,1.16,CLOSE,combined
2026-08-09 19:23:21,truck_001,683,9.57,1.28,CLOSE,combined
2026-08-09 19:23:21,truck_001,684,9.34,1.3,OPEN,combined
2026-08-09 19:23:21,truck_001,685,9.6,1.19,CLOSE,combined
2026-08-09 19:23:21,truck_001,686,9.68,1.4,CLOSE,combined
2026-08-09 19:23:21,truck_001,687,9.49,1.49,CLOSE,combined
2026-08-09 19:23:21,truck_001,688,9.28,1.05,CLOSE,combined
2026-08-09 19:23:21,truck_001,689,9.41,1.33,CLOSE,combined
2026-08-09 19:23:21,truck_001,690,9.6,1.33,CLOSE,combined
2026-08-09 19:23:21,truck_001,691,9.19,1.38,CLOSE,combined
2026-08-09 19:23:21,truck_001,692,9.74,1.31,CLOSE,combined
2026-08-09 19:23:21,truck_001,693,9.52,1.26,CLOSE,combined
2026-08-09 19:23:21,truck_001,694,9.61,1.16,OPEN,combined
2026-08-09 19:23:21,truck_001,695,9.47,1.1,CLOSE,combined
2026-08-09 19:23:21,truck_001,696,9.58,1.0,CLOSE,combined
2026-08-09 19:23:21,truck_001,697,9.39,1.37,CLOSE,combined
2026-08-09 19:23:21,truck_001,698,9.63,1.01,CLOSE,combined
2026-08-09 19:23:21,truck_001,699,9.66,0.9,CLOSE,combined
2026-08-09 19:23:21,truck_001,700,9.4,1.19,CLOSE,combined
2026-08-09 19:23:21,truck_001,701,9.63,1.2,OPEN,combined
2026-08-09 19:23:21,truck_001,702,9.61,1.38,OPEN,combined
2026-08-09 19:23:21,truck_001,703,9.68,1.17,CLOSE,combined
2026-08-09 19:23:21,truck_001,704,9.65,1.28,CLOSE,combined
2026-08-09 19:23:21,truck_001,705,9.48,1.11,CLOSE,combined
2026-08-09 19:23:21,truck_001,706,9.75,1.19,CLOSE,combined
2026-08-09 19:23:21,truck_001,707,9.69,1.35,CLOSE,combined
2026-08-09 19:23:21,truck_001,708,9.59,1.08,CLOSE,combined
2026-08-09 19:23:21,truck_001,709,9.72,1.31,CLOSE,combined
2026-08-09 19:23:21,truck_001,710,9.7,1.18,CLOSE,combined
2026-08-09 19:23:21,truck_001,711,9.74,1.22,CLOSE,combined
2026-08-09 19:23:21,truck_001,712,9.65,1.33,CLOSE,combined
2026-08-09 19:23:21,truck_001,713,9.81,1.35,CLOSE,combined
2026-08-09 19:23:21,truck_001,714,9.73,1.34,CLOSE,combined
2026-08-09 19:23:21,truck_001,715,9.9,1.13,CLOSE,combined
2026-08-09 19:23:21,truck_001,716,9.69,0.93,CLOSE,combined
2026-08-09 19:23:21,truck_001,717,9.83,1.12,CLOSE,combined
2026-08-09 19:23:21,truck_001,718,9.79,1.02,CLOSE,combined
2026-08-09 19:23:21,truck_001,719,9.69,1.1,CLOSE,combined
2026-08-09 19:23:21,truck_001,720,9.86,1.18,CLOSE,combined
2026-08-09 19:23:21,truck_001,721,9.63,1.4,OPEN,combined
2026-08-09 19:23:21,truck_001,722,9.75,1.07,CLOSE,combined
2026-08-09 19:23:21,truck_001,723,9.57,1.21,CLOSE,combined
2026-08-09 19:23:21,truck_001,724,9.81,1.11,CLOSE,combined
2026-08-09 19:23:21,truck_001,725,9.73,1.41,CLOSE,combined
2026-08-09 19:23:21,truck_001,726,9.77,1.04,CLOSE,combined
2026-08-09 19:23:21,truck_001,727,9.74,1.3,CLOSE,combined
2026-08-09 19:23:21,truck_001,728,9.79,1.05,CLOSE,combined
2026-08-09 19:23:21,truck_001,729,9.9,1.38,CLOSE,combined
2026-08-09 19:23:21,truck_001,730,9.86,1.36,CLOSE,combined
2026-08-09 19:23:21,truck_001,731,9.85,1.3,CLOSE,combined
2026-08-09 19:23:21,truck_001,732,9.72,1.15,CLOSE,combined
2026-08-09 19:23:21,truck_001,733,9.76,1.3,CLOSE,combined
2026-08-09 19:23:21,truck_001,734,9.92,1.24,CLOSE,combined
2026-08-09 19:23:21,truck_001,735,9.81,1.13,CLOSE,combined
2026-08-09 19:23:21,truck_001,736,9.99,1.17,CLOSE,combined
2026-08-09 19:23:21,truck_001,737,9.71,1.46,CLOSE,combined
2026-08-09 19:23:21,truck_001,738,10.06,1.07,CLOSE,combined
2026-08-09 19:23:21,truck_001,739,9.89,1.02,CLOSE,combined
2026-08-09 19:23:21,truck_001,740,9.99,1.16,CLOSE,combined
2026-08-09 19:23:21,truck_001,741,9.92,1.0,CLOSE,combined
2026-08-09 19:23:21,truck_001,742,9.98,1.41,CLOSE,combined
2026-08-09 19:23:21,truck_001,743,10.03,1.22,CLOSE,combined
2026-08-09 19:23:21,truck_001,744,9.94,0.99,CLOSE,combined
2026-08-09 19:23:21,truck_001,745,10.04,1.03,CLOSE,combined
2026-08-09 19:23:21,truck_001,746,10.0,1.38,OPEN,combined
2026-08-09 19:23:21,truck_001,747,9.98,1.13,CLOSE,combined
2026-08-09 19:23:21,truck_001,748,9.97,1.22,CLOSE,combined
2026-08-09 19:23:21,truck_001,749,10.1,0.88,CLOSE,combined
2026-08-09 19:23:21,truck_001,750,9.91,1.07,CLOSE,combined
2026-08-09 19:23:21,truck_001,751,9.99,1.37,OPEN,combined
2026-08-09 19:23:21,truck_001,752,10.07,1.06,OPEN,combined
2026-08-09 19:23:21,truck_001,753,10.03,0.93,CLOSE,combined
2026-08-09 19:23:21,truck_001,754,10.08,1.16,CLOSE,combined
2026-08-09 19:23:21,truck_001,755,10.0,1.2,CLOSE,combined
2026-08-09 19:23:21,truck_001,756,9.92,0.93,CLOSE,combined
2026-08-09 19:23:21,truck_001,757,9.98,1.1,CLOSE,combined
2026-08-09 19:23:21,truck_001,758,10.08,1.2,CLOSE,combined
2026-08-09 19:23:21,truck_001,759,10.08,1.35,CLOSE,combined
2026-08-09 19:23:21,truck_001,760,10.06,1.09,CLOSE,combined
2026-08-09 19:23:21,truck_001,761,10.09,1.08,CLOSE,combined
2026-08-09 19:23:21,truck_001,762,10.21,1.07,CLOSE,combined
2026-08-09 19:23:21,truck_001,763,10.27,1.34,CLOSE,combined
2026-08-09 19:23:21,truck_001,764,10.29,1.18,OPEN,combined
2026-08-09 19:23:21,truck_001,765,10.11,1.2,CLOSE,combined
2026-08-09 19:23:21,truck_001,766,10.1,1.38,CLOSE,combined
2026-08-09 19:23:21,truck_001,767,10.24,1.24,CLOSE,combined
2026-08-09 19:23:21,truck_001,768,10.29,1.04,OPEN,combined
2026-08-09 19:23:21,truck_001,769,10.18,1.36,CLOSE,combined
2026-08-09 19:23:21,truck_001,770,10.13,1.53,CLOSE,combined
2026-08-09 19:23:21,truck_001,771,10.2,1.11,CLOSE,combined
2026-08-09 19:23:21,truck_001,772,10.25,1.19,CLOSE,combined
2026-08-09 19:23:21,truck_001,773,10.34,1.18,CLOSE,combined
2026-08-09 19:23:21,truck_001,774,10.33,1.17,CLOSE,combined
2026-08-09 19:23:21,truck_001,775,10.17,1.41,CLOSE,combined
2026-08-09 19:23:21,truck_001,776,10.16,1.11,CLOSE,combined
2026-08-09 19:23:21,truck_001,777,9.96,1.02,OPEN,combined
2026-08-09 19:23:21,truck_001,778,10.2,0.94,CLOSE,combined
2026-08-09 19:23:21,truck_001,779,10.06,1.21,CLOSE,combined
2026-08-09 19:23:21,truck_001,780,10.17,1.26,CLOSE,combined
2026-08-09 19:23:21,truck_001,781,10.26,1.13,CLOSE,combined
2026-08-09 19:23:21,truck_001,782,10.36,1.32,CLOSE,combined
2026-08-09 19:23:21,truck_001,783,10.25,0.95,CLOSE,combined
2026-08-09 19:23:21,truck_001,784,10.31,1.26,CLOSE,combined
2026-08-09 19:23:21,truck_001,785,10.2,1.2,CLOSE,combined
2026-08-09 19:23:21,truck_001,786,10.35,1.24,CLOSE,combined
2026-08-09 19:23:21,truck_001,787,10.18,1.27,CLOSE,combined
2026-08-09 19:23:21,truck_001,788,10.27,1.33,CLOSE,combined
2026-08-09 19:23:21,truck_001,789,10.34,1.32,CLOSE,combined
2026-08-09 19:23:21,truck_001,790,10.22,1.26,CLOSE,combined
2026-08-09 19:23:21,truck_001,791,10.35,1.24,CLOSE,combined
2026-08-09 19:23:21,truck_001,792,10.15,1.06,CLOSE,combined
2026-08-09 19:23:21,truck_001,793,10.31,1.31,CLOSE,combined
2026-08-09 19:23:21,truck_001,794,10.23,1.09,CLOSE,combined
2026-08-09 19:23:21,truck_001,795,10.47,1.23,CLOSE,combined
2026-08-09 19:23:21,truck_001,796,10.47,1.5,CLOSE,combined
2026-08-09 19:23:21,truck_001,797,10.37,1.15,CLOSE,combined
2026-08-09 19:23:21,truck_001,798,10.43,1.42,CLOSE,combined
2026-08-09 19:23:21,truck_001,799,10.61,1.15,CLOSE,combined
2026-08-09 19:23:21,truck_001,800,10.44,1.26,CLOSE,combined
2026-08-09 19:23:21,truck_001,801,10.39,1.42,CLOSE,combined
2026-08-09 19:23:21,truck_001,802,10.57,1.21,CLOSE,combined
2026-08-09 19:23:21,truck_001,803,10.32,1.34,CLOSE,combined
2026-08-09 19:23:21,truck_001,804,10.37,1.16,OPEN,combined
2026-08-09 19:23:21,truck_001,805,10.38,1.37,CLOSE,combined
2026-08-09 19:23:21,truck_001,806,10.5,1.18,CLOSE,combined
2026-08-09 19:23:21,truck_001,807,10.45,0.82,CLOSE,combined
2026-08-09 19:23:21,truck_001,808,10.48,1.43,CLOSE,combined
2026-08-09 19:23:21,truck_001,809,10.64,1.38,CLOSE,combined
2026-08-09 19:23:21,truck_001,810,10.54,1.43,CLOSE,combined
2026-08-09 19:23:21,truck_001,811,10.52,1.08,CLOSE,combined
2026-08-09 19:23:21,truck_001,812,10.45,1.2,CLOSE,combined
2026-08-09 19:23:21,truck_001,813,10.47,0.88,CLOSE,combined
2026-08-09 19:23:21,truck_001,814,10.25,1.18,CLOSE,combined
2026-08-09 19:23:21,truck_001,815,10.42,1.28,CLOSE,combined
2026-08-09 19:23:21,truck_001,816,10.64,1.19,CLOSE,combined
2026-08-09 19:23:21,truck_001,817,10.54,1.17,CLOSE,combined
2026-08-09 19:23:21,truck_001,818,10.4,1.38,CLOSE,combined
2026-08-09 19:23:21,truck_001,819,10.48,1.15,OPEN,combined
2026-08-09 19:23:21,truck_001,820,10.55,1.23,OPEN,combined
2026-08-09 19:23:21,truck_001,821,10.58,1.24,CLOSE,combined
2026-08-09 19:23:21,truck_001,822,10.62,1.03,CLOSE,combined
2026-08-09 19:23:21,truck_001,823,10.54,0.91,CLOSE,combined
2026-08-09 19:23:21,truck_001,824,10.66,1.33,OPEN,combined
2026-08-09 19:23:21,truck_001,825,10.75,1.24,CLOSE,combined
2026-08-09 19:23:21,truck_001,826,10.73,1.13,OPEN,combined
2026-08-09 19:23:21,truck_001,827,10.72,1.29,CLOSE,combined
2026-08-09 19:23:21,truck_001,828,10.7,1.25,CLOSE,combined
2026-08-09 19:23:21,truck_001,829,10.6,1.29,CLOSE,combined
2026-08-09 19:23:21,truck_001,830,10.8,1.24,CLOSE,combined
2026-08-09 19:23:21,truck_001,831,10.69,1.34,CLOSE,combined
2026-08-09 19:23:21,truck_001,832,10.64,1.2,OPEN,combined
2026-08-09 19:23:21,truck_001,833,10.56,1.09,CLOSE,combined
2026-08-09 19:23:21,truck_001,834,10.62,1.11,CLOSE,combined
2026-08-09 19:23:21,truck_001,835,10.59,0.84,CLOSE,combined
2026-08-09 19:23:21,truck_001,836,10.77,1.08,CLOSE,combined
2026-08-09 19:23:21,truck_001,837,10.65,1.21,CLOSE,combined
2026-08-09 19:23:21,truck_001,838,10.68,1.27,CLOSE,combined
2026-08-09 19:23:21,truck_001,839,10.66,1.34,CLOSE,combined
2026-08-09 19:23:21,truck_001,840,10.77,1.09,CLOSE,combined
2026-08-09 19:23:21,truck_001,841,10.61,0.94,CLOSE,combined
2026-08-09 19:23:21,truck_001,842,10.67,1.23,CLOSE,combined
2026-08-09 19:23:21,truck_001,843,10.61,1.35,CLOSE,combined
2026-08-09 19:23:21,truck_001,844,10.88,1.02,CLOSE,combined
2026-08-09 19:23:21,truck_001,845,10.9,1.36,CLOSE,combined
2026-08-09 19:23:21,truck_001,846,10.99,1.04,CLOSE,combined
2026-08-09 19:23:21,truck_001,847,10.77,1.21,CLOSE,combined
2026-08-09 19:23:21,truck_001,848,10.87,1.22,CLOSE,combined
2026-08-09 19:23:21,truck_001,849,10.91,1.32,CLOSE,combined
2026-08-09 19:23:21,truck_001,850,10.94,1.12,CLOSE,combined
2026-08-09 19:23:21,truck_001,851,10.67,1.08,CLOSE,combined
2026-08-09 19:23:21,truck_001,852,10.81,1.28,CLOSE,combined
2026-08-09 19:23:21,truck_001,853,10.98,1.27,CLOSE,combined
2026-08-09 19:23:21,truck_001,854,10.92,1.07,CLOSE,combined
2026-08-09 19:23:21,truck_001,855,10.89,1.15,CLOSE,combined
2026-08-09 19:23:21,truck_001,856,10.75,1.31,CLOSE,combined
2026-08-09 19:23:21,truck_001,857,11.0,0.96,CLOSE,combined
2026-08-09 19:23:21,truck_001,858,10.61,1.01,CLOSE,combined
2026-08-09 19:23:21,truck_001,859,10.76,1.32,CLOSE,combined
2026-08-09 19:23:21,truck_001,860,10.85,0.9,CLOSE,combined
2026-08-09 19:23:21,truck_001,861,10.83,1.24,CLOSE,combined
2026-08-09 19:23:21,truck_001,862,10.87,1.28,CLOSE,combined
2026-08-09 19:23:21,truck_001,863,10.88,1.22,OPEN,combined
2026-08-09 19:23:21,truck_001,864,10.84,1.28,CLOSE,combined
2026-08-09 19:23:21,truck_001,865,10.86,1.26,CLOSE,combined
2026-08-09 19:23:21,truck_001,866,10.96,1.22,CLOSE,combined
2026-08-09 19:23:21,truck_001,867,10.98,1.3,CLOSE,combined
2026-08-09 19:23:21,truck_001,868,11.01,1.09,CLOSE,combined
2026-08-09 19:23:21,truck_001,869,10.87,1.26,CLOSE,combined
2026-08-09 19:23:21,truck_001,870,10.92,1.33,CLOSE,combined
2026-08-09 19:23:21,truck_001,871,10.84,1.54,CLOSE,combined
2026-08-09 19:23:21,truck_001,872,11.01,0.9,CLOSE,combined
2026-08-09 19:23:21,truck_001,873,11.0,1.37,CLOSE,combined
2026-08-09 19:23:21,truck_001,874,11.07,1.04,CLOSE,combined
2026-08-09 19:23:21,truck_001,875,10.9,1.26,CLOSE,combined
2026-08-09 19:23:21,truck_001,876,10.94,1.26,CLOSE,combined
2026-08-09 19:23:21,truck_001,877,11.08,1.17,OPEN,combined
2026-08-09 19:23:21,truck_001,878,11.05,1.17,OPEN,combined
2026-08-09 19:23:21,truck_001,879,10.97,1.35,CLOSE,combined
2026-08-09 19:23:21,truck_001,880,11.06,1.13,OPEN,combined
2026-08-09 19:23:21,truck_001,881,11.02,1.07,CLOSE,combined
2026-08-09 19:23:21,truck_001,882,11.12,1.5,CLOSE,combined
2026-08-09 19:23:21,truck_001,883,11.12,1.22,CLOSE,combined
2026-08-09 19:23:21,truck_001,884,11.24,0.94,CLOSE,combined
2026-08-09 19:23:21,truck_001,885,11.21,1.08,CLOSE,combined
2026-08-09 19:23:21,truck_001,886,11.3,1.34,CLOSE,combined
2026-08-09 19:23:21,truck_001,887,11.0,1.2,CLOSE,combined
2026-08-09 19:23:21,truck_001,888,10.99,1.11,CLOSE,combined
2026-08-09 19:23:21,truck_001,889,11.2,0.92,CLOSE,combined
2026-08-09 19:23:21,truck_001,890,11.06,1.32,CLOSE,combined
2026-08-09 19:23:21,truck_001,891,11.11,1.01,CLOSE,combined
2026-08-09 19:23:21,truck_001,892,10.99,1.28,CLOSE,combined
2026-08-09 19:23:21,truck_001,893,11.14,1.11,OPEN,combined
2026-08-09 19:23:21,truck_001,894,11.12,1.46,CLOSE,combined
2026-08-09 19:23:21,truck_001,895,11.16,1.57,OPEN,combined
2026-08-09 19:23:21,truck_001,896,11.2,1.23,CLOSE,combined
2026-08-09 19:23:21,truck_001,897,11.17,1.17,CLOSE,combined
2026-08-09 19:23:21,truck_001,898,11.07,1.21,CLOSE,combined
2026-08-09 19:23:21,truck_001,899,10.98,1.07,CLOSE,combined
2026-08-09 19:23:21,truck_001,900,11.11,1.27,CLOSE,combined
2026-08-09 19:23:21,truck_001,901,11.19,0.99,CLOSE,combined
2026-08-09 19:23:21,truck_001,902,11.29,1.23,CLOSE,combined
2026-08-09 19:23:21,truck_001,903,11.17,1.39,CLOSE,combined
2026-08-09 19:23:21,truck_001,904,11.27,1.23,CLOSE,combined
2026-08-09 19:23:21,truck_001,905,11.21,1.36,CLOSE,combined
2026-08-09 19:23:21,truck_001,906,11.4,1.11,OPEN,combined
2026-08-09 19:23:21,truck_001,907,11.13,1.4,CLOSE,combined
2026-08-09 19:23:21,truck_001,908,11.14,1.41,OPEN,combined
2026-08-09 19:23:21,truck_001,909,11.17,1.5,CLOSE,combined
2026-08-09 19:23:21,truck_001,910,11.24,1.15,CLOSE,combined
2026-08-09 19:23:21,truck_001,911,11.2,0.89,CLOSE,combined
2026-08-09 19:23:21,truck_001,912,11.22,1.15,CLOSE,combined
2026-08-09 19:23:21,truck_001,913,11.37,1.31,CLOSE,combined
2026-08-09 19:23:21,truck_001,914,11.27,1.36,OPEN,combined
2026-08-09 19:23:21,truck_001,915,11.34,1.19,CLOSE,combined
2026-08-09 19:23:21,truck_001,916,11.06,1.38,CLOSE,combined
2026-08-09 19:23:21,truck_001,917,11.36,1.36,OPEN,combined
2026-08-09 19:23:21,truck_001,918,11.19,1.24,CLOSE,combined
2026-08-09 19:23:21,truck_001,919,11.3,1.23,CLOSE,combined
2026-08-09 19:23:21,truck_001,920,11.28,1.23,CLOSE,combined
2026-08-09 19:23:21,truck_001,921,11.39,1.18,CLOSE,combined
2026-08-09 19:23:21,truck_001,922,11.41,1.12,CLOSE,combined
2026-08-09 19:23:21,truck_001,923,11.22,1.11,CLOSE,combined
2026-08-09 19:23:21,truck_001,924,11.38,1.1,CLOSE,combined
2026-08-09 19:23:21,truck_001,925,11.32,1.32,CLOSE,combined
2026-08-09 19:23:21,truck_001,926,11.39,1.2,CLOSE,combined
2026-08-09 19:23:21,truck_001,927,11.26,1.27,OPEN,combined
2026-08-09 19:23:21,truck_001,928,11.29,1.24,CLOSE,combined
2026-08-09 19:23:21,truck_001,929,11.13,1.24,CLOSE,combined
2026-08-09 19:23:21,truck_001,930,11.41,1.31,CLOSE,combined
2026-08-09 19:23:21,truck_001,931,11.46,1.25,CLOSE,combined
2026-08-09 19:23:21,truck_001,932,11.46,0.89,CLOSE,combined
2026-08-09 19:23:21,truck_001,933,11.34,1.37,CLOSE,combined
2026-08-09 19:23:21,truck_001,934,11.4,1.09,CLOSE,combined
2026-08-09 19:23:21,truck_001,935,11.32,1.35,CLOSE,combined
2026-08-09 19:23:21,truck_001,936,11.51,1.05,CLOSE,combined
2026-08-09 19:23:21,truck_001,937,11.41,1.13,CLOSE,combined
2026-08-09 19:23:21,truck_001,938,11.56,1.31,CLOSE,combined
2026-08-09 19:23:21,truck_001,939,11.4,1.13,CLOSE,combined
2026-08-09 19:23:21,truck_001,940,11.62,1.22,CLOSE,combined
2026-08-09 19:23:21,truck_001,941,11.65,1.17,CLOSE,combined
2026-08-09 19:23:21,truck_001,942,11.23,1.14,CLOSE,combined
2026-08-09 19:23:21,truck_001,943,11.53,1.17,CLOSE,combined
2026-08-09 19:23:21,truck_001,944,11.34,1.28,CLOSE,combined
2026-08-09 19:23:21,truck_001,945,11.49,1.44,CLOSE,combined
2026-08-09 19:23:21,truck_001,946,11.66,1.49,CLOSE,combined
2026-08-09 19:23:21,truck_001,947,11.57,1.25,CLOSE,combined
2026-08-09 19:23:21,truck_001,948,11.57,1.09,CLOSE,combined
2026-08-09 19:23:21,truck_001,949,11.76,1.15,CLOSE,combined
2026-08-09 19:23:21,truck_001,950,11.59,1.05,CLOSE,combined
2026-08-09 19:23:21,truck_001,951,11.36,1.25,CLOSE,combined
2026-08-09 19:23:21,truck_001,952,11.52,1.25,CLOSE,combined
2026-08-09 19:23:21,truck_001,953,11.86,1.22,OPEN,combined
2026-08-09 19:23:21,truck_001,954,11.54,1.01,OPEN,combined
2026-08-09 19:23:21,truck_001,955,11.6,1.39,CLOSE,combined
2026-08-09 19:23:21,truck_001,956,11.57,1.26,CLOSE,combined
2026-08-09 19:23:21,truck_001,957,11.54,1.2,CLOSE,combined
2026-08-09 19:23:21,truck_001,958,11.6,1.2,CLOSE,combined
2026-08-09 19:23:21,truck_001,959,11.85,1.05,CLOSE,combined
2026-08-09 19:23:21,truck_001,960,11.73,1.19,CLOSE,combined
2026-08-09 19:23:21,truck_001,961,11.45,1.31,CLOSE,combined
2026-08-09 19:23:21,truck_001,962,11.54,1.31,CLOSE,combined
2026-08-09 19:23:21,truck_001,963,11.65,0.98,CLOSE,combined
2026-08-09 19:23:21,truck_001,964,11.69,1.36,CLOSE,combined
2026-08-09 19:23:21,truck_001,965,11.83,1.12,CLOSE,combined
2026-08-09 19:23:21,truck_001,966,11.78,1.26,CLOSE,combined
2026-08-09 19:23:21,truck_001,967,11.67,1.18,CLOSE,combined
2026-08-09 19:23:21,truck_001,968,11.67,1.16,CLOSE,combined
2026-08-09 19:23:21,truck_001,969,11.69,1.08,CLOSE,combined
2026-08-09 19:23:21,truck_001,970,11.93,1.14,CLOSE,combined
2026-08-09 19:23:21,truck_001,971,11.78,0.95,CLOSE,combined
2026-08-09 19:23:21,truck_001,972,11.96,1.2,CLOSE,combined
2026-08-09 19:23:21,truck_001,973,11.81,1.05,OPEN,combined
2026-08-09 19:23:21,truck_001,974,11.76,1.19,CLOSE,combined
2026-08-09 19:23:21,truck_001,975,11.65,1.41,CLOSE,combined
2026-08-09 19:23:21,truck_001,976,11.81,1.09,CLOSE,combined
2026-08-09 19:23:21,truck_001,977,11.85,1.24,CLOSE,combined
2026-08-09 19:23:21,truck_001,978,11.73,1.19,CLOSE,combined
2026-08-09 19:23:21,truck_001,979,11.85,1.17,CLOSE,combined
2026-08-09 19:23:21,truck_001,980,11.77,1.23,CLOSE,combined
2026-08-09 19:23:21,truck_001,981,11.75,1.37,CLOSE,combined
2026-08-09 19:23:21,truck_001,982,11.97,1.13,CLOSE,combined
2026-08-09 19:23:21,truck_001,983,11.81,1.23,CLOSE,combined
2026-08-09 19:23:21,truck_001,984,11.77,1.0,CLOSE,combined
2026-08-09 19:23:21,truck_001,985,11.93,1.27,CLOSE,combined
2026-08-09 19:23:21,truck_001,986,12.01,1.11,CLOSE,combined
2026-08-09 19:23:21,truck_001,987,11.85,1.27,CLOSE,combined
2026-08-09 19:23:21,truck_001,988,11.99,1.24,CLOSE,combined
2026-08-09 19:23:21,truck_001,989,11.87,1.35,CLOSE,combined
2026-08-09 19:23:21,truck_001,990,12.07,1.25,CLOSE,combined
2026-08-09 19:23:21,truck_001,991,11.89,1.24,CLOSE,combined
2026-08-09 19:23:21,truck_001,992,12.03,1.12,CLOSE,combined
2026-08-09 19:23:21,truck_001,993,12.03,1.27,CLOSE,combined
2026-08-09 19:23:21,truck_001,994,12.03,1.24,CLOSE,combined
2026-08-09 19:23:21,truck_001,995,11.93,1.12,CLOSE,combined
2026-08-09 19:23:21,truck_001,996,11.95,1.15,CLOSE,combined
2026-08-09 19:23:21,truck_001,997,11.9,0.84,CLOSE,combined
2026-08-09 19:23:21,truck_001,998,11.93,1.15,CLOSE,combined
2026-08-09 19:23:21,truck_001,999,11.92,1.04,CLOSE,combined
2026-08-09 19:23:21,truck_001,1000,12.0,1.09,CLOSE,combined
2026-08-09 19:23:21,truck_001,1001,12.07,1.48,CLOSE,combined
2026-08-09 19:23:21,truck_001,1002,12.33,1.0,CLOSE,combined
2026-08-09 19:23:21,truck_001,1003,12.07,1.41,CLOSE,combined
2026-08-09 19:23:21,truck_001,1004,12.0,1.14,CLOSE,combined
2026-08-09 19:23:21,truck_001,1005,12.11,1.04,CLOSE,combined
2026-08-09 19:23:21,truck_001,1006,11.92,1.26,CLOSE,combined
2026-08-09 19:23:21,truck_001,1007,12.25,1.23,OPEN,combined
2026-08-09 19:23:21,truck_001,1008,12.15,1.23,CLOSE,combined
2026-08-09 19:23:21,truck_001,1009,12.0,1.26,CLOSE,combined
2026-08-09 19:23:21,truck_001,1010,12.08,1.29,CLOSE,combined
2026-08-09 19:23:21,truck_001,1011,12.06,1.11,CLOSE,combined
2026-08-09 19:23:21,truck_001,1012,12.16,1.39,CLOSE,combined
2026-08-09 19:23:21,truck_001,1013,12.1,0.98,OPEN,combined
2026-08-09 19:23:21,truck_001,1014,12.18,1.36,CLOSE,combined
2026-08-09 19:23:21,truck_001,1015,12.19,1.16,CLOSE,combined
2026-08-09 19:23:21,truck_001,1016,12.16,1.46,CLOSE,combined
2026-08-09 19:23:21,truck_001,1017,12.2,1.21,CLOSE,combined
2026-08-09 19:23:21,truck_001,1018,12.05,1.25,CLOSE,combined
2026-08-09 19:23:21,truck_001,1019,12.25,1.35,CLOSE,combined
2026-08-09 19:23:21,truck_001,1020,12.28,1.0,CLOSE,combined
2026-08-09 19:23:21,truck_001,1021,12.22,1.49,CLOSE,combined
2026-08-09 19:23:21,truck_001,1022,12.18,1.31,CLOSE,combined
2026-08-09 19:23:21,truck_001,1023,12.41,1.25,CLOSE,combined
2026-08-09 19:23:21,truck_001,1024,12.22,1.32,CLOSE,combined
2026-08-09 19:23:21,truck_001,1025,12.2,1.0,OPEN,combined
2026-08-09 19:23:21,truck_001,1026,12.3,0.98,CLOSE,combined
2026-08-09 19:23:21,truck_001,1027,12.05,1.3,CLOSE,combined
2026-08-09 19:23:21,truck_001,1028,12.26,1.47,CLOSE,combined
2026-08-09 19:23:21,truck_001,1029,12.22,0.93,CLOSE,combined
2026-08-09 19:23:21,truck_001,1030,12.15,1.19,CLOSE,combined
2026-08-09 19:23:21,truck_001,1031,12.27,1.2,CLOSE,combined
2026-08-09 19:23:21,truck_001,1032,12.5,1.17,CLOSE,combined
2026-08-09 19:23:21,truck_001,1033,12.13,1.04,CLOSE,combined
2026-08-09 19:23:21,truck_001,1034,12.34,1.17,CLOSE,combined
2026-08-09 19:23:21,truck_001,1035,12.4,0.97,CLOSE,combined
2026-08-09 19:23:21,truck_001,1036,12.11,1.3,CLOSE,combined
2026-08-09 19:23:21,truck_001,1037,12.28,1.31,CLOSE,combined
2026-08-09 19:23:21,truck_001,1038,12.13,1.06,CLOSE,combined
2026-08-09 19:23:21,truck_001,1039,12.34,1.37,CLOSE,combined
2026-08-09 19:23:21,truck_001,1040,12.12,1.39,CLOSE,combined
2026-08-09 19:23:21,truck_001,1041,12.09,1.14,OPEN,combined
2026-08-09 19:23:21,truck_001,1042,12.31,1.41,CLOSE,combined
2026-08-09 19:23:21,truck_001,1043,12.51,1.18,CLOSE,combined
2026-08-09 19:23:21,truck_001,1044,12.52,1.0,CLOSE,combined
2026-08-09 19:23:21,truck_001,1045,12.61,1.22,CLOSE,combined
2026-08-09 19:23:21,truck_001,1046,12.39,0.99,CLOSE,combined
2026-08-09 19:23:21,truck_001,1047,12.35,1.42,OPEN,combined
2026-08-09 19:23:21,truck_001,1048,12.36,1.2,CLOSE,combined
2026-08-09 19:23:21,truck_001,1049,12.36,1.32,CLOSE,combined
2026-08-09 19:23:21,truck_001,1050,12.4,1.23,CLOSE,combined
2026-08-09 19:23:21,truck_001,1051,12.4,1.37,CLOSE,combined
2026-08-09 19:23:21,truck_001,1052,12.51,1.1,CLOSE,combined
2026-08-09 19:23:21,truck_001,1053,12.44,1.0,CLOSE,combined
2026-08-09 19:23:21,truck_001,1054,12.58,1.4,CLOSE,combined
2026-08-09 19:23:21,truck_001,1055,12.46,1.12,CLOSE,combined
2026-08-09 19:23:21,truck_001,1056,12.46,1.19,CLOSE,combined
2026-08-09 19:23:21,truck_001,1057,12.55,1.26,CLOSE,combined
2026-08-09 19:23:21,truck_001,1058,12.52,1.25,CLOSE,combined
2026-08-09 19:23:21,truck_001,1059,12.57,1.41,CLOSE,combined
2026-08-09 19:23:21,truck_001,1060,12.54,1.11,OPEN,combined
2026-08-09 19:23:21,truck_001,1061,12.38,1.07,CLOSE,combined
2026-08-09 19:23:21,truck_001,1062,12.49,1.14,CLOSE,combined
2026-08-09 19:23:21,truck_001,1063,12.45,1.46,CLOSE,combined
2026-08-09 19:23:21,truck_001,1064,12.57,1.21,CLOSE,combined
2026-08-09 19:23:21,truck_001,1065,12.52,1.09,CLOSE,combined
2026-08-09 19:23:21,truck_001,1066,12.57,1.27,CLOSE,combined
2026-08-09 19:23:21,truck_001,1067,12.65,1.31,CLOSE,combined
2026-08-09 19:23:21,truck_001,1068,12.36,1.35,CLOSE,combined
2026-08-09 19:23:21,truck_001,1069,12.59,1.16,CLOSE,combined
2026-08-09 19:23:21,truck_001,1070,12.64,1.15,CLOSE,combined
2026-08-09 19:23:21,truck_001,1071,12.44,1.54,CLOSE,combined
2026-08-09 19:23:21,truck_001,1072,12.5,1.19,CLOSE,combined
2026-08-09 19:23:21,truck_001,1073,12.57,1.05,CLOSE,combined
2026-08-09 19:23:21,truck_001,1074,12.39,1.34,CLOSE,combined
2026-08-09 19:23:21,truck_001,1075,12.47,1.08,CLOSE,combined
2026-08-09 19:23:21,truck_001,1076,12.57,1.13,CLOSE,combined
2026-08-09 19:23:21,truck_001,1077,12.56,1.24,CLOSE,combined
2026-08-09 19:23:21,truck_001,1078,12.66,1.19,CLOSE,combined
2026-08-09 19:23:21,truck_001,1079,12.48,1.43,CLOSE,combined
2026-08-09 19:23:21,truck_001,1080,12.65,1.15,CLOSE,combined
2026-08-09 19:23:21,truck_001,1081,12.67,0.98,CLOSE,combined
2026-08-09 19:23:21,truck_001,1082,12.68,1.19,CLOSE,combined
2026-08-09 19:23:21,truck_001,1083,12.73,1.28,CLOSE,combined
2026-08-09 19:23:21,truck_001,1084,12.65,1.02,CLOSE,combined
2026-08-09 19:23:21,truck_001,1085,12.54,1.23,CLOSE,combined
2026-08-09 19:23:21,truck_001,1086,12.56,1.01,CLOSE,combined
2026-08-09 19:23:21,truck_001,1087,12.77,1.19,CLOSE,combined
2026-08-09 19:23:21,truck_001,1088,12.58,1.41,CLOSE,combined
2026-08-09 19:23:21,truck_001,1089,12.77,1.08,CLOSE,combined
2026-08-09 19:23:21,truck_001,1090,12.84,1.12,CLOSE,combined
2026-08-09 19:23:21,truck_001,1091,12.79,1.23,CLOSE,combined
2026-08-09 19:23:21,truck_001,1092,12.66,1.69,CLOSE,combined
2026-08-09 19:23:21,truck_001,1093,12.8,0.98,CLOSE,combined
2026-08-09 19:23:21,truck_001,1094,12.97,1.26,CLOSE,combined
2026-08-09 19:23:21,truck_001,1095,12.68,1.31,CLOSE,combined
2026-08-09 19:23:21,truck_001,1096,12.67,1.21,CLOSE,combined
2026-08-09 19:23:21,truck_001,1097,12.76,1.19,CLOSE,combined
2026-08-09 19:23:21,truck_001,1098,12.64,0.75,CLOSE,combined
2026-08-09 19:23:21,truck_001,1099,12.76,1.18,OPEN,combined
2026-08-09 19:23:21,truck_001,1100,12.91,1.23,CLOSE,combined
2026-08-09 19:23:21,truck_001,1101,12.81,1.02,CLOSE,combined
2026-08-09 19:23:21,truck_001,1102,12.72,1.1,CLOSE,combined
2026-08-09 19:23:21,truck_001,1103,12.85,1.08,CLOSE,combined
2026-08-09 19:23:21,truck_001,1104,12.88,1.42,CLOSE,combined
2026-08-09 19:23:21,truck_001,1105,12.83,1.05,CLOSE,combined
2026-08-09 19:23:21,truck_001,1106,12.78,1.35,CLOSE,combined
2026-08-09 19:23:21,truck_001,1107,12.9,1.13,CLOSE,combined
2026-08-09 19:23:21,truck_001,1108,12.81,1.2,CLOSE,combined
2026-08-09 19:23:21,truck_001,1109,12.68,1.15,CLOSE,combined
2026-08-09 19:23:21,truck_001,1110,12.88,1.22,CLOSE,combined
2026-08-09 19:23:21,truck_001,1111,12.76,1.34,CLOSE,combined
2026-08-09 19:23:21,truck_001,1112,12.93,1.47,CLOSE,combined
2026-08-09 19:23:21,truck_001,1113,12.95,1.11,CLOSE,combined
2026-08-09 19:23:21,truck_001,1114,12.85,1.45,CLOSE,combined
2026-08-09 19:23:21,truck_001,1115,12.87,1.06,CLOSE,combined
2026-08-09 19:23:21,truck_001,1116,12.93,1.27,CLOSE,combined
2026-08-09 19:23:21,truck_001,1117,13.0,1.02,CLOSE,combined
2026-08-09 19:23:21,truck_001,1118,12.89,0.84,CLOSE,combined
2026-08-09 19:23:21,truck_001,1119,12.98,1.29,OPEN,combined
2026-08-09 19:23:21,truck_001,1120,12.85,1.1,CLOSE,combined
2026-08-09 19:23:21,truck_001,1121,12.96,1.2,CLOSE,combined
2026-08-09 19:23:21,truck_001,1122,12.86,1.19,CLOSE,combined
2026-08-09 19:23:21,truck_001,1123,12.97,1.25,CLOSE,combined
2026-08-09 19:23:21,truck_001,1124,13.12,1.18,CLOSE,combined
2026-08-09 19:23:21,truck_001,1125,13.01,1.22,CLOSE,combined
2026-08-09 19:23:21,truck_001,1126,13.14,1.2,CLOSE,combined
2026-08-09 19:23:21,truck_001,1127,12.95,1.15,CLOSE,combined
2026-08-09 19:23:21,truck_001,1128,13.08,1.06,OPEN,combined
2026-08-09 19:23:21,truck_001,1129,12.86,1.05,OPEN,combined
2026-08-09 19:23:21,truck_001,1130,12.87,0.98,CLOSE,combined
2026-08-09 19:23:21,truck_001,1131,13.19,1.23,CLOSE,combined
2026-08-09 19:23:21,truck_001,1132,13.16,1.12,CLOSE,combined
2026-08-09 19:23:21,truck_001,1133,13.0,1.29,CLOSE,combined
2026-08-09 19:23:21,truck_001,1134,13.2,1.17,CLOSE,combined
2026-08-09 19:23:21,truck_001,1135,13.13,0.98,OPEN,combined
2026-08-09 19:23:21,truck_001,1136,12.98,1.21,CLOSE,combined
2026-08-09 19:23:21,truck_001,1137,12.98,1.55,CLOSE,combined
2026-08-09 19:23:21,truck_001,1138,13.18,1.18,CLOSE,combined
2026-08-09 19:23:21,truck_001,1139,13.13,1.31,CLOSE,combined
2026-08-09 19:23:21,truck_001,1140,13.16,1.24,CLOSE,combined
2026-08-09 19:23:21,truck_001,1141,13.21,1.24,CLOSE,combined
2026-08-09 19:23:21,truck_001,1142,13.42,1.22,OPEN,combined
2026-08-09 19:23:21,truck_001,1143,13.08,1.32,CLOSE,combined
2026-08-09 19:23:21,truck_001,1144,13.28,1.13,CLOSE,combined
2026-08-09 19:23:21,truck_001,1145,13.29,1.17,CLOSE,combined
2026-08-09 19:23:21,truck_001,1146,13.16,1.27,CLOSE,combined
2026-08-09 19:23:21,truck_001,1147,13.19,1.09,CLOSE,combined
2026-08-09 19:23:21,truck_001,1148,13.19,1.05,OPEN,combined
2026-08-09 19:23:21,truck_001,1149,13.22,1.08,OPEN,combined
2026-08-09 19:23:21,truck_001,1150,13.04,1.44,CLOSE,combined
2026-08-09 19:23:21,truck_001,1151,13.19,1.12,CLOSE,combined
2026-08-09 19:23:21,truck_001,1152,13.26,1.23,OPEN,combined
2026-08-09 19:23:21,truck_001,1153,13.02,1.11,CLOSE,combined
2026-08-09 19:23:21,truck_001,1154,13.44,1.21,CLOSE,combined
2026-08-09 19:23:21,truck_001,1155,13.31,1.24,CLOSE,combined
2026-08-09 19:23:21,truck_001,1156,13.26,1.21,CLOSE,combined
2026-08-09 19:23:21,truck_001,1157,13.43,1.19,CLOSE,combined
2026-08-09 19:23:21,truck_001,1158,13.24,1.34,CLOSE,combined
2026-08-09 19:23:21,truck_001,1159,13.36,1.14,CLOSE,combined
2026-08-09 19:23:21,truck_001,1160,13.17,1.19,CLOSE,combined
2026-08-09 19:23:21,truck_001,1161,13.28,1.2,CLOSE,combined
2026-08-09 19:23:21,truck_001,1162,13.3,1.23,CLOSE,combined
2026-08-09 19:23:21,truck_001,1163,13.33,1.43,CLOSE,combined
2026-08-09 19:23:21,truck_001,1164,13.23,1.55,CLOSE,combined
2026-08-09 19:23:21,truck_001,1165,13.04,1.15,CLOSE,combined
2026-08-09 19:23:21,truck_001,1166,13.3,1.33,OPEN,combined
2026-08-09 19:23:21,truck_001,1167,13.33,1.32,CLOSE,combined
2026-08-09 19:23:21,truck_001,1168,13.24,1.09,CLOSE,combined
2026-08-09 19:23:21,truck_001,1169,13.5,1.35,CLOSE,combined
2026-08-09 19:23:21,truck_001,1170,13.36,1.06,CLOSE,combined
2026-08-09 19:23:21,truck_001,1171,13.31,1.34,CLOSE,combined
2026-08-09 19:23:21,truck_001,1172,13.39,1.38,CLOSE,combined
2026-08-09 19:23:21,truck_001,1173,13.34,1.12,CLOSE,combined
2026-08-09 19:23:21,truck_001,1174,13.23,0.96,CLOSE,combined
2026-08-09 19:23:21,truck_001,1175,13.32,1.43,CLOSE,combined
2026-08-09 19:23:21,truck_001,1176,13.27,1.28,CLOSE,combined
2026-08-09 19:23:21,truck_001,1177,13.32,1.31,CLOSE,combined
2026-08-09 19:23:21,truck_001,1178,13.23,1.42,CLOSE,combined
2026-08-09 19:23:21,truck_001,1179,13.45,1.11,OPEN,combined
2026-08-09 19:23:21,truck_001,1180,13.37,0.96,CLOSE,combined
2026-08-09 19:23:21,truck_001,1181,13.31,1.21,CLOSE,combined
2026-08-09 19:23:21,truck_001,1182,13.64,1.03,CLOSE,combined
2026-08-09 19:23:21,truck_001,1183,13.35,1.29,OPEN,combined
2026-08-09 19:23:21,truck_001,1184,13.47,1.08,CLOSE,combined
2026-08-09 19:23:21,truck_001,1185,13.45,1.17,CLOSE,combined
2026-08-09 19:23:21,truck_001,1186,13.43,1.23,CLOSE,combined
2026-08-09 19:23:21,truck_001,1187,13.42,1.16,OPEN,combined
2026-08-09 19:23:21,truck_001,1188,13.55,1.11,CLOSE,combined
2026-08-09 19:23:21,truck_001,1189,13.51,1.11,CLOSE,combined
2026-08-09 19:23:21,truck_001,1190,13.54,1.16,CLOSE,combined
2026-08-09 19:23:21,truck_001,1191,13.52,1.22,CLOSE,combined
2026-08-09 19:23:21,truck_001,1192,13.4,1.3,CLOSE,combined
2026-08-09 19:23:21,truck_001,1193,13.32,1.39,CLOSE,combined
2026-08-09 19:23:21,truck_001,1194,13.54,1.25,OPEN,combined
2026-08-09 19:23:21,truck_001,1195,13.55,1.39,CLOSE,combined
2026-08-09 19:23:21,truck_001,1196,13.66,1.24,CLOSE,combined
2026-08-09 19:23:21,truck_001,1197,13.64,1.14,OPEN,combined
2026-08-09 19:23:21,truck_001,1198,13.53,1.26,CLOSE,combined
2026-08-09 19:23:21,truck_001,1199,13.5,0.98,OPEN,combined
2026-08-09 19:23:21,truck_001,1200,13.56,1.43,CLOSE,combined
2026-08-09 19:23:21,truck_001,1201,13.4,1.47,CLOSE,combined
2026-08-09 19:23:21,truck_001,1202,13.38,1.43,CLOSE,combined
2026-08-09 19:23:21,truck_001,1203,13.58,1.52,CLOSE,combined
2026-08-09 19:23:21,truck_001,1204,13.77,1.18,CLOSE,combined
2026-08-09 19:23:21,truck_001,1205,13.66,1.19,CLOSE,combined
2026-08-09 19:23:21,truck_001,1206,13.9,1.41,CLOSE,combined
2026-08-09 19:23:21,truck_001,1207,13.64,1.14,CLOSE,combined
2026-08-09 19:23:21,truck_001,1208,13.57,1.18,CLOSE,combined
2026-08-09 19:23:21,truck_001,1209,13.68,1.52,CLOSE,combined
2026-08-09 19:23:21,truck_001,1210,13.52,1.16,CLOSE,combined
2026-08-09 19:23:21,truck_001,1211,13.66,1.15,CLOSE,combined
2026-08-09 19:23:21,truck_001,1212,13.55,1.24,CLOSE,combined
2026-08-09 19:23:21,truck_001,1213,13.7,1.23,CLOSE,combined
2026-08-09 19:23:21,truck_001,1214,13.7,1.48,CLOSE,combined
2026-08-09 19:23:21,truck_001,1215,13.61,1.25,CLOSE,combined
2026-08-09 19:23:21,truck_001,1216,13.67,1.21,CLOSE,combined
2026-08-09 19:23:21,truck_001,1217,13.7,1.03,CLOSE,combined
2026-08-09 19:23:21,truck_001,1218,13.76,1.21,CLOSE,combined
2026-08-09 19:23:21,truck_001,1219,13.86,1.06,CLOSE,combined
2026-08-09 19:23:21,truck_001,1220,13.75,1.09,CLOSE,combined
2026-08-09 19:23:21,truck_001,1221,13.9,0.98,CLOSE,combined
2026-08-09 19:23:21,truck_001,1222,13.89,1.51,OPEN,combined
2026-08-09 19:23:21,truck_001,1223,13.85,1.4,CLOSE,combined
2026-08-09 19:23:21,truck_001,1224,13.77,1.22,CLOSE,combined
2026-08-09 19:23:21,truck_001,1225,13.9,1.13,CLOSE,combined
2026-08-09 19:23:21,truck_001,1226,13.79,1.06,CLOSE,combined
2026-08-09 19:23:21,truck_001,1227,13.88,1.18,CLOSE,combined
2026-08-09 19:23:21,truck_001,1228,13.77,0.93,CLOSE,combined
2026-08-09 19:23:21,truck_001,1229,13.77,1.04,CLOSE,combined
2026-08-09 19:23:21,truck_001,1230,13.82,1.01,CLOSE,combined
2026-08-09 19:23:21,truck_001,1231,13.79,1.27,CLOSE,combined
2026-08-09 19:23:21,truck_001,1232,13.97,1.52,CLOSE,combined
2026-08-09 19:23:21,truck_001,1233,13.79,1.07,CLOSE,combined
2026-08-09 19:23:21,truck_001,1234,13.96,1.0,CLOSE,combined
2026-08-09 19:23:21,truck_001,1235,14.1,0.92,CLOSE,combined
2026-08-09 19:23:21,truck_001,1236,13.95,1.06,CLOSE,combined
2026-08-09 19:23:21,truck_001,1237,13.98,0.95,CLOSE,combined
2026-08-09 19:23:21,truck_001,1238,13.85,1.2,CLOSE,combined
2026-08-09 19:23:21,truck_001,1239,13.82,1.23,CLOSE,combined
2026-08-09 19:23:21,truck_001,1240,13.92,1.15,OPEN,combined
2026-08-09 19:23:21,truck_001,1241,13.85,1.36,CLOSE,combined
2026-08-09 19:23:21,truck_001,1242,13.92,1.27,CLOSE,combined
2026-08-09 19:23:21,truck_001,1243,13.94,1.3,CLOSE,combined
2026-08-09 19:23:21,truck_001,1244,13.96,0.99,CLOSE,combined
2026-08-09 19:23:21,truck_001,1245,13.97,1.22,CLOSE,combined
2026-08-09 19:23:21,truck_001,1246,14.0,1.28,CLOSE,combined
2026-08-09 19:23:21,truck_001,1247,14.07,1.11,CLOSE,combined
2026-08-09 19:23:21,truck_001,1248,13.91,1.03,CLOSE,combined
2026-08-09 19:23:21,truck_001,1249,14.0,1.13,CLOSE,combined
2026-08-09 19:23:21,truck_001,1250,13.96,1.45,CLOSE,combined
2026-08-09 19:23:21,truck_001,1251,14.09,1.2,CLOSE,combined
2026-08-09 19:23:21,truck_001,1252,13.87,1.01,CLOSE,combined
2026-08-09 19:23:21,truck_001,1253,14.09,1.23,CLOSE,combined
2026-08-09 19:23:21,truck_001,1254,14.02,1.06,CLOSE,combined
2026-08-09 19:23:21,truck_001,1255,14.01,1.24,CLOSE,combined
2026-08-09 19:23:21,truck_001,1256,14.13,1.3,CLOSE,combined
2026-08-09 19:23:21,truck_001,1257,13.92,1.26,OPEN,combined
2026-08-09 19:23:21,truck_001,1258,14.09,1.29,CLOSE,combined
2026-08-09 19:23:21,truck_001,1259,13.9,1.27,CLOSE,combined
2026-08-09 19:23:21,truck_001,1260,14.12,0.98,CLOSE,combined
2026-08-09 19:23:21,truck_001,1261,14.19,1.25,CLOSE,combined
2026-08-09 19:23:21,truck_001,1262,14.26,0.98,CLOSE,combined
2026-08-09 19:23:21,truck_001,1263,14.21,1.04,CLOSE,combined
2026-08-09 19:23:21,truck_001,1264,14.12,1.19,CLOSE,combined
2026-08-09 19:23:21,truck_001,1265,14.15,1.14,CLOSE,combined
2026-08-09 19:23:21,truck_001,1266,14.1,0.88,CLOSE,combined
2026-08-09 19:23:21,truck_001,1267,14.13,1.36,CLOSE,combined
2026-08-09 19:23:21,truck_001,1268,13.87,1.21,CLOSE,combined
2026-08-09 19:23:21,truck_001,1269,14.17,1.15,CLOSE,combined
2026-08-09 19:23:21,truck_001,1270,14.16,1.08,CLOSE,combined
2026-08-09 19:23:21,truck_001,1271,14.19,1.14,CLOSE,combined
2026-08-09 19:23:21,truck_001,1272,14.07,1.32,CLOSE,combined
2026-08-09 19:23:21,truck_001,1273,14.05,1.65,CLOSE,combined
2026-08-09 19:23:21,truck_001,1274,14.21,0.89,CLOSE,combined
2026-08-09 19:23:21,truck_001,1275,14.15,1.22,CLOSE,combined
2026-08-09 19:23:21,truck_001,1276,14.2,1.28,OPEN,combined
2026-08-09 19:23:21,truck_001,1277,14.23,1.08,CLOSE,combined
2026-08-09 19:23:21,truck_001,1278,14.41,1.39,CLOSE,combined
2026-08-09 19:23:21,truck_001,1279,14.14,1.43,CLOSE,combined
2026-08-09 19:23:21,truck_001,1280,14.15,0.95,CLOSE,combined
2026-08-09 19:23:21,truck_001,1281,14.31,1.35,CLOSE,combined
2026-08-09 19:23:21,truck_001,1282,14.37,1.36,CLOSE,combined
2026-08-09 19:23:21,truck_001,1283,14.39,1.03,CLOSE,combined
2026-08-09 19:23:21,truck_001,1284,14.21,1.12,CLOSE,combined
2026-08-09 19:23:21,truck_001,1285,14.27,1.24,CLOSE,combined
2026-08-09 19:23:21,truck_001,1286,14.44,1.44,CLOSE,combined
2026-08-09 19:23:21,truck_001,1287,14.28,1.31,OPEN,combined
2026-08-09 19:23:21,truck_001,1288,14.25,1.26,CLOSE,combined
2026-08-09 19:23:21,truck_001,1289,14.35,1.18,CLOSE,combined
2026-08-09 19:23:21,truck_001,1290,14.16,1.03,CLOSE,combined
2026-08-09 19:23:21,truck_001,1291,14.29,1.26,CLOSE,combined
2026-08-09 19:23:21,truck_001,1292,14.35,1.12,OPEN,combined
2026-08-09 19:23:21,truck_001,1293,14.32,0.96,CLOSE,combined
2026-08-09 19:23:21,truck_001,1294,14.38,1.27,CLOSE,combined
2026-08-09 19:23:21,truck_001,1295,14.54,1.28,CLOSE,combined
2026-08-09 19:23:21,truck_001,1296,14.23,1.18,CLOSE,combined
2026-08-09 19:23:21,truck_001,1297,14.26,1.52,OPEN,combined
2026-08-09 19:23:21,truck_001,1298,14.35,1.04,OPEN,combined
2026-08-09 19:23:21,truck_001,1299,14.3,1.06,CLOSE,combined
2026-08-09 19:23:21,truck_001,1300,14.47,1.26,CLOSE,combined
2026-08-09 19:23:21,truck_001,1301,14.48,1.16,OPEN,combined
2026-08-09 19:23:21,truck_001,1302,14.33,1.11,OPEN,combined
2026-08-09 19:23:21,truck_001,1303,14.3,1.08,CLOSE,combined
2026-08-09 19:23:21,truck_001,1304,14.37,1.34,CLOSE,combined
2026-08-09 19:23:21,truck_001,1305,14.44,1.15,CLOSE,combined
2026-08-09 19:23:21,truck_001,1306,14.29,0.97,CLOSE,combined
2026-08-09 19:23:21,truck_001,1307,14.52,1.15,CLOSE,combined
2026-08-09 19:23:21,truck_001,1308,14.45,1.09,CLOSE,combined
2026-08-09 19:23:21,truck_001,1309,14.42,1.46,CLOSE,combined
2026-08-09 19:23:21,truck_001,1310,14.45,1.16,OPEN,combined
2026-08-09 19:23:21,truck_001,1311,14.39,1.23,CLOSE,combined
2026-08-09 19:23:21,truck_001,1312,14.63,1.21,CLOSE,combined
2026-08-09 19:23:21,truck_001,1313,14.53,1.17,CLOSE,combined
2026-08-09 19:23:21,truck_001,1314,14.68,1.44,CLOSE,combined
2026-08-09 19:23:21,truck_001,1315,14.74,1.21,CLOSE,combined
2026-08-09 19:23:21,truck_001,1316,14.53,1.24,CLOSE,combined
2026-08-09 19:23:21,truck_001,1317,14.54,1.05,CLOSE,combined
2026-08-09 19:23:21,truck_001,1318,14.38,1.17,CLOSE,combined
2026-08-09 19:23:21,truck_001,1319,14.4,1.24,CLOSE,combined
2026-08-09 19:23:21,truck_001,1320,14.64,1.06,CLOSE,combined
2026-08-09 19:23:21,truck_001,1321,14.56,1.28,CLOSE,combined
2026-08-09 19:23:21,truck_001,1322,14.54,1.0,CLOSE,combined
2026-08-09 19:23:21,truck_001,1323,14.61,1.52,CLOSE,combined
2026-08-09 19:23:21,truck_001,1324,14.74,1.07,CLOSE,combined
2026-08-09 19:23:21,truck_001,1325,14.56,1.29,OPEN,combined
2026-08-09 19:23:21,truck_001,1326,14.71,1.34,CLOSE,combined
2026-08-09 19:23:21,truck_001,1327,14.45,1.35,CLOSE,combined
2026-08-09 19:23:21,truck_001,1328,14.64,1.13,OPEN,combined
2026-08-09 19:23:21,truck_001,1329,14.62,1.29,CLOSE,combined
2026-08-09 19:23:21,truck_001,1330,14.82,1.45,CLOSE,combined
2026-08-09 19:23:21,truck_001,1331,14.86,1.35,CLOSE,combined
2026-08-09 19:23:21,truck_001,1332,14.52,1.2,OPEN,combined
2026-08-09 19:23:21,truck_001,1333,14.59,1.03,CLOSE,combined
2026-08-09 19:23:21,truck_001,1334,14.61,1.1,CLOSE,combined
2026-08-09 19:23:21,truck_001,1335,14.73,1.37,CLOSE,combined
2026-08-09 19:23:21,truck_001,1336,14.75,1.24,CLOSE,combined
2026-08-09 19:23:21,truck_001,1337,14.63,1.19,CLOSE,combined
2026-08-09 19:23:21,truck_001,1338,14.76,1.33,OPEN,combined
2026-08-09 19:23:21,truck_001,1339,14.64,1.49,OPEN,combined
2026-08-09 19:23:21,truck_001,1340,14.75,1.03,CLOSE,combined
2026-08-09 19:23:21,truck_001,1341,14.84,1.04,CLOSE,combined
2026-08-09 19:23:21,truck_001,1342,14.8,1.17,CLOSE,combined
2026-08-09 19:23:21,truck_001,1343,14.71,1.24,CLOSE,combined
2026-08-09 19:23:21,truck_001,1344,14.93,1.37,CLOSE,combined
2026-08-09 19:23:21,truck_001,1345,14.61,1.36,CLOSE,combined
2026-08-09 19:23:21,truck_001,1346,14.87,1.23,CLOSE,combined
2026-08-09 19:23:21,truck_001,1347,14.73,1.13,OPEN,combined
2026-08-09 19:23:21,truck_001,1348,14.82,1.44,CLOSE,combined
2026-08-09 19:23:21,truck_001,1349,14.91,1.36,OPEN,combined
2026-08-09 19:23:21,truck_001,1350,14.75,1.42,CLOSE,combined
2026-08-09 19:23:21,truck_001,1351,14.73,1.31,CLOSE,combined
2026-08-09 19:23:21,truck_001,1352,14.87,1.29,CLOSE,combined
2026-08-09 19:23:21,truck_001,1353,14.78,1.24,CLOSE,combined
2026-08-09 19:23:21,truck_001,1354,14.9,1.44,CLOSE,combined
2026-08-09 19:23:21,truck_001,1355,14.83,1.44,OPEN,combined
2026-08-09 19:23:21,truck_001,1356,14.88,1.4,OPEN,combined
2026-08-09 19:23:21,truck_001,1357,14.9,1.08,CLOSE,combined
2026-08-09 19:23:21,truck_001,1358,14.9,1.32,CLOSE,combined
2026-08-09 19:23:21,truck_001,1359,14.9,1.17,CLOSE,combined
2026-08-09 19:23:21,truck_001,1360,15.11,1.03,CLOSE,combined
2026-08-09 19:23:21,truck_001,1361,14.76,1.1,CLOSE,combined
2026-08-09 19:23:21,truck_001,1362,15.08,1.26,CLOSE,combined
2026-08-09 19:23:21,truck_001,1363,14.82,0.97,CLOSE,combined
2026-08-09 19:23:21,truck_001,1364,14.94,1.27,CLOSE,combined
2026-08-09 19:23:21,truck_001,1365,14.87,1.31,OPEN,combined
2026-08-09 19:23:21,truck_001,1366,14.96,1.33,OPEN,combined
2026-08-09 19:23:21,truck_001,1367,14.98,1.25,CLOSE,combined
2026-08-09 19:23:21,truck_001,1368,15.05,1.36,CLOSE,combined
2026-08-09 19:23:21,truck_001,1369,14.74,1.25,CLOSE,combined
2026-08-09 19:23:21,truck_001,1370,14.93,1.33,CLOSE,combined
2026-08-09 19:23:21,truck_001,1371,15.03,1.18,CLOSE,combined
2026-08-09 19:23:21,truck_001,1372,14.95,1.21,CLOSE,combined
2026-08-09 19:23:21,truck_001,1373,14.92,1.29,CLOSE,combined
2026-08-09 19:23:21,truck_001,1374,14.87,1.2,CLOSE,combined
2026-08-09 19:23:21,truck_001,1375,14.92,1.15,CLOSE,combined
2026-08-09 19:23:21,truck_001,1376,14.88,1.58,CLOSE,combined
2026-08-09 19:23:21,truck_001,1377,15.04,1.26,CLOSE,combined
2026-08-09 19:23:21,truck_001,1378,15.1,1.44,CLOSE,combined
2026-08-09 19:23:21,truck_001,1379,14.92,1.29,CLOSE,combined
2026-08-09 19:23:21,truck_001,1380,15.07,1.11,CLOSE,combined
2026-08-09 19:23:21,truck_001,1381,15.01,1.31,CLOSE,combined
2026-08-09 19:23:21,truck_001,1382,14.96,1.05,CLOSE,combined
2026-08-09 19:23:21,truck_001,1383,15.14,1.19,OPEN,combined
2026-08-09 19:23:21,truck_001,1384,15.21,1.34,CLOSE,combined
2026-08-09 19:23:21,truck_001,1385,15.03,0.95,CLOSE,combined
2026-08-09 19:23:21,truck_001,1386,15.1,1.35,CLOSE,combined
2026-08-09 19:23:21,truck_001,1387,15.13,0.96,CLOSE,combined
2026-08-09 19:23:21,truck_001,1388,15.05,1.32,CLOSE,combined
2026-08-09 19:23:21,truck_001,1389,15.21,1.21,OPEN,combined
2026-08-09 19:23:21,truck_001,1390,14.98,1.28,CLOSE,combined
2026-08-09 19:23:21,truck_001,1391,15.07,1.19,CLOSE,combined
2026-08-09 19:23:21,truck_001,1392,15.07,1.22,OPEN,combined
2026-08-09 19:23:21,truck_001,1393,14.96,1.09,CLOSE,combined
2026-08-09 19:23:21,truck_001,1394,15.2,1.09,CLOSE,combined
2026-08-09 19:23:21,truck_001,1395,14.98,0.95,CLOSE,combined
2026-08-09 19:23:21,truck_001,1396,15.2,1.18,CLOSE,combined
2026-08-09 19:23:21,truck_001,1397,15.04,1.26,CLOSE,combined
2026-08-09 19:23:21,truck_001,1398,15.2,1.1,CLOSE,combined
2026-08-09 19:23:21,truck_001,1399,15.25,1.23,CLOSE,combined
2026-08-09 19:23:21,truck_001,1400,15.15,1.19,CLOSE,combined
2026-08-09 19:23:21,truck_001,1401,15.39,1.18,CLOSE,combined
2026-08-09 19:23:21,truck_001,1402,15.31,1.34,CLOSE,combined
2026-08-09 19:23:21,truck_001,1403,15.16,1.44,CLOSE,combined
2026-08-09 19:23:21,truck_001,1404,15.34,0.99,CLOSE,combined
2026-08-09 19:23:21,truck_001,1405,15.2,1.31,CLOSE,combined
2026-08-09 19:23:21,truck_001,1406,15.37,1.18,CLOSE,combined
2026-08-09 19:23:21,truck_001,1407,15.37,1.24,CLOSE,combined
2026-08-09 19:23:21,truck_001,1408,15.33,1.15,CLOSE,combined
2026-08-09 19:23:21,truck_001,1409,15.35,1.14,CLOSE,combined
2026-08-09 19:23:21,truck_001,1410,15.22,1.29,CLOSE,combined
2026-08-09 19:23:21,truck_001,1411,15.09,1.45,CLOSE,combined
2026-08-09 19:23:21,truck_001,1412,15.34,1.26,CLOSE,combined
2026-08-09 19:23:21,truck_001,1413,15.23,0.99,CLOSE,combined
2026-08-09 19:23:21,truck_001,1414,15.38,1.2,CLOSE,combined
2026-08-09 19:23:21,truck_001,1415,15.19,1.17,CLOSE,combined
2026-08-09 19:23:21,truck_001,1416,15.42,1.18,CLOSE,combined
2026-08-09 19:23:21,truck_001,1417,15.21,1.15,OPEN,combined
2026-08-09 19:23:21,truck_001,1418,15.31,1.18,OPEN,combined
2026-08-09 19:23:21,truck_001,1419,15.35,0.91,CLOSE,combined
2026-08-09 19:23:21,truck_001,1420,15.57,1.16,CLOSE,combined
2026-08-09 19:23:21,truck_001,1421,15.43,0.98,CLOSE,combined
2026-08-09 19:23:21,truck_001,1422,15.41,0.83,CLOSE,combined
2026-08-09 19:23:21,truck_001,1423,15.41,1.33,CLOSE,combined
2026-08-09 19:23:21,truck_001,1424,15.67,1.17,CLOSE,combined
2026-08-09 19:23:21,truck_001,1425,15.49,1.25,CLOSE,combined
2026-08-09 19:23:21,truck_001,1426,15.52,1.26,CLOSE,combined
2026-08-09 19:23:21,truck_001,1427,15.49,1.17,CLOSE,combined
2026-08-09 19:23:21,truck_001,1428,15.42,1.4,CLOSE,combined
2026-08-09 19:23:21,truck_001,1429,15.62,1.38,CLOSE,combined
2026-08-09 19:23:21,truck_001,1430,15.59,1.02,CLOSE,combined
2026-08-09 19:23:21,truck_001,1431,15.54,0.87,CLOSE,combined
2026-08-09 19:23:21,truck_001,1432,15.5,1.27,CLOSE,combined
2026-08-09 19:23:21,truck_001,1433,15.55,1.05,CLOSE,combined
2026-08-09 19:23:21,truck_001,1434,15.51,1.22,CLOSE,combined
2026-08-09 19:23:21,truck_001,1435,15.53,1.37,CLOSE,combined
2026-08-09 19:23:21,truck_001,1436,15.54,0.97,CLOSE,combined
2026-08-09 19:23:21,truck_001,1437,15.5,1.24,CLOSE,combined
2026-08-09 19:23:21,truck_001,1438,15.32,0.99,CLOSE,combined
2026-08-09 19:23:21,truck_001,1439,15.52,1.08,CLOSE,combined
2026-08-09 19:23:21,truck_001,1440,15.45,1.24,CLOSE,combined
2026-08-09 19:23:21,truck_001,1441,15.61,1.11,CLOSE,combined
2026-08-09 19:23:21,truck_001,1442,15.6,1.08,CLOSE,combined
2026-08-09 19:23:21,truck_001,1443,15.68,0.87,CLOSE,combined
2026-08-09 19:23:21,truck_001,1444,15.65,1.08,CLOSE,combined
2026-08-09 19:23:21,truck_001,1445,15.47,1.24,CLOSE,combined
2026-08-09 19:23:21,truck_001,1446,15.66,1.13,CLOSE,combined
2026-08-09 19:23:21,truck_001,1447,15.43,1.03,CLOSE,combined
2026-08-09 19:23:21,truck_001,1448,15.61,1.06,CLOSE,combined
2026-08-09 19:23:21,truck_001,1449,15.59,0.99,CLOSE,combined
2026-08-09 19:23:21,truck_001,1450,15.51,1.6,CLOSE,combined
2026-08-09 19:23:21,truck_001,1451,15.61,1.09,CLOSE,combined
2026-08-09 19:23:21,truck_001,1452,15.59,1.5,CLOSE,combined
2026-08-09 19:23:21,truck_001,1453,15.75,1.43,CLOSE,combined
2026-08-09 19:23:21,truck_001,1454,15.67,1.13,CLOSE,combined
2026-08-09 19:23:21,truck_001,1455,15.61,1.17,OPEN,combined
2026-08-09 19:23:21,truck_001,1456,15.51,1.08,CLOSE,combined
2026-08-09 19:23:21,truck_001,1457,15.67,1.1,CLOSE,combined
2026-08-09 19:23:21,truck_001,1458,15.64,1.23,CLOSE,combined
2026-08-09 19:23:21,truck_001,1459,15.64,1.25,CLOSE,combined
2026-08-09 19:23:21,truck_001,1460,15.68,1.28,CLOSE,combined
2026-08-09 19:23:21,truck_001,1461,15.77,1.17,CLOSE,combined
2026-08-09 19:23:21,truck_001,1462,15.81,1.18,CLOSE,combined
2026-08-09 19:23:21,truck_001,1463,15.52,1.29,OPEN,combined
2026-08-09 19:23:21,truck_001,1464,15.49,1.13,CLOSE,combined
2026-08-09 19:23:21,truck_001,1465,15.9,1.31,CLOSE,combined
2026-08-09 19:23:21,truck_001,1466,15.55,0.99,CLOSE,combined
2026-08-09 19:23:21,truck_001,1467,15.61,1.15,CLOSE,combined
2026-08-09 19:23:21,truck_001,1468,15.59,1.28,CLOSE,combined
2026-08-09 19:23:21,truck_001,1469,15.66,1.34,CLOSE,combined
2026-08-09 19:23:21,truck_001,1470,15.89,1.13,CLOSE,combined
2026-08-09 19:23:21,truck_001,1471,15.7,1.44,CLOSE,combined
2026-08-09 19:23:21,truck_001,1472,15.76,1.09,OPEN,combined
2026-08-09 19:23:21,truck_001,1473,15.85,1.18,CLOSE,combined
2026-08-09 19:23:21,truck_001,1474,15.71,1.07,OPEN,combined
2026-08-09 19:23:21,truck_001,1475,15.88,1.03,CLOSE,combined
2026-08-09 19:23:21,truck_001,1476,15.88,1.13,CLOSE,combined
2026-08-09 19:23:21,truck_001,1477,15.79,1.3,CLOSE,combined
2026-08-09 19:23:21,truck_001,1478,15.75,1.14,CLOSE,combined
2026-08-09 19:23:21,truck_001,1479,15.85,1.31,CLOSE,combined
2026-08-09 19:23:21,truck_001,1480,15.84,0.95,CLOSE,combined
2026-08-09 19:23:21,truck_001,1481,15.7,1.18,CLOSE,combined
2026-08-09 19:23:21,truck_001,1482,15.72,1.04,CLOSE,combined
2026-08-09 19:23:21,truck_001,1483,15.75,1.31,OPEN,combined
2026-08-09 19:23:21,truck_001,1484,15.93,1.34,CLOSE,combined
2026-08-09 19:23:21,truck_001,1485,15.77,1.53,CLOSE,combined
2026-08-09 19:23:21,truck_001,1486,15.9,1.19,OPEN,combined
2026-08-09 19:23:21,truck_001,1487,16.12,1.18,CLOSE,combined
2026-08-09 19:23:21,truck_001,1488,15.85,1.06,CLOSE,combined
2026-08-09 19:23:21,truck_001,1489,15.81,1.16,CLOSE,combined
2026-08-09 19:23:21,truck_001,1490,15.95,1.29,OPEN,combined
2026-08-09 19:23:21,truck_001,1491,16.17,1.22,CLOSE,combined
2026-08-09 19:23:21,truck_001,1492,15.98,1.45,CLOSE,combined
2026-08-09 19:23:21,truck_001,1493,16.09,1.04,CLOSE,combined
2026-08-09 19:23:21,truck_001,1494,16.06,1.1,CLOSE,combined
2026-08-09 19:23:21,truck_001,1495,15.82,1.09,CLOSE,combined
2026-08-09 19:23:21,truck_001,1496,15.88,1.35,CLOSE,combined
2026-08-09 19:23:21,truck_001,1497,15.89,1.21,CLOSE,combined
2026-08-09 19:23:21,truck_001,1498,15.94,1.47,CLOSE,combined
2026-08-09 19:23:21,truck_001,1499,15.98,1.41,OPEN,combined
2026-08-09 19:23:21,truck_001,1500,16.05,1.32,CLOSE,combined
2026-08-09 19:23:21,truck_001,1501,15.97,0.91,CLOSE,combined
2026-08-09 19:23:21,truck_001,1502,16.09,1.27,CLOSE,combined
2026-08-09 19:23:21,truck_001,1503,15.92,1.22,CLOSE,combined
2026-08-09 19:23:21,truck_001,1504,15.96,1.25,CLOSE,combined
2026-08-09 19:23:21,truck_001,1505,16.09,1.27,CLOSE,combined
2026-08-09 19:23:21,truck_001,1506,16.1,1.06,CLOSE,combined
2026-08-09 19:23:21,truck_001,1507,16.11,1.16,CLOSE,combined
2026-08-09 19:23:21,truck_001,1508,16.17,1.13,OPEN,combined
2026-08-09 19:23:21,truck_001,1509,16.19,1.21,CLOSE,combined
2026-08-09 19:23:21,truck_001,1510,16.17,1.22,CLOSE,combined
2026-08-09 19:23:21,truck_001,1511,15.97,1.01,OPEN,combined
2026-08-09 19:23:21,truck_001,1512,15.98,0.94,OPEN,combined
2026-08-09 19:23:21,truck_001,1513,16.0,1.17,CLOSE,combined
2026-08-09 19:23:21,truck_001,1514,16.24,1.21,CLOSE,combined
2026-08-09 19:23:21,truck_001,1515,16.1,1.31,CLOSE,combined
2026-08-09 19:23:21,truck_001,1516,16.21,1.08,CLOSE,combined
2026-08-09 19:23:21,truck_001,1517,16.27,0.99,CLOSE,combined
2026-08-09 19:23:21,truck_001,1518,16.2,1.09,CLOSE,combined
2026-08-09 19:23:21,truck_001,1519,16.11,1.03,CLOSE,combined
2026-08-09 19:23:21,truck_001,1520,16.18,1.1,CLOSE,combined
2026-08-09 19:23:21,truck_001,1521,16.23,1.3,CLOSE,combined
2026-08-09 19:23:21,truck_001,1522,16.15,1.38,CLOSE,combined
2026-08-09 19:23:21,truck_001,1523,16.18,1.46,CLOSE,combined
2026-08-09 19:23:21,truck_001,1524,16.23,1.19,CLOSE,combined
2026-08-09 19:23:21,truck_001,1525,16.34,1.39,CLOSE,combined
2026-08-09 19:23:21,truck_001,1526,16.22,1.21,OPEN,combined
2026-08-09 19:23:21,truck_001,1527,16.07,1.33,OPEN,combined
2026-08-09 19:23:21,truck_001,1528,16.24,1.1,CLOSE,combined
2026-08-09 19:23:21,truck_001,1529,16.13,1.27,CLOSE,combined
2026-08-09 19:23:21,truck_001,1530,16.25,1.03,CLOSE,combined
2026-08-09 19:23:21,truck_001,1531,16.15,1.21,CLOSE,combined
2026-08-09 19:23:21,truck_001,1532,16.47,1.08,CLOSE,combined
2026-08-09 19:23:21,truck_001,1533,16.39,1.11,CLOSE,combined
2026-08-09 19:23:21,truck_001,1534,16.26,0.87,CLOSE,combined
2026-08-09 19:23:21,truck_001,1535,16.46,1.22,CLOSE,combined
2026-08-09 19:23:21,truck_001,1536,16.33,1.35,CLOSE,combined
2026-08-09 19:23:21,truck_001,1537,16.31,1.24,CLOSE,combined
2026-08-09 19:23:21,truck_001,1538,16.38,1.5,CLOSE,combined
2026-08-09 19:23:21,truck_001,1539,16.26,1.31,CLOSE,combined
2026-08-09 19:23:21,truck_001,1540,16.42,1.32,OPEN,combined
2026-08-09 19:23:21,truck_001,1541,16.31,1.19,CLOSE,combined
2026-08-09 19:23:21,truck_001,1542,16.24,1.33,CLOSE,combined
2026-08-09 19:23:21,truck_001,1543,16.22,1.1,CLOSE,combined
2026-08-09 19:23:21,truck_001,1544,16.43,1.01,CLOSE,combined
2026-08-09 19:23:21,truck_001,1545,16.16,1.11,CLOSE,combined
2026-08-09 19:23:21,truck_001,1546,16.44,1.39,OPEN,combined
2026-08-09 19:23:21,truck_001,1547,16.37,1.3,CLOSE,combined
2026-08-09 19:23:21,truck_001,1548,16.42,0.82,CLOSE,combined
2026-08-09 19:23:21,truck_001,1549,16.38,1.27,CLOSE,combined
2026-08-09 19:23:21,truck_001,1550,16.52,1.18,CLOSE,combined
2026-08-09 19:23:21,truck_001,1551,16.46,1.27,CLOSE,combined
2026-08-09 19:23:21,truck_001,1552,16.42,1.45,CLOSE,combined
2026-08-09 19:23:21,truck_001,1553,16.33,1.24,CLOSE,combined
2026-08-09 19:23:21,truck_001,1554,16.36,1.23,CLOSE,combined
2026-08-09 19:23:21,truck_001,1555,16.46,1.33,CLOSE,combined
2026-08-09 19:23:21,truck_001,1556,16.48,1.06,CLOSE,combined
2026-08-09 19:23:21,truck_001,1557,16.55,0.88,OPEN,combined
2026-08-09 19:23:21,truck_001,1558,16.37,1.47,CLOSE,combined
2026-08-09 19:23:21,truck_001,1559,16.37,1.32,CLOSE,combined
2026-08-09 19:23:21,truck_001,1560,16.46,1.26,CLOSE,combined
2026-08-09 19:23:21,truck_001,1561,16.43,1.09,CLOSE,combined
2026-08-09 19:23:21,truck_001,1562,16.55,1.31,CLOSE,combined
2026-08-09 19:23:21,truck_001,1563,16.42,1.19,CLOSE,combined
2026-08-09 19:23:21,truck_001,1564,16.47,0.96,CLOSE,combined
2026-08-09 19:23:21,truck_001,1565,16.39,1.22,CLOSE,combined
2026-08-09 19:23:21,truck_001,1566,16.59,1.11,CLOSE,combined
2026-08-09 19:23:21,truck_001,1567,16.47,1.2,CLOSE,combined
2026-08-09 19:23:21,truck_001,1568,16.61,1.06,CLOSE,combined
2026-08-09 19:23:21,truck_001,1569,16.57,1.28,CLOSE,combined
2026-08-09 19:23:21,truck_001,1570,16.46,0.9,CLOSE,combined
2026-08-09 19:23:21,truck_001,1571,16.61,1.39,CLOSE,combined
2026-08-09 19:23:21,truck_001,1572,16.44,1.27,CLOSE,combined
2026-08-09 19:23:21,truck_001,1573,16.57,1.26,CLOSE,combined
2026-08-09 19:23:21,truck_001,1574,16.5,1.09,CLOSE,combined
2026-08-09 19:23:21,truck_001,1575,16.59,0.99,CLOSE,combined
2026-08-09 19:23:21,truck_001,1576,16.61,1.25,CLOSE,combined
2026-08-09 19:23:21,truck_001,1577,16.56,1.21,CLOSE,combined
2026-08-09 19:23:21,truck_001,1578,16.45,0.95,CLOSE,combined
2026-08-09 19:23:21,truck_001,1579,16.72,0.96,OPEN,combined
2026-08-09 19:23:21,truck_001,1580,16.68,1.08,CLOSE,combined
2026-08-09 19:23:21,truck_001,1581,16.54,1.24,CLOSE,combined
2026-08-09 19:23:21,truck_001,1582,16.85,1.21,CLOSE,combined
2026-08-09 19:23:21,truck_001,1583,16.65,1.01,CLOSE,combined
2026-08-09 19:23:21,truck_001,1584,16.55,1.37,CLOSE,combined
2026-08-09 19:23:21,truck_001,1585,16.74,1.31,CLOSE,combined
2026-08-09 19:23:21,truck_001,1586,16.73,1.15,CLOSE,combined
2026-08-09 19:23:21,truck_001,1587,16.85,1.27,CLOSE,combined
2026-08-09 19:23:21,truck_001,1588,16.61,0.99,CLOSE,combined
2026-08-09 19:23:21,truck_001,1589,16.76,1.5,CLOSE,combined
2026-08-09 19:23:21,truck_001,1590,16.78,0.96,CLOSE,combined
2026-08-09 19:23:21,truck_001,1591,16.49,1.19,CLOSE,combined
2026-08-09 19:23:21,truck_001,1592,16.76,1.15,CLOSE,combined
2026-08-09 19:23:21,truck_001,1593,16.7,1.13,CLOSE,combined
2026-08-09 19:23:21,truck_001,1594,16.76,1.13,CLOSE,combined
2026-08-09 19:23:21,truck_001,1595,16.81,1.34,CLOSE,combined
2026-08-09 19:23:21,truck_001,1596,16.66,1.06,CLOSE,combined
2026-08-09 19:23:21,truck_001,1597,16.8,0.94,CLOSE,combined
2026-08-09 19:23:21,truck_001,1598,16.54,1.38,CLOSE,combined
2026-08-09 19:23:21,truck_001,1599,16.85,1.3,CLOSE,combined
2026-08-09 19:23:21,truck_001,1600,16.72,1.21,CLOSE,combined
2026-08-09 19:23:21,truck_001,1601,16.99,1.24,CLOSE,combined
2026-08-09 19:23:21,truck_001,1602,16.82,0.88,CLOSE,combined
2026-08-09 19:23:21,truck_001,1603,16.87,1.26,OPEN,combined
2026-08-09 19:23:21,truck_001,1604,16.81,0.92,CLOSE,combined
2026-08-09 19:23:21,truck_001,1605,16.74,1.26,OPEN,combined
2026-08-09 19:23:21,truck_001,1606,17.0,1.11,CLOSE,combined
2026-08-09 19:23:21,truck_001,1607,16.87,1.26,CLOSE,combined
2026-08-09 19:23:21,truck_001,1608,16.94,1.36,CLOSE,combined
2026-08-09 19:23:21,truck_001,1609,16.85,1.1,OPEN,combined
2026-08-09 19:23:21,truck_001,1610,16.93,1.16,CLOSE,combined
2026-08-09 19:23:21,truck_001,1611,17.0,1.09,CLOSE,combined
2026-08-09 19:23:21,truck_001,1612,16.86,1.39,CLOSE,combined
2026-08-09 19:23:21,truck_001,1613,16.74,1.04,CLOSE,combined
2026-08-09 19:23:21,truck_001,1614,16.96,1.24,CLOSE,combined
2026-08-09 19:23:21,truck_001,1615,16.86,1.26,CLOSE,combined
2026-08-09 19:23:21,truck_001,1616,16.92,1.39,OPEN,combined
2026-08-09 19:23:21,truck_001,1617,17.02,0.98,CLOSE,combined
2026-08-09 19:23:21,truck_001,1618,16.69,1.26,CLOSE,combined
2026-08-09 19:23:21,truck_001,1619,16.92,1.01,CLOSE,combined
2026-08-09 19:23:21,truck_001,1620,16.94,0.98,CLOSE,combined
2026-08-09 19:23:21,truck_001,1621,16.83,1.06,CLOSE,combined
2026-08-09 19:23:21,truck_001,1622,16.92,1.18,CLOSE,combined
2026-08-09 19:23:21,truck_001,1623,17.0,1.04,CLOSE,combined
2026-08-09 19:23:21,truck_001,1624,17.09,1.27,CLOSE,combined
2026-08-09 19:23:21,truck_001,1625,17.04,0.98,CLOSE,combined
2026-08-09 19:23:21,truck_001,1626,17.1,1.21,CLOSE,combined
2026-08-09 19:23:21,truck_001,1627,17.1,1.16,CLOSE,combined
2026-08-09 19:23:21,truck_001,1628,17.02,1.06,CLOSE,combined
2026-08-09 19:23:21,truck_001,1629,17.11,1.24,CLOSE,combined
2026-08-09 19:23:21,truck_001,1630,16.99,1.07,CLOSE,combined
2026-08-09 19:23:21,truck_001,1631,17.07,1.17,CLOSE,combined
2026-08-09 19:23:21,truck_001,1632,17.14,1.22,CLOSE,combined
2026-08-09 19:23:21,truck_001,1633,16.9,1.08,CLOSE,combined
2026-08-09 19:23:21,truck_001,1634,17.11,1.0,CLOSE,combined
2026-08-09 19:23:21,truck_001,1635,17.17,1.46,CLOSE,combined
2026-08-09 19:23:21,truck_001,1636,17.14,1.26,CLOSE,combined
2026-08-09 19:23:21,truck_001,1637,17.03,1.27,CLOSE,combined
2026-08-09 19:23:21,truck_001,1638,17.0,1.21,CLOSE,combined
2026-08-09 19:23:21,truck_001,1639,17.09,1.12,CLOSE,combined
2026-08-09 19:23:21,truck_001,1640,17.08,1.32,CLOSE,combined
2026-08-09 19:23:21,truck_001,1641,17.07,1.46,OPEN,combined
2026-08-09 19:23:21,truck_001,1642,17.28,1.17,CLOSE,combined
2026-08-09 19:23:21,truck_001,1643,17.05,1.19,CLOSE,combined
2026-08-09 19:23:21,truck_001,1644,17.01,0.99,CLOSE,combined
2026-08-09 19:23:21,truck_001,1645,17.31,1.11,CLOSE,combined
2026-08-09 19:23:21,truck_001,1646,17.33,1.17,CLOSE,combined
2026-08-09 19:23:21,truck_001,1647,17.28,1.09,CLOSE,combined
2026-08-09 19:23:21,truck_001,1648,17.3,1.28,CLOSE,combined
2026-08-09 19:23:21,truck_001,1649,17.26,1.12,CLOSE,combined
2026-08-09 19:23:21,truck_001,1650,17.02,1.37,CLOSE,combined
2026-08-09 19:23:21,truck_001,1651,17.33,0.95,CLOSE,combined
2026-08-09 19:23:21,truck_001,1652,17.27,1.06,CLOSE,combined
2026-08-09 19:23:21,truck_001,1653,16.99,1.3,CLOSE,combined
2026-08-09 19:23:21,truck_001,1654,17.34,1.21,CLOSE,combined
2026-08-09 19:23:21,truck_001,1655,17.21,1.16,CLOSE,combined
2026-08-09 19:23:21,truck_001,1656,17.33,1.32,CLOSE,combined
2026-08-09 19:23:21,truck_001,1657,17.29,1.36,CLOSE,combined
2026-08-09 19:23:21,truck_001,1658,17.32,1.15,CLOSE,combined
2026-08-09 19:23:21,truck_001,1659,17.2,1.39,CLOSE,combined
2026-08-09 19:23:21,truck_001,1660,17.19,1.31,OPEN,combined
2026-08-09 19:23:21,truck_001,1661,17.21,1.29,CLOSE,combined
2026-08-09 19:23:21,truck_001,1662,17.18,1.18,CLOSE,combined
2026-08-09 19:23:21,truck_001,1663,17.17,1.38,CLOSE,combined
2026-08-09 19:23:21,truck_001,1664,17.26,1.41,CLOSE,combined
2026-08-09 19:23:21,truck_001,1665,17.3,1.13,CLOSE,combined
2026-08-09 19:23:21,truck_001,1666,17.38,1.31,CLOSE,combined
2026-08-09 19:23:21,truck_001,1667,17.56,1.12,CLOSE,combined
2026-08-09 19:23:21,truck_001,1668,17.07,1.17,CLOSE,combined
2026-08-09 19:23:21,truck_001,1669,17.36,1.27,CLOSE,combined
2026-08-09 19:23:21,truck_001,1670,17.55,1.23,CLOSE,combined
2026-08-09 19:23:21,truck_001,1671,17.36,1.34,CLOSE,combined
2026-08-09 19:23:21,truck_001,1672,17.27,1.37,CLOSE,combined
2026-08-09 19:23:21,truck_001,1673,17.43,1.11,CLOSE,combined
2026-08-09 19:23:21,truck_001,1674,17.48,1.22,CLOSE,combined
2026-08-09 19:23:21,truck_001,1675,17.43,1.35,CLOSE,combined
2026-08-09 19:23:21,truck_001,1676,17.51,1.16,CLOSE,combined
2026-08-09 19:23:21,truck_001,1677,17.52,1.43,CLOSE,combined
2026-08-09 19:23:21,truck_001,1678,17.42,1.25,CLOSE,combined
2026-08-09 19:23:21,truck_001,1679,17.4,1.26,CLOSE,combined
2026-08-09 19:23:21,truck_001,1680,17.64,1.34,CLOSE,combined
2026-08-09 19:23:21,truck_001,1681,17.55,1.16,CLOSE,combined
2026-08-09 19:23:21,truck_001,1682,17.52,1.26,CLOSE,combined
2026-08-09 19:23:21,truck_001,1683,17.45,1.24,CLOSE,combined
2026-08-09 19:23:21,truck_001,1684,17.45,1.17,CLOSE,combined
2026-08-09 19:23:21,truck_001,1685,17.68,1.12,CLOSE,combined
2026-08-09 19:23:21,truck_001,1686,17.35,1.01,CLOSE,combined
2026-08-09 19:23:21,truck_001,1687,17.64,1.17,CLOSE,combined
2026-08-09 19:23:21,truck_001,1688,17.7,0.95,OPEN,combined
2026-08-09 19:23:21,truck_001,1689,17.65,0.98,CLOSE,combined
2026-08-09 19:23:21,truck_001,1690,17.4,1.41,CLOSE,combined
2026-08-09 19:23:21,truck_001,1691,17.6,1.18,CLOSE,combined
2026-08-09 19:23:21,truck_001,1692,17.73,1.19,CLOSE,combined
2026-08-09 19:23:21,truck_001,1693,17.42,0.94,OPEN,combined
2026-08-09 19:23:21,truck_001,1694,17.68,1.18,CLOSE,combined
2026-08-09 19:23:21,truck_001,1695,17.8,1.18,CLOSE,combined
2026-08-09 19:23:21,truck_001,1696,17.57,1.1,CLOSE,combined
2026-08-09 19:23:21,truck_001,1697,17.52,1.06,CLOSE,combined
2026-08-09 19:23:21,truck_001,1698,17.7,1.21,CLOSE,combined
2026-08-09 19:23:21,truck_001,1699,17.54,1.12,CLOSE,combined
2026-08-09 19:23:21,truck_001,1700,17.47,1.57,CLOSE,combined
2026-08-09 19:23:21,truck_001,1701,17.71,0.92,CLOSE,combined
2026-08-09 19:23:21,truck_001,1702,17.7,1.19,CLOSE,combined
2026-08-09 19:23:21,truck_001,1703,17.7,1.27,CLOSE,combined
2026-08-09 19:23:21,truck_001,1704,17.5,0.9,CLOSE,combined
2026-08-09 19:23:21,truck_001,1705,17.76,1.15,CLOSE,combined
2026-08-09 19:23:21,truck_001,1706,17.64,1.3,CLOSE,combined
2026-08-09 19:23:21,truck_001,1707,17.81,1.23,CLOSE,combined
2026-08-09 19:23:21,truck_001,1708,17.56,1.5,CLOSE,combined
2026-08-09 19:23:21,truck_001,1709,17.79,1.45,CLOSE,combined
2026-08-09 19:23:21,truck_001,1710,17.73,1.19,OPEN,combined
2026-08-09 19:23:21,truck_001,1711,17.87,1.45,CLOSE,combined
2026-08-09 19:23:21,truck_001,1712,17.63,1.07,CLOSE,combined
2026-08-09 19:23:21,truck_001,1713,17.62,1.3,CLOSE,combined
2026-08-09 19:23:21,truck_001,1714,17.76,1.4,CLOSE,combined
2026-08-09 19:23:21,truck_001,1715,17.85,1.21,CLOSE,combined
2026-08-09 19:23:21,truck_001,1716,17.84,1.23,CLOSE,combined
2026-08-09 19:23:21,truck_001,1717,17.79,1.13,CLOSE,combined
2026-08-09 19:23:21,truck_001,1718,17.94,1.22,CLOSE,combined
2026-08-09 19:23:21,truck_001,1719,17.69,1.22,CLOSE,combined
2026-08-09 19:23:21,truck_001,1720,17.71,1.35,CLOSE,combined
2026-08-09 19:23:21,truck_001,1721,17.66,1.36,CLOSE,combined
2026-08-09 19:23:21,truck_001,1722,17.86,1.01,OPEN,combined
2026-08-09 19:23:21,truck_001,1723,17.72,0.75,CLOSE,combined
2026-08-09 19:23:21,truck_001,1724,17.79,1.14,CLOSE,combined
2026-08-09 19:23:21,truck_001,1725,17.87,0.91,CLOSE,combined
2026-08-09 19:23:21,truck_001,1726,17.89,1.19,CLOSE,combined
2026-08-09 19:23:21,truck_001,1727,17.85,1.23,CLOSE,combined
2026-08-09 19:23:21,truck_001,1728,17.98,1.46,CLOSE,combined
2026-08-09 19:23:21,truck_001,1729,17.79,1.07,CLOSE,combined
2026-08-09 19:23:21,truck_001,1730,17.9,1.32,CLOSE,combined
2026-08-09 19:23:21,truck_001,1731,17.84,1.05,CLOSE,combined
2026-08-09 19:23:21,truck_001,1732,17.96,1.15,OPEN,combined
2026-08-09 19:23:21,truck_001,1733,17.76,1.11,CLOSE,combined
2026-08-09 19:23:21,truck_001,1734,17.79,1.28,CLOSE,combined
2026-08-09 19:23:21,truck_001,1735,17.93,1.39,CLOSE,combined
2026-08-09 19:23:21,truck_001,1736,18.12,1.35,CLOSE,combined
2026-08-09 19:23:21,truck_001,1737,18.05,1.29,CLOSE,combined
2026-08-09 19:23:21,truck_001,1738,17.93,1.29,CLOSE,combined
2026-08-09 19:23:21,truck_001,1739,17.94,1.31,CLOSE,combined
2026-08-09 19:23:21,truck_001,1740,18.02,1.36,CLOSE,combined
2026-08-09 19:23:21,truck_001,1741,17.97,1.46,CLOSE,combined
2026-08-09 19:23:21,truck_001,1742,17.94,1.25,CLOSE,combined
2026-08-09 19:23:21,truck_001,1743,17.98,1.56,OPEN,combined
2026-08-09 19:23:21,truck_001,1744,17.91,1.48,CLOSE,combined
2026-08-09 19:23:21,truck_001,1745,17.91,1.37,CLOSE,combined
2026-08-09 19:23:21,truck_001,1746,17.97,1.17,CLOSE,combined
2026-08-09 19:23:21,truck_001,1747,17.88,1.34,CLOSE,combined
2026-08-09 19:23:21,truck_001,1748,18.13,1.12,CLOSE,combined
2026-08-09 19:23:21,truck_001,1749,17.7,1.06,OPEN,combined
2026-08-09 19:23:21,truck_001,1750,17.96,1.25,CLOSE,combined
2026-08-09 19:23:21,truck_001,1751,17.99,1.38,CLOSE,combined
2026-08-09 19:23:21,truck_001,1752,18.07,1.1,CLOSE,combined
2026-08-09 19:23:21,truck_001,1753,18.02,1.08,CLOSE,combined
2026-08-09 19:23:21,truck_001,1754,18.06,1.15,CLOSE,combined
2026-08-09 19:23:21,truck_001,1755,18.0,1.2,CLOSE,combined
2026-08-09 19:23:21,truck_001,1756,17.98,1.3,CLOSE,combined
2026-08-09 19:23:21,truck_001,1757,18.17,1.31,CLOSE,combined
2026-08-09 19:23:21,truck_001,1758,18.16,1.15,CLOSE,combined
2026-08-09 19:23:21,truck_001,1759,18.14,1.11,CLOSE,combined
2026-08-09 19:23:21,truck_001,1760,18.18,1.55,CLOSE,combined
2026-08-09 19:23:21,truck_001,1761,17.96,0.99,CLOSE,combined
2026-08-09 19:23:21,truck_001,1762,18.13,1.41,CLOSE,combined
2026-08-09 19:23:21,truck_001,1763,18.22,1.37,CLOSE,combined
2026-08-09 19:23:21,truck_001,1764,17.99,1.36,CLOSE,combined
2026-08-09 19:23:21,truck_001,1765,17.99,1.24,CLOSE,combined
2026-08-09 19:23:21,truck_001,1766,18.35,1.27,CLOSE,combined
2026-08-09 19:23:21,truck_001,1767,18.07,0.95,CLOSE,combined
2026-08-09 19:23:21,truck_001,1768,18.01,1.02,CLOSE,combined
2026-08-09 19:23:21,truck_001,1769,18.23,1.28,CLOSE,combined
2026-08-09 19:23:21,truck_001,1770,18.06,0.96,CLOSE,combined
2026-08-09 19:23:21,truck_001,1771,18.27,0.99,CLOSE,combined
2026-08-09 19:23:21,truck_001,1772,18.04,1.2,CLOSE,combined
2026-08-09 19:23:21,truck_001,1773,18.06,1.22,CLOSE,combined
2026-08-09 19:23:21,truck_001,1774,18.22,1.44,OPEN,combined
2026-08-09 19:23:21,truck_001,1775,18.13,1.35,CLOSE,combined
2026-08-09 19:23:21,truck_001,1776,18.21,1.28,CLOSE,combined
2026-08-09 19:23:21,truck_001,1777,18.13,1.3,CLOSE,combined
2026-08-09 19:23:21,truck_001,1778,18.35,1.14,CLOSE,combined
2026-08-09 19:23:21,truck_001,1779,18.19,1.32,CLOSE,combined
2026-08-09 19:23:21,truck_001,1780,18.28,1.15,CLOSE,combined
2026-08-09 19:23:21,truck_001,1781,17.96,1.15,CLOSE,combined
2026-08-09 19:23:21,truck_001,1782,18.16,1.3,CLOSE,combined
2026-08-09 19:23:21,truck_001,1783,18.16,1.13,CLOSE,combined
2026-08-09 19:23:21,truck_001,1784,18.29,1.37,CLOSE,combined
2026-08-09 19:23:21,truck_001,1785,18.29,1.16,OPEN,combined
2026-08-09 19:23:21,truck_001,1786,18.08,1.31,CLOSE,combined
2026-08-09 19:23:21,truck_001,1787,18.32,1.33,CLOSE,combined
2026-08-09 19:23:21,truck_001,1788,18.3,1.36,CLOSE,combined
2026-08-09 19:23:21,truck_001,1789,18.37,1.42,OPEN,combined
2026-08-09 19:23:21,truck_001,1790,18.18,1.16,CLOSE,combined
2026-08-09 19:23:21,truck_001,1791,18.32,1.14,CLOSE,combined
2026-08-09 19:23:21,truck_001,1792,18.19,1.51,CLOSE,combined
2026-08-09 19:23:21,truck_001,1793,18.37,1.06,CLOSE,combined
2026-08-09 19:23:21,truck_001,1794,18.32,1.06,OPEN,combined
2026-08-09 19:23:21,truck_001,1795,18.36,1.07,CLOSE,combined
2026-08-09 19:23:21,truck_001,1796,18.37,1.1,CLOSE,combined
2026-08-09 19:23:21,truck_001,1797,18.48,1.12,CLOSE,combined
2026-08-09 19:23:21,truck_001,1798,18.24,1.2,CLOSE,combined
2026-08-09 19:23:21,truck_001,1799,18.72,1.16,CLOSE,combined
2026-08-09 19:23:21,truck_001,1800,18.33,1.08,CLOSE,combined
2026-08-09 19:27:36,truck_001,1,4.19,0.44,CLOSE,none
2026-08-09 19:27:37,truck_001,2,3.83,0.55,CLOSE,none
2026-08-09 19:27:38,truck_001,3,4.19,0.37,CLOSE,none
2026-08-09 19:27:39,truck_001,4,4.19,0.46,CLOSE,none
2026-08-09 19:27:40,truck_001,5,4.41,0.43,CLOSE,none
2026-08-09 19:27:41,truck_001,6,3.73,0.51,CLOSE,none
2026-08-09 19:27:42,truck_001,7,4.19,0.46,CLOSE,none
2026-08-09 19:27:43,truck_001,8,4.37,0.46,CLOSE,none
2026-08-09 19:27:44,truck_001,9,4.42,0.52,CLOSE,none
2026-08-09 19:27:45,truck_001,10,3.76,0.39,CLOSE,none
2026-08-09 19:27:46,truck_001,11,4.11,0.44,CLOSE,none
2026-08-09 19:27:47,truck_001,12,3.77,0.4,CLOSE,none
2026-08-09 19:27:48,truck_001,13,3.39,0.42,OPEN,none
2026-08-09 19:27:49,truck_001,14,3.6,0.41,CLOSE,none
2026-08-09 19:27:50,truck_001,15,4.23,0.46,CLOSE,none
2026-08-09 19:27:51,truck_001,16,3.96,0.49,CLOSE,none
2026-08-09 19:27:52,truck_001,17,4.01,0.42,OPEN,none
2026-08-09 19:27:53,truck_001,18,3.58,0.4,CLOSE,none
2026-08-09 19:27:54,truck_001,19,4.21,0.47,CLOSE,none
2026-08-09 19:27:55,truck_001,20,4.22,0.48,CLOSE,none
2026-08-09 19:27:56,truck_001,21,4.82,0.49,CLOSE,none
2026-08-09 19:27:57,truck_001,22,4.04,0.54,CLOSE,none
2026-08-09 19:27:58,truck_001,23,4.1,0.43,CLOSE,none
2026-08-09 19:27:59,truck_001,24,4.01,0.52,CLOSE,none
2026-08-09 19:28:00,truck_001,25,4.31,0.48,OPEN,none
2026-08-09 19:28:01,truck_001,26,4.39,0.53,CLOSE,none
2026-08-09 19:28:02,truck_001,27,3.89,0.39,CLOSE,none
2026-08-09 19:28:03,truck_001,28,3.45,0.39,CLOSE,none
2026-08-09 19:28:04,truck_001,29,3.99,0.41,OPEN,none
2026-08-09 19:28:05,truck_001,30,4.54,0.43,CLOSE,none
2026-08-09 19:28:06,truck_001,31,4.46,0.47,CLOSE,none
2026-08-09 19:28:07,truck_001,32,3.67,0.5,CLOSE,none
2026-08-09 19:28:08,truck_001,33,4.13,0.51,CLOSE,none
2026-08-09 19:28:09,truck_001,34,3.83,0.41,OPEN,none
2026-08-09 19:28:10,truck_001,35,3.96,0.5,CLOSE,none
2026-08-09 19:28:11,truck_001,36,3.64,0.4,CLOSE,none
2026-08-09 19:28:12,truck_001,37,4.15,0.44,CLOSE,none
2026-08-09 19:28:13,truck_001,38,3.85,0.46,CLOSE,none
2026-08-09 19:28:14,truck_001,39,4.22,0.45,CLOSE,none
2026-08-09 19:28:15,truck_001,40,4.25,0.41,CLOSE,none
2026-08-09 19:28:16,truck_001,41,4.23,0.45,CLOSE,none
2026-08-09 19:28:17,truck_001,42,4.15,0.42,CLOSE,none
2026-08-09 19:28:18,truck_001,43,4.05,0.49,CLOSE,none
2026-08-09 19:28:19,truck_001,44,3.74,0.45,CLOSE,none
2026-08-09 19:28:20,truck_001,45,3.86,0.43,CLOSE,none
2026-08-09 19:28:21,truck_001,46,4.09,0.45,CLOSE,none
2026-08-09 19:28:22,truck_001,47,3.83,0.39,CLOSE,none
2026-08-09 19:28:23,truck_001,48,3.9,0.49,CLOSE,none
2026-08-09 19:28:24,truck_001,49,4.16,0.52,OPEN,none
2026-08-09 19:28:25,truck_001,50,3.57,0.47,CLOSE,none
2026-08-09 19:28:26,truck_001,51,4.65,0.53,CLOSE,none
2026-08-09 19:28:27,truck_001,52,3.44,0.55,CLOSE,none
2026-08-09 19:28:28,truck_001,53,4.12,0.49,CLOSE,none
2026-08-09 19:28:29,truck_001,54,3.78,0.51,CLOSE,none
2026-08-09 19:28:30,truck_001,55,3.88,0.38,CLOSE,none
2026-08-09 19:28:31,truck_001,56,4.39,0.45,CLOSE,none
2026-08-09 19:28:32,truck_001,57,3.93,0.35,CLOSE,none
2026-08-09 19:28:33,truck_001,58,3.99,0.53,OPEN,none
2026-08-09 19:28:34,truck_001,59,4.16,0.53,CLOSE,none
2026-08-09 19:28:35,truck_001,60,3.73,0.44,CLOSE,none
2026-08-09 19:28:36,truck_001,61,3.78,0.34,CLOSE,none
2026-08-09 19:28:37,truck_001,62,3.99,0.41,CLOSE,none
2026-08-09 19:28:38,truck_001,63,4.23,0.39,CLOSE,none
2026-08-09 19:28:39,truck_001,64,3.88,0.38,CLOSE,none
2026-08-09 19:28:40,truck_001,65,4.1,0.35,CLOSE,none
2026-08-09 19:28:41,truck_001,66,3.94,0.41,CLOSE,none
2026-08-09 19:28:42,truck_001,67,4.22,0.42,CLOSE,none
2026-08-09 19:28:43,truck_001,68,3.49,0.48,CLOSE,none
2026-08-09 19:28:44,truck_001,69,4.7,0.62,CLOSE,none
2026-08-09 19:28:45,truck_001,70,3.39,0.45,CLOSE,none
2026-08-09 19:28:46,truck_001,71,4.22,0.52,CLOSE,none
2026-08-09 19:28:47,truck_001,72,4.42,0.45,CLOSE,none
2026-08-09 19:28:48,truck_001,73,4.04,0.41,CLOSE,none
2026-08-09 19:28:49,truck_001,74,4.36,0.39,CLOSE,none
2026-08-09 19:28:50,truck_001,75,4.5,0.38,CLOSE,none
2026-08-09 19:28:51,truck_001,76,4.17,0.44,CLOSE,none
2026-08-09 19:28:52,truck_001,77,4.16,0.47,CLOSE,none
2026-08-09 19:28:53,truck_001,78,3.96,0.52,CLOSE,none
2026-08-09 19:28:54,truck_001,79,4.58,0.44,CLOSE,none
2026-08-09 19:28:55,truck_001,80,3.86,0.43,CLOSE,none
2026-08-09 19:28:56,truck_001,81,3.9,0.44,CLOSE,none
2026-08-09 19:28:57,truck_001,82,4.35,0.38,CLOSE,none
2026-08-09 19:28:58,truck_001,83,4.13,0.39,CLOSE,none
2026-08-09 19:28:59,truck_001,84,3.88,0.38,OPEN,none
2026-08-09 19:29:00,truck_001,85,4.07,0.52,CLOSE,none
2026-08-09 19:29:01,truck_001,86,4.25,0.37,CLOSE,none
2026-08-09 19:29:02,truck_001,87,3.94,0.46,CLOSE,none
2026-08-09 19:29:03,truck_001,88,4.2,0.47,CLOSE,none
2026-08-09 19:29:04,truck_001,89,4.76,0.4,OPEN,none
2026-08-09 19:29:05,truck_001,90,3.72,0.47,CLOSE,none
2026-08-09 19:29:06,truck_001,91,4.2,0.45,CLOSE,none
2026-08-09 19:29:07,truck_001,92,3.81,0.51,CLOSE,none
2026-08-09 19:29:08,truck_001,93,4.35,0.38,CLOSE,none
2026-08-09 19:29:09,truck_001,94,3.71,0.53,OPEN,none
2026-08-09 19:29:10,truck_001,95,3.9,0.44,CLOSE,none
2026-08-09 19:29:11,truck_001,96,4.12,0.49,CLOSE,none
2026-08-09 19:29:12,truck_001,97,4.36,0.42,CLOSE,none
2026-08-09 19:29:13,truck_001,98,3.64,0.48,OPEN,none
2026-08-09 19:29:14,truck_001,99,4.18,0.52,CLOSE,none
2026-08-09 19:29:15,truck_001,100,4.36,0.46,CLOSE,none
2026-08-09 19:29:16,truck_001,101,3.4,0.46,CLOSE,none
2026-08-09 19:29:17,truck_001,102,4.22,0.48,CLOSE,none
2026-08-09 19:29:18,truck_001,103,3.87,0.5,OPEN,none
2026-08-09 19:29:19,truck_001,104,4.31,0.44,CLOSE,none
2026-08-09 19:29:20,truck_001,105,3.94,0.44,CLOSE,none
2026-08-09 19:29:21,truck_001,106,3.35,0.51,CLOSE,none
2026-08-09 19:29:22,truck_001,107,4.1,0.44,CLOSE,none
2026-08-09 19:29:23,truck_001,108,3.46,0.49,CLOSE,none
2026-08-09 19:29:24,truck_001,109,3.54,0.52,CLOSE,none
2026-08-09 19:29:25,truck_001,110,4.27,0.43,CLOSE,none
2026-08-09 19:29:26,truck_001,111,3.81,0.44,CLOSE,none
2026-08-09 19:29:27,truck_001,112,4.16,0.41,CLOSE,none
2026-08-09 19:29:28,truck_001,113,4.04,0.49,CLOSE,none
2026-08-09 19:29:29,truck_001,114,4.04,0.51,CLOSE,none
2026-08-09 19:29:30,truck_001,115,4.27,0.43,CLOSE,none
2026-08-09 19:29:31,truck_001,116,3.79,0.46,CLOSE,none
2026-08-09 19:29:32,truck_001,117,4.06,0.46,CLOSE,none
2026-08-09 19:29:33,truck_001,118,4.39,0.43,CLOSE,none
2026-08-09 19:29:34,truck_001,119,4.6,0.41,CLOSE,none
2026-08-09 19:29:35,truck_001,120,3.23,0.4,CLOSE,none
2026-08-09 19:47:26,truck_001,1,3.78,0.45,CLOSE,none
2026-08-09 19:47:27,truck_001,2,3.63,0.44,CLOSE,none
2026-08-09 19:47:28,truck_001,3,4.07,0.52,CLOSE,none
2026-08-09 19:47:29,truck_001,4,4.43,0.45,CLOSE,none
2026-08-09 19:47:30,truck_001,5,3.67,0.48,CLOSE,none
2026-08-09 19:47:31,truck_001,6,4.1,0.53,CLOSE,none
2026-08-09 19:47:32,truck_001,7,3.67,0.37,CLOSE,none
2026-08-09 19:47:33,truck_001,8,4.16,0.44,CLOSE,none
2026-08-09 19:47:34,truck_001,9,3.89,0.42,CLOSE,none
2026-08-09 19:47:35,truck_001,10,3.98,0.48,CLOSE,none
2026-08-09 19:47:36,truck_001,11,4.18,0.4,CLOSE,none
2026-08-09 19:47:37,truck_001,12,4.24,0.49,CLOSE,none
2026-08-09 19:47:38,truck_001,13,4.03,0.4,CLOSE,none
2026-08-09 19:47:39,truck_001,14,4.08,0.39,CLOSE,none
2026-08-09 19:47:40,truck_001,15,3.5,0.51,OPEN,none
2026-08-09 19:47:41,truck_001,16,4.84,0.41,CLOSE,none
2026-08-09 19:47:42,truck_001,17,4.54,0.51,CLOSE,none
2026-08-09 19:47:43,truck_001,18,3.65,0.43,CLOSE,none
2026-08-09 19:47:44,truck_001,19,3.75,0.52,CLOSE,none
2026-08-09 19:47:45,truck_001,20,3.87,0.43,CLOSE,none
2026-08-09 19:47:46,truck_001,21,3.95,0.42,CLOSE,none
2026-08-09 19:47:47,truck_001,22,4.21,0.44,CLOSE,none
2026-08-09 19:47:48,truck_001,23,3.94,0.52,OPEN,none
2026-08-09 19:47:49,truck_001,24,4.11,0.44,CLOSE,none
2026-08-09 19:47:50,truck_001,25,4.3,0.41,CLOSE,none
2026-08-09 19:47:51,truck_001,26,4.2,0.45,CLOSE,none
2026-08-09 19:47:52,truck_001,27,3.89,0.46,CLOSE,none
2026-08-09 19:47:53,truck_001,28,4.42,0.51,CLOSE,none
2026-08-09 19:47:54,truck_001,29,3.84,0.47,OPEN,none
2026-08-09 19:47:55,truck_001,30,4.33,0.47,CLOSE,none
2026-08-09 19:47:56,truck_001,31,3.83,0.45,CLOSE,none
2026-08-09 19:47:57,truck_001,32,4.3,0.46,CLOSE,none
2026-08-09 19:47:58,truck_001,33,3.72,0.33,OPEN,none
2026-08-09 19:47:59,truck_001,34,3.96,0.4,CLOSE,none
2026-08-09 19:48:00,truck_001,35,4.11,0.38,CLOSE,none
2026-08-09 19:48:01,truck_001,36,4.24,0.48,CLOSE,none
2026-08-09 19:48:02,truck_001,37,3.64,0.45,OPEN,none
2026-08-09 19:48:03,truck_001,38,3.8,0.52,CLOSE,none
2026-08-09 19:48:04,truck_001,39,4.04,0.45,CLOSE,none
2026-08-09 19:48:05,truck_001,40,3.61,0.46,CLOSE,none
2026-08-09 19:48:06,truck_001,41,4.23,0.44,CLOSE,none
2026-08-09 19:48:07,truck_001,42,4.31,0.44,CLOSE,none
2026-08-09 19:48:08,truck_001,43,4.3,0.45,CLOSE,none
2026-08-09 19:48:09,truck_001,44,3.98,0.45,CLOSE,none
2026-08-09 19:48:10,truck_001,45,4.0,0.44,CLOSE,none
2026-08-09 19:48:11,truck_001,46,4.24,0.5,CLOSE,none
2026-08-09 19:48:12,truck_001,47,4.65,0.42,CLOSE,none
2026-08-09 19:48:13,truck_001,48,4.01,0.41,CLOSE,none
2026-08-09 19:48:14,truck_001,49,4.45,0.5,CLOSE,none
2026-08-09 19:48:15,truck_001,50,3.84,0.53,OPEN,none
2026-08-09 19:48:16,truck_001,51,3.8,0.49,CLOSE,none
2026-08-09 19:48:17,truck_001,52,3.82,0.45,OPEN,none
2026-08-09 19:48:18,truck_001,53,4.19,0.42,CLOSE,none
2026-08-09 19:48:19,truck_001,54,3.65,0.42,CLOSE,none
2026-08-09 19:48:20,truck_001,55,3.81,0.46,CLOSE,none
2026-08-09 19:48:21,truck_001,56,3.98,0.43,CLOSE,none
2026-08-09 19:48:22,truck_001,57,3.73,0.53,OPEN,none
2026-08-09 19:48:23,truck_001,58,3.89,0.52,CLOSE,none
2026-08-09 19:48:24,truck_001,59,3.97,0.44,CLOSE,none
2026-08-09 19:48:25,truck_001,60,3.71,0.36,CLOSE,none
2026-08-09 19:48:26,truck_001,61,4.19,0.42,OPEN,none
2026-08-09 19:48:27,truck_001,62,3.53,0.47,CLOSE,none
2026-08-09 19:48:28,truck_001,63,4.04,0.44,CLOSE,none
2026-08-09 19:48:29,truck_001,64,4.59,0.44,CLOSE,none
2026-08-09 19:48:30,truck_001,65,3.92,0.46,CLOSE,none
2026-08-09 19:48:31,truck_001,66,3.9,0.38,CLOSE,none
2026-08-09 19:48:32,truck_001,67,3.43,0.45,CLOSE,none
2026-08-09 19:48:33,truck_001,68,4.14,0.36,CLOSE,none
2026-08-09 19:48:34,truck_001,69,4.31,0.52,CLOSE,none
2026-08-09 19:48:35,truck_001,70,4.14,0.43,CLOSE,none
2026-08-09 19:48:36,truck_001,71,3.4,0.45,CLOSE,none
2026-08-09 19:48:37,truck_001,72,4.04,0.52,OPEN,none
2026-08-09 19:48:38,truck_001,73,3.96,0.4,CLOSE,none
2026-08-09 19:48:39,truck_001,74,3.66,0.4,CLOSE,none
2026-08-09 19:48:40,truck_001,75,3.62,0.43,OPEN,none
2026-08-09 19:48:41,truck_001,76,4.2,0.48,CLOSE,none
2026-08-09 19:48:42,truck_001,77,3.8,0.47,CLOSE,none
2026-08-09 19:48:43,truck_001,78,3.95,0.39,OPEN,none
2026-08-09 19:48:44,truck_001,79,4.3,0.48,CLOSE,none
2026-08-09 19:48:45,truck_001,80,3.95,0.46,CLOSE,none
2026-08-09 19:48:46,truck_001,81,4.07,0.47,CLOSE,none
2026-08-09 19:48:47,truck_001,82,4.23,0.45,CLOSE,none
2026-08-09 19:48:48,truck_001,83,4.23,0.37,CLOSE,none
2026-08-09 19:48:49,truck_001,84,4.2,0.5,CLOSE,none
2026-08-09 19:48:50,truck_001,85,3.9,0.48,CLOSE,none
2026-08-09 19:48:51,truck_001,86,3.55,0.55,CLOSE,none
2026-08-09 19:48:52,truck_001,87,4.37,0.4,CLOSE,none
2026-08-09 19:48:53,truck_001,88,4.33,0.39,CLOSE,none
2026-08-09 19:48:54,truck_001,89,3.61,0.51,CLOSE,none
2026-08-09 19:48:55,truck_001,90,3.77,0.49,CLOSE,none
2026-08-09 19:48:56,truck_001,91,4.08,0.43,CLOSE,none
2026-08-09 19:48:57,truck_001,92,3.74,0.45,CLOSE,none
2026-08-09 19:48:58,truck_001,93,4.28,0.39,CLOSE,none
2026-08-09 19:48:59,truck_001,94,4.1,0.45,CLOSE,none
2026-08-09 19:49:00,truck_001,95,3.82,0.38,OPEN,none
2026-08-09 19:49:01,truck_001,96,3.75,0.38,CLOSE,none
2026-08-09 19:49:02,truck_001,97,3.81,0.62,CLOSE,none
2026-08-09 19:49:03,truck_001,98,3.98,0.47,CLOSE,none
2026-08-09 19:49:04,truck_001,99,3.88,0.52,CLOSE,none
2026-08-09 19:49:05,truck_001,100,4.17,0.48,CLOSE,none
2026-08-09 19:49:06,truck_001,101,4.36,0.42,CLOSE,none
2026-08-09 19:49:07,truck_001,102,3.86,0.38,CLOSE,none
2026-08-09 19:49:08,truck_001,103,4.5,0.48,CLOSE,none
2026-08-09 19:49:09,truck_001,104,3.65,0.36,CLOSE,none
2026-08-09 19:49:10,truck_001,105,4.25,0.45,CLOSE,none
2026-08-09 19:49:11,truck_001,106,3.64,0.5,CLOSE,none
2026-08-09 19:49:12,truck_001,107,4.27,0.4,OPEN,none
2026-08-09 19:49:13,truck_001,108,4.1,0.52,CLOSE,none
2026-08-09 19:49:14,truck_001,109,4.25,0.43,CLOSE,none
2026-08-09 19:49:15,truck_001,110,3.99,0.44,CLOSE,none
2026-08-09 19:49:16,truck_001,111,3.22,0.43,CLOSE,none
2026-08-09 19:49:17,truck_001,112,3.5,0.4,CLOSE,none
2026-08-09 19:49:18,truck_001,113,4.42,0.46,CLOSE,none
2026-08-09 19:49:19,truck_001,114,3.98,0.43,CLOSE,none
2026-08-09 19:49:20,truck_001,115,3.95,0.47,OPEN,none
2026-08-09 19:49:21,truck_001,116,3.82,0.39,CLOSE,none
2026-08-09 19:49:22,truck_001,117,4.06,0.5,CLOSE,none
2026-08-09 19:49:23,truck_001,118,4.2,0.51,CLOSE,none
2026-08-09 19:49:24,truck_001,119,3.81,0.42,CLOSE,none
2026-08-09 19:49:25,truck_001,120,4.15,0.38,CLOSE,none
2026-08-09 19:49:29,truck_001,1,4.06,1.17,CLOSE,combined
2026-08-09 19:49:30,truck_001,2,4.06,1.26,CLOSE,combined
2026-08-09 19:49:31,truck_001,3,4.01,0.9,CLOSE,combined
2026-08-09 19:49:32,truck_001,4,4.11,1.3,CLOSE,combined
2026-08-09 19:49:33,truck_001,5,4.0,1.31,CLOSE,combined
2026-08-09 19:49:34,truck_001,6,4.09,1.04,CLOSE,combined
2026-08-09 19:49:35,truck_001,7,4.01,1.18,CLOSE,combined
2026-08-09 19:49:36,truck_001,8,4.14,1.27,CLOSE,combined
2026-08-09 19:49:37,truck_001,9,4.13,1.0,CLOSE,combined
2026-08-09 19:49:38,truck_001,10,3.94,1.27,CLOSE,combined
2026-08-09 19:49:39,truck_001,11,4.14,1.23,CLOSE,combined
2026-08-09 19:49:40,truck_001,12,4.17,1.19,CLOSE,combined
2026-08-09 19:49:41,truck_001,13,4.09,1.12,CLOSE,combined
2026-08-09 19:49:42,truck_001,14,4.2,1.26,CLOSE,combined
2026-08-09 19:49:43,truck_001,15,4.11,1.29,CLOSE,combined
2026-08-09 19:49:44,truck_001,16,4.15,1.26,CLOSE,combined
2026-08-09 19:49:45,truck_001,17,4.19,1.52,CLOSE,combined
2026-08-09 19:49:46,truck_001,18,4.26,1.1,CLOSE,combined
2026-08-09 19:49:47,truck_001,19,4.02,1.07,CLOSE,combined
2026-08-09 19:49:48,truck_001,20,4.04,1.36,CLOSE,combined
2026-08-09 19:49:49,truck_001,21,3.9,0.96,CLOSE,combined
2026-08-09 19:49:50,truck_001,22,4.25,1.19,CLOSE,combined
2026-08-09 19:49:51,truck_001,23,4.2,1.27,CLOSE,combined
2026-08-09 19:49:52,truck_001,24,4.24,1.14,CLOSE,combined
2026-08-09 19:49:53,truck_001,25,4.24,1.03,OPEN,combined
2026-08-09 19:49:54,truck_001,26,4.26,1.47,CLOSE,combined
2026-08-09 19:49:55,truck_001,27,4.28,1.42,CLOSE,combined
2026-08-09 19:49:56,truck_001,28,4.16,1.06,CLOSE,combined
2026-08-09 19:49:57,truck_001,29,4.26,1.22,CLOSE,combined
2026-08-09 19:49:58,truck_001,30,4.27,1.13,CLOSE,combined
2026-08-09 19:49:59,truck_001,31,4.36,1.17,OPEN,combined
2026-08-09 19:50:00,truck_001,32,4.29,1.06,CLOSE,combined
2026-08-09 19:50:01,truck_001,33,4.3,1.4,CLOSE,combined
2026-08-09 19:50:02,truck_001,34,4.41,1.11,CLOSE,combined
2026-08-09 19:50:03,truck_001,35,4.22,1.3,CLOSE,combined
2026-08-09 19:50:04,truck_001,36,4.35,0.88,CLOSE,combined
2026-08-09 19:50:05,truck_001,37,4.39,1.46,OPEN,combined
2026-08-09 19:50:06,truck_001,38,4.26,1.38,CLOSE,combined
2026-08-09 19:50:07,truck_001,39,4.41,1.02,CLOSE,combined
2026-08-09 19:50:08,truck_001,40,4.26,1.29,CLOSE,combined
2026-08-09 19:50:09,truck_001,41,4.16,0.86,CLOSE,combined
2026-08-09 19:50:10,truck_001,42,4.26,1.0,CLOSE,combined
2026-08-09 19:50:11,truck_001,43,4.39,1.15,CLOSE,combined
2026-08-09 19:50:12,truck_001,44,4.36,1.1,CLOSE,combined
2026-08-09 19:50:13,truck_001,45,4.35,1.41,CLOSE,combined
2026-08-09 19:50:14,truck_001,46,4.5,1.22,CLOSE,combined
2026-08-09 19:50:15,truck_001,47,4.38,1.31,CLOSE,combined
2026-08-09 19:50:16,truck_001,48,4.34,1.23,OPEN,combined
2026-08-09 19:50:17,truck_001,49,4.43,1.17,CLOSE,combined
2026-08-09 19:50:18,truck_001,50,4.52,1.16,CLOSE,combined
2026-08-09 19:50:19,truck_001,51,4.61,1.28,CLOSE,combined
2026-08-09 19:50:20,truck_001,52,4.58,1.0,CLOSE,combined
2026-08-09 19:50:21,truck_001,53,4.36,1.18,CLOSE,combined
2026-08-09 19:50:22,truck_001,54,4.25,1.24,OPEN,combined
2026-08-09 19:50:23,truck_001,55,4.25,1.16,CLOSE,combined
2026-08-09 19:50:24,truck_001,56,4.4,1.4,CLOSE,combined
2026-08-09 19:50:25,truck_001,57,4.41,1.2,CLOSE,combined
2026-08-09 19:50:26,truck_001,58,4.35,1.04,OPEN,combined
2026-08-09 19:50:27,truck_001,59,4.5,1.34,CLOSE,combined
2026-08-09 19:50:28,truck_001,60,4.4,1.28,CLOSE,combined
2026-08-09 19:50:29,truck_001,61,4.63,1.31,CLOSE,combined
2026-08-09 19:50:30,truck_001,62,4.75,1.1,CLOSE,combined
2026-08-09 19:50:31,truck_001,63,4.39,1.04,CLOSE,combined
2026-08-09 19:50:32,truck_001,64,4.66,1.26,CLOSE,combined
2026-08-09 19:50:33,truck_001,65,4.43,1.16,CLOSE,combined
2026-08-09 19:50:34,truck_001,66,4.73,1.5,CLOSE,combined
2026-08-09 19:50:35,truck_001,67,4.54,1.13,CLOSE,combined
2026-08-09 19:50:36,truck_001,68,4.66,1.39,CLOSE,combined
2026-08-09 19:50:37,truck_001,69,4.41,1.18,CLOSE,combined
2026-08-09 19:50:38,truck_001,70,4.62,1.22,CLOSE,combined
2026-08-09 19:50:39,truck_001,71,4.34,1.02,CLOSE,combined
2026-08-09 19:50:40,truck_001,72,4.52,1.27,CLOSE,combined
2026-08-09 19:50:41,truck_001,73,4.75,1.48,CLOSE,combined
2026-08-09 19:50:42,truck_001,74,4.38,1.36,CLOSE,combined
2026-08-09 19:50:43,truck_001,75,4.65,1.29,CLOSE,combined
2026-08-09 19:50:44,truck_001,76,4.72,1.39,CLOSE,combined
2026-08-09 19:50:45,truck_001,77,4.7,1.03,CLOSE,combined
2026-08-09 19:50:46,truck_001,78,4.53,1.0,OPEN,combined
2026-08-09 19:50:47,truck_001,79,4.55,1.24,CLOSE,combined
2026-08-09 19:50:48,truck_001,80,4.55,1.23,CLOSE,combined
2026-08-09 19:50:49,truck_001,81,4.7,1.03,OPEN,combined
2026-08-09 19:50:50,truck_001,82,4.68,1.31,CLOSE,combined
2026-08-09 19:50:51,truck_001,83,4.63,1.25,CLOSE,combined
2026-08-09 19:50:52,truck_001,84,4.76,1.38,CLOSE,combined
2026-08-09 19:50:53,truck_001,85,4.69,1.23,CLOSE,combined
2026-08-09 19:50:54,truck_001,86,4.62,1.09,CLOSE,combined
2026-08-09 19:50:55,truck_001,87,4.68,1.08,CLOSE,combined
2026-08-09 19:50:56,truck_001,88,4.74,1.24,CLOSE,combined
2026-08-09 19:50:57,truck_001,89,4.76,1.37,CLOSE,combined
2026-08-09 19:50:58,truck_001,90,4.55,1.45,CLOSE,combined
2026-08-09 19:50:59,truck_001,91,4.95,0.87,CLOSE,combined
2026-08-09 19:51:00,truck_001,92,4.75,1.32,CLOSE,combined
2026-08-09 19:51:01,truck_001,93,4.72,1.26,OPEN,combined
2026-08-09 19:51:02,truck_001,94,4.65,0.85,OPEN,combined
2026-08-09 19:51:03,truck_001,95,4.9,1.36,CLOSE,combined
2026-08-09 19:51:04,truck_001,96,4.94,1.21,OPEN,combined
2026-08-09 19:51:05,truck_001,97,4.86,0.98,CLOSE,combined
2026-08-09 19:51:06,truck_001,98,4.83,1.03,CLOSE,combined
2026-08-09 19:51:07,truck_001,99,4.84,1.53,CLOSE,combined
2026-08-09 19:51:08,truck_001,100,4.81,1.35,CLOSE,combined
2026-08-09 19:51:09,truck_001,101,4.87,1.54,OPEN,combined
2026-08-09 19:51:10,truck_001,102,4.76,1.2,CLOSE,combined
2026-08-09 19:51:11,truck_001,103,4.72,1.13,CLOSE,combined
2026-08-09 19:51:12,truck_001,104,4.76,1.02,CLOSE,combined
2026-08-09 19:51:13,truck_001,105,4.73,1.17,OPEN,combined
2026-08-09 19:51:14,truck_001,106,4.77,1.04,CLOSE,combined
2026-08-09 19:51:15,truck_001,107,4.81,1.15,OPEN,combined
2026-08-09 19:51:16,truck_001,108,4.97,1.32,CLOSE,combined
2026-08-09 19:51:17,truck_001,109,4.99,1.31,OPEN,combined
2026-08-09 19:51:18,truck_001,110,4.88,1.16,CLOSE,combined
2026-08-09 19:51:19,truck_001,111,4.78,0.87,CLOSE,combined
2026-08-09 19:51:20,truck_001,112,4.95,1.16,CLOSE,combined
2026-08-09 19:51:21,truck_001,113,4.83,1.38,CLOSE,combined
2026-08-09 19:51:22,truck_001,114,4.93,1.06,OPEN,combined
2026-08-09 19:51:23,truck_001,115,4.89,1.54,CLOSE,combined
2026-08-09 19:51:24,truck_001,116,5.02,0.99,CLOSE,combined
2026-08-09 19:51:25,truck_001,117,5.19,1.3,OPEN,combined
2026-08-09 19:51:26,truck_001,118,4.84,1.22,CLOSE,combined
2026-08-09 19:51:27,truck_001,119,4.86,1.34,CLOSE,combined
2026-08-09 19:51:28,truck_001,120,5.08,0.95,CLOSE,combined
2026-08-09 19:51:34,truck_001,1,3.77,0.49,CLOSE,none
2026-08-09 19:51:35,truck_001,2,3.98,0.43,CLOSE,none
2026-08-09 19:51:36,truck_001,3,4.39,0.45,OPEN,none
2026-08-09 19:51:37,truck_001,4,3.66,0.61,CLOSE,none
2026-08-09 19:51:38,truck_001,5,3.94,0.46,CLOSE,none
2026-08-09 19:51:39,truck_001,6,4.15,0.43,CLOSE,none
2026-08-09 19:51:40,truck_001,7,4.18,0.41,CLOSE,none
2026-08-09 19:51:41,truck_001,8,4.01,0.39,CLOSE,none
2026-08-09 19:51:42,truck_001,9,3.78,0.54,CLOSE,none
2026-08-09 19:51:43,truck_001,10,3.9,0.46,CLOSE,none
2026-08-09 19:51:44,truck_001,11,4.63,0.41,CLOSE,none
2026-08-09 19:51:45,truck_001,12,4.12,0.42,CLOSE,none
2026-08-09 19:51:46,truck_001,13,3.82,0.5,CLOSE,none
2026-08-09 19:51:47,truck_001,14,3.68,0.45,CLOSE,none
2026-08-09 19:51:48,truck_001,15,4.24,0.4,CLOSE,none
2026-08-09 19:51:49,truck_001,16,4.08,0.4,CLOSE,none
2026-08-09 19:51:50,truck_001,17,3.98,0.44,CLOSE,none
2026-08-09 19:51:51,truck_001,18,4.05,0.37,CLOSE,none
2026-08-09 19:51:52,truck_001,19,3.46,0.48,CLOSE,none
2026-08-09 19:51:53,truck_001,20,3.59,0.53,CLOSE,none
2026-08-09 19:51:54,truck_001,21,4.26,0.38,CLOSE,none
2026-08-09 19:51:55,truck_001,22,4.02,0.4,CLOSE,none
2026-08-09 19:51:56,truck_001,23,4.08,0.47,CLOSE,none
2026-08-09 19:51:57,truck_001,24,4.17,0.4,CLOSE,none
2026-08-09 19:51:58,truck_001,25,3.77,0.46,OPEN,none
2026-08-09 19:51:59,truck_001,26,3.79,0.49,CLOSE,none
2026-08-09 19:52:00,truck_001,27,3.75,0.47,CLOSE,none
2026-08-09 19:52:01,truck_001,28,3.91,0.47,CLOSE,none
2026-08-09 19:52:02,truck_001,29,3.94,0.41,CLOSE,none
2026-08-09 19:52:03,truck_001,30,3.81,0.44,CLOSE,none
2026-08-09 19:52:04,truck_001,31,4.33,0.43,CLOSE,none
2026-08-09 19:52:05,truck_001,32,4.37,0.42,CLOSE,none
2026-08-09 19:52:06,truck_001,33,3.79,0.42,CLOSE,none
2026-08-09 19:52:07,truck_001,34,3.58,0.49,OPEN,none
2026-08-09 19:52:08,truck_001,35,3.79,0.42,CLOSE,none
2026-08-09 19:52:09,truck_001,36,3.92,0.48,OPEN,none
2026-08-09 19:52:10,truck_001,37,4.09,0.47,CLOSE,none
2026-08-09 19:52:11,truck_001,38,3.69,0.5,CLOSE,none
2026-08-09 19:52:12,truck_001,39,4.34,0.59,CLOSE,none
2026-08-09 19:52:13,truck_001,40,4.06,0.47,OPEN,none
2026-08-09 19:52:14,truck_001,41,4.55,0.54,CLOSE,none
2026-08-09 19:52:15,truck_001,42,4.09,0.52,CLOSE,none
2026-08-09 19:52:16,truck_001,43,4.08,0.41,CLOSE,none
2026-08-09 19:52:17,truck_001,44,4.49,0.57,CLOSE,none
2026-08-09 19:52:18,truck_001,45,3.66,0.46,CLOSE,none
2026-08-09 19:52:19,truck_001,46,4.19,0.52,CLOSE,none
2026-08-09 19:52:20,truck_001,47,4.6,0.44,CLOSE,none
2026-08-09 19:52:21,truck_001,48,3.92,0.36,OPEN,none
2026-08-09 19:52:22,truck_001,49,3.87,0.49,CLOSE,none
2026-08-09 19:52:23,truck_001,50,3.7,0.43,OPEN,none
2026-08-09 19:52:24,truck_001,51,4.25,0.4,CLOSE,none
2026-08-09 19:52:25,truck_001,52,3.99,0.52,CLOSE,none
2026-08-09 19:52:26,truck_001,53,4.28,0.48,CLOSE,none
2026-08-09 19:52:27,truck_001,54,4.04,0.43,CLOSE,none
2026-08-09 19:52:28,truck_001,55,3.68,0.45,CLOSE,none
2026-08-09 19:52:29,truck_001,56,4.02,0.42,CLOSE,none
2026-08-09 19:52:30,truck_001,57,3.96,0.48,OPEN,none
2026-08-09 19:52:31,truck_001,58,4.1,0.41,CLOSE,none
2026-08-09 19:52:32,truck_001,59,4.39,0.44,CLOSE,none
2026-08-09 19:52:33,truck_001,60,3.9,0.43,CLOSE,none
2026-08-09 19:52:34,truck_001,61,4.09,0.54,CLOSE,none
2026-08-09 19:52:35,truck_001,62,4.11,0.51,CLOSE,none
2026-08-09 19:52:36,truck_001,63,4.5,0.44,CLOSE,none
2026-08-09 19:52:37,truck_001,64,3.74,0.55,CLOSE,none
2026-08-09 19:52:38,truck_001,65,3.95,0.46,CLOSE,none
2026-08-09 19:52:39,truck_001,66,4.35,0.39,CLOSE,none
2026-08-09 19:52:40,truck_001,67,3.89,0.41,CLOSE,none
2026-08-09 19:52:41,truck_001,68,3.65,0.38,CLOSE,none
2026-08-09 19:52:42,truck_001,69,4.3,0.45,CLOSE,none
2026-08-09 19:52:43,truck_001,70,3.98,0.48,OPEN,none
2026-08-09 19:52:44,truck_001,71,3.68,0.34,CLOSE,none
2026-08-09 19:52:45,truck_001,72,4.25,0.43,CLOSE,none
2026-08-09 19:52:46,truck_001,73,3.78,0.46,CLOSE,none
2026-08-09 19:52:47,truck_001,74,3.96,0.47,CLOSE,none
2026-08-09 19:52:48,truck_001,75,3.77,0.47,CLOSE,none
2026-08-09 19:52:49,truck_001,76,3.8,0.57,CLOSE,none
2026-08-09 19:52:50,truck_001,77,4.35,0.48,CLOSE,none
2026-08-09 19:52:51,truck_001,78,3.62,0.43,CLOSE,none
2026-08-09 19:52:52,truck_001,79,4.23,0.42,CLOSE,none
2026-08-09 19:52:53,truck_001,80,3.97,0.44,CLOSE,none
2026-08-09 19:52:54,truck_001,81,3.89,0.39,OPEN,none
2026-08-09 19:52:55,truck_001,82,3.76,0.45,CLOSE,none
2026-08-09 19:52:56,truck_001,83,4.38,0.45,CLOSE,none
2026-08-09 19:52:57,truck_001,84,3.98,0.44,CLOSE,none
2026-08-09 19:52:58,truck_001,85,4.08,0.35,CLOSE,none
2026-08-09 19:52:59,truck_001,86,4.17,0.44,CLOSE,none
2026-08-09 19:53:00,truck_001,87,3.9,0.42,CLOSE,none
2026-08-09 19:53:01,truck_001,88,4.15,0.5,CLOSE,none
2026-08-09 19:53:02,truck_001,89,3.98,0.47,CLOSE,none
2026-08-09 19:53:03,truck_001,90,3.68,0.37,OPEN,none
2026-08-09 19:53:04,truck_001,91,4.37,0.49,CLOSE,none
2026-08-09 19:53:05,truck_001,92,3.91,0.46,CLOSE,none
2026-08-09 19:53:06,truck_001,93,3.78,0.48,CLOSE,none
2026-08-09 19:53:07,truck_001,94,3.81,0.42,CLOSE,none
2026-08-09 19:53:08,truck_001,95,4.37,0.36,CLOSE,none
2026-08-09 19:53:09,truck_001,96,4.0,0.54,CLOSE,none
2026-08-09 19:53:10,truck_001,97,3.88,0.48,CLOSE,none
2026-08-09 19:53:11,truck_001,98,4.09,0.46,CLOSE,none
2026-08-09 19:53:12,truck_001,99,3.73,0.48,CLOSE,none
2026-08-09 19:53:13,truck_001,100,3.79,0.53,CLOSE,none
2026-08-09 19:53:14,truck_001,101,4.11,0.52,CLOSE,none
2026-08-09 19:53:15,truck_001,102,3.88,0.47,CLOSE,none
2026-08-09 19:53:16,truck_001,103,4.06,0.39,CLOSE,none
2026-08-09 19:53:17,truck_001,104,3.75,0.37,CLOSE,none
2026-08-09 19:53:18,truck_001,105,3.88,0.43,CLOSE,none
2026-08-09 19:53:19,truck_001,106,4.46,0.49,CLOSE,none
2026-08-09 19:53:20,truck_001,107,4.15,0.41,CLOSE,none
2026-08-09 19:53:21,truck_001,108,3.78,0.53,CLOSE,none
2026-08-09 19:53:22,truck_001,109,3.89,0.41,CLOSE,none
2026-08-09 19:53:23,truck_001,110,4.12,0.4,CLOSE,none
2026-08-09 19:53:24,truck_001,111,4.27,0.4,CLOSE,none
2026-08-09 19:53:25,truck_001,112,4.03,0.44,OPEN,none
2026-08-09 19:53:26,truck_001,113,4.0,0.44,CLOSE,none
2026-08-09 19:53:27,truck_001,114,4.11,0.44,CLOSE,none
2026-08-09 19:53:28,truck_001,115,3.98,0.42,CLOSE,none
2026-08-09 19:53:29,truck_001,116,3.79,0.5,CLOSE,none
2026-08-09 19:53:30,truck_001,117,4.34,0.46,CLOSE,none
2026-08-09 19:53:31,truck_001,118,4.22,0.42,CLOSE,none
2026-08-09 19:53:32,truck_001,119,4.28,0.51,CLOSE,none
2026-08-09 19:53:33,truck_001,120,3.73,0.49,CLOSE,none
2026-08-09 19:53:34,truck_001,121,4.13,0.46,CLOSE,none
2026-08-09 19:53:35,truck_001,122,4.08,0.41,CLOSE,none
2026-08-09 19:53:36,truck_001,123,4.17,0.44,CLOSE,none
2026-08-09 19:53:37,truck_001,124,4.56,0.54,CLOSE,none
2026-08-09 19:53:38,truck_001,125,4.06,0.49,CLOSE,none
2026-08-09 19:53:39,truck_001,126,4.6,0.43,CLOSE,none
2026-08-09 19:53:40,truck_001,127,3.77,0.43,CLOSE,none
2026-08-09 19:53:41,truck_001,128,3.65,0.45,CLOSE,none
2026-08-09 19:53:42,truck_001,129,3.69,0.46,CLOSE,none
2026-08-09 19:53:43,truck_001,130,3.53,0.46,CLOSE,none
2026-08-09 19:53:44,truck_001,131,4.32,0.4,CLOSE,none
2026-08-09 19:53:45,truck_001,132,4.19,0.38,CLOSE,none
2026-08-09 19:53:46,truck_001,133,3.96,0.45,CLOSE,none
2026-08-09 19:53:47,truck_001,134,4.05,0.4,CLOSE,none
2026-08-09 19:53:48,truck_001,135,4.12,0.47,OPEN,none
2026-08-09 19:53:49,truck_001,136,3.83,0.54,CLOSE,none
2026-08-09 19:53:50,truck_001,137,4.02,0.46,CLOSE,none
2026-08-09 19:53:51,truck_001,138,4.14,0.4,CLOSE,none
2026-08-09 19:53:52,truck_001,139,4.19,0.45,CLOSE,none
2026-08-09 19:53:53,truck_001,140,4.4,0.49,CLOSE,none
2026-08-09 19:53:54,truck_001,141,4.09,0.51,CLOSE,none
2026-08-09 19:53:55,truck_001,142,3.72,0.39,CLOSE,none
2026-08-09 19:53:56,truck_001,143,4.01,0.41,CLOSE,none
2026-08-09 19:53:57,truck_001,144,3.85,0.4,CLOSE,none
2026-08-09 19:53:58,truck_001,145,3.51,0.44,CLOSE,none
2026-08-09 19:53:59,truck_001,146,4.38,0.5,CLOSE,none
2026-08-09 19:54:00,truck_001,147,3.87,0.48,CLOSE,none
2026-08-09 19:54:01,truck_001,148,3.85,0.48,CLOSE,none
2026-08-09 19:54:02,truck_001,149,3.79,0.42,CLOSE,none
2026-08-09 19:54:03,truck_001,150,4.42,0.37,CLOSE,none
2026-08-09 19:54:04,truck_001,151,4.01,0.37,CLOSE,none
2026-08-09 19:54:05,truck_001,152,4.13,0.42,OPEN,none
2026-08-09 19:54:06,truck_001,153,4.55,0.48,CLOSE,none
2026-08-09 19:54:07,truck_001,154,4.47,0.5,CLOSE,none
2026-08-09 19:54:08,truck_001,155,4.5,0.44,CLOSE,none
2026-08-09 19:54:09,truck_001,156,4.07,0.48,OPEN,none
2026-08-09 19:54:10,truck_001,157,3.53,0.44,CLOSE,none
2026-08-09 19:54:11,truck_001,158,4.42,0.4,CLOSE,none
2026-08-09 19:54:12,truck_001,159,3.77,0.51,CLOSE,none
2026-08-09 19:54:13,truck_001,160,4.16,0.48,CLOSE,none
2026-08-09 19:54:14,truck_001,161,4.32,0.43,CLOSE,none
2026-08-09 19:54:15,truck_001,162,4.51,0.49,CLOSE,none
2026-08-09 19:54:16,truck_001,163,4.08,0.5,CLOSE,none
2026-08-09 19:54:17,truck_001,164,4.13,0.3,CLOSE,none
2026-08-09 19:54:18,truck_001,165,3.43,0.48,CLOSE,none
2026-08-09 19:54:19,truck_001,166,3.83,0.44,OPEN,none
2026-08-09 19:54:20,truck_001,167,3.79,0.35,CLOSE,none
2026-08-09 19:54:21,truck_001,168,4.24,0.44,CLOSE,none
2026-08-09 19:54:22,truck_001,169,3.38,0.49,CLOSE,none
2026-08-09 19:54:23,truck_001,170,3.77,0.29,CLOSE,none
2026-08-09 19:54:24,truck_001,171,3.77,0.46,CLOSE,none
2026-08-09 19:54:25,truck_001,172,3.87,0.44,CLOSE,none
2026-08-09 19:54:26,truck_001,173,4.11,0.4,OPEN,none
2026-08-09 19:54:27,truck_001,174,3.61,0.44,CLOSE,none
2026-08-09 19:54:28,truck_001,175,3.61,0.5,CLOSE,none
2026-08-09 19:54:29,truck_001,176,4.26,0.44,CLOSE,none
2026-08-09 19:54:30,truck_001,177,4.05,0.5,CLOSE,none
2026-08-09 19:54:31,truck_001,178,4.32,0.43,CLOSE,none
2026-08-09 19:54:32,truck_001,179,3.76,0.48,CLOSE,none
2026-08-09 19:54:33,truck_001,180,4.0,0.41,CLOSE,none
2026-08-09 19:54:34,truck_001,181,3.96,0.41,CLOSE,none
2026-08-09 19:54:35,truck_001,182,4.16,0.51,CLOSE,none
2026-08-09 19:54:36,truck_001,183,3.77,0.44,CLOSE,none
2026-08-09 19:54:37,truck_001,184,4.32,0.49,CLOSE,none
2026-08-09 19:54:38,truck_001,185,3.91,0.48,CLOSE,none
2026-08-09 19:54:39,truck_001,186,3.65,0.5,CLOSE,none
2026-08-09 19:54:40,truck_001,187,4.11,0.48,CLOSE,none
2026-08-09 19:54:41,truck_001,188,3.65,0.51,CLOSE,none
2026-08-09 19:54:42,truck_001,189,4.14,0.4,CLOSE,none
2026-08-09 19:54:43,truck_001,190,4.34,0.47,CLOSE,none
2026-08-09 19:54:44,truck_001,191,4.45,0.42,CLOSE,none
2026-08-09 19:54:45,truck_001,192,4.29,0.44,CLOSE,none
2026-08-09 19:54:46,truck_001,193,3.89,0.46,CLOSE,none
2026-08-09 19:54:47,truck_001,194,4.09,0.48,CLOSE,none
2026-08-09 19:54:48,truck_001,195,4.09,0.43,CLOSE,none
2026-08-09 19:54:49,truck_001,196,3.99,0.46,CLOSE,none
2026-08-09 19:54:50,truck_001,197,4.37,0.49,CLOSE,none
2026-08-09 19:54:51,truck_001,198,4.54,0.47,CLOSE,none
2026-08-09 19:54:52,truck_001,199,4.02,0.52,OPEN,none
2026-08-09 19:54:53,truck_001,200,4.1,0.6,CLOSE,none
2026-08-09 19:54:54,truck_001,201,4.19,0.43,OPEN,none
2026-08-09 19:54:55,truck_001,202,4.02,0.49,CLOSE,none
2026-08-09 19:54:56,truck_001,203,3.76,0.41,CLOSE,none
2026-08-09 19:54:57,truck_001,204,4.46,0.44,CLOSE,none
2026-08-09 19:54:58,truck_001,205,3.94,0.47,CLOSE,none
2026-08-09 19:54:59,truck_001,206,4.14,0.46,CLOSE,none
2026-08-09 19:55:00,truck_001,207,3.99,0.39,CLOSE,none
2026-08-09 19:55:01,truck_001,208,4.52,0.46,CLOSE,none
2026-08-09 19:55:02,truck_001,209,4.42,0.51,CLOSE,none
2026-08-09 19:55:03,truck_001,210,3.87,0.38,CLOSE,none
2026-08-09 19:55:04,truck_001,211,3.81,0.43,CLOSE,none
2026-08-09 19:55:05,truck_001,212,3.77,0.48,CLOSE,none
2026-08-09 19:55:06,truck_001,213,3.66,0.37,CLOSE,none
2026-08-09 19:55:07,truck_001,214,3.92,0.45,OPEN,none
2026-08-09 19:55:08,truck_001,215,3.91,0.5,CLOSE,none
2026-08-09 19:55:09,truck_001,216,4.11,0.51,CLOSE,none
2026-08-09 19:55:10,truck_001,217,3.81,0.44,CLOSE,none
2026-08-09 19:55:11,truck_001,218,3.77,0.5,OPEN,none
2026-08-09 19:55:12,truck_001,219,4.31,0.36,CLOSE,none
2026-08-09 19:55:13,truck_001,220,4.02,0.5,CLOSE,none
2026-08-09 19:55:14,truck_001,221,4.42,0.48,CLOSE,none
2026-08-09 19:55:15,truck_001,222,3.72,0.47,CLOSE,none
2026-08-09 19:55:16,truck_001,223,4.69,0.5,CLOSE,none
2026-08-09 19:55:17,truck_001,224,3.88,0.43,CLOSE,none
2026-08-09 19:55:18,truck_001,225,4.12,0.44,CLOSE,none
2026-08-09 19:55:19,truck_001,226,4.16,0.47,CLOSE,none
2026-08-09 19:55:20,truck_001,227,4.16,0.43,CLOSE,none
2026-08-09 19:55:21,truck_001,228,4.16,0.48,CLOSE,none
2026-08-09 19:55:22,truck_001,229,4.22,0.46,CLOSE,none
2026-08-09 19:55:23,truck_001,230,4.42,0.39,CLOSE,none
2026-08-09 19:55:24,truck_001,231,3.37,0.44,CLOSE,none
2026-08-09 19:55:25,truck_001,232,3.81,0.5,CLOSE,none
2026-08-09 19:55:26,truck_001,233,4.03,0.47,CLOSE,none
2026-08-09 19:55:27,truck_001,234,3.6,0.46,CLOSE,none
2026-08-09 19:55:28,truck_001,235,3.85,0.42,CLOSE,none
2026-08-09 19:55:29,truck_001,236,4.09,0.38,CLOSE,none
2026-08-09 19:55:30,truck_001,237,4.0,0.47,CLOSE,none
2026-08-09 19:55:31,truck_001,238,4.07,0.41,CLOSE,none
2026-08-09 19:55:32,truck_001,239,4.18,0.5,CLOSE,none
2026-08-09 19:55:33,truck_001,240,3.57,0.45,CLOSE,none
2026-08-09 19:55:34,truck_001,241,4.01,0.39,OPEN,none
2026-08-09 19:55:35,truck_001,242,3.85,0.45,CLOSE,none
2026-08-09 19:55:36,truck_001,243,4.13,0.45,CLOSE,none
2026-08-09 19:55:37,truck_001,244,4.29,0.45,CLOSE,none
2026-08-09 19:55:38,truck_001,245,3.82,0.45,OPEN,none
2026-08-09 19:55:39,truck_001,246,3.84,0.45,CLOSE,none
2026-08-09 19:55:40,truck_001,247,3.99,0.47,CLOSE,none
2026-08-09 19:55:41,truck_001,248,3.95,0.43,CLOSE,none
2026-08-09 19:55:42,truck_001,249,3.98,0.45,CLOSE,none
2026-08-09 19:55:43,truck_001,250,3.6,0.47,CLOSE,none
2026-08-09 19:55:44,truck_001,251,4.07,0.39,CLOSE,none
2026-08-09 19:55:45,truck_001,252,3.73,0.52,CLOSE,none
2026-08-09 19:55:46,truck_001,253,4.3,0.39,CLOSE,none
2026-08-09 19:55:47,truck_001,254,3.71,0.46,CLOSE,none
2026-08-09 19:55:48,truck_001,255,4.04,0.44,CLOSE,none
2026-08-09 19:55:49,truck_001,256,3.93,0.55,CLOSE,none
2026-08-09 19:55:50,truck_001,257,4.32,0.5,CLOSE,none
2026-08-09 19:55:51,truck_001,258,3.56,0.41,CLOSE,none
2026-08-09 19:55:52,truck_001,259,4.01,0.37,CLOSE,none
2026-08-09 19:55:53,truck_001,260,4.1,0.47,CLOSE,none
2026-08-09 19:55:54,truck_001,261,4.04,0.42,CLOSE,none
2026-08-09 19:55:55,truck_001,262,3.83,0.43,CLOSE,none
2026-08-09 19:55:56,truck_001,263,3.67,0.42,CLOSE,none
2026-08-09 19:55:57,truck_001,264,4.13,0.43,CLOSE,none
2026-08-09 19:55:58,truck_001,265,4.33,0.51,CLOSE,none
2026-08-09 19:55:59,truck_001,266,4.05,0.51,CLOSE,none
2026-08-09 19:56:00,truck_001,267,4.09,0.44,CLOSE,none
2026-08-09 19:56:01,truck_001,268,3.63,0.41,CLOSE,none
2026-08-09 19:56:02,truck_001,269,3.32,0.42,OPEN,none
2026-08-09 19:56:03,truck_001,270,4.22,0.52,CLOSE,none
2026-08-09 19:56:04,truck_001,271,4.21,0.41,OPEN,none
2026-08-09 19:56:05,truck_001,272,3.79,0.41,CLOSE,none
2026-08-09 19:56:06,truck_001,273,4.45,0.4,CLOSE,none
2026-08-09 19:56:07,truck_001,274,3.43,0.48,CLOSE,none
2026-08-09 19:56:08,truck_001,275,4.06,0.51,CLOSE,none
2026-08-09 19:56:09,truck_001,276,3.92,0.48,CLOSE,none
2026-08-09 19:56:10,truck_001,277,4.23,0.43,OPEN,none
2026-08-09 19:56:11,truck_001,278,4.44,0.49,CLOSE,none
2026-08-09 19:56:12,truck_001,279,4.05,0.44,CLOSE,none
2026-08-09 19:56:13,truck_001,280,4.22,0.38,CLOSE,none
2026-08-09 19:56:14,truck_001,281,4.08,0.44,CLOSE,none
2026-08-09 19:56:15,truck_001,282,3.89,0.42,OPEN,none
2026-08-09 19:56:16,truck_001,283,3.58,0.41,OPEN,none
2026-08-09 19:56:17,truck_001,284,3.51,0.42,CLOSE,none
2026-08-09 19:56:18,truck_001,285,3.8,0.46,CLOSE,none
2026-08-09 19:56:19,truck_001,286,4.08,0.36,CLOSE,none
2026-08-09 19:56:20,truck_001,287,3.74,0.46,OPEN,none
2026-08-09 19:56:21,truck_001,288,4.14,0.37,CLOSE,none
2026-08-09 19:56:22,truck_001,289,4.03,0.46,CLOSE,none
2026-08-09 19:56:23,truck_001,290,4.08,0.49,CLOSE,none
2026-08-09 19:56:24,truck_001,291,3.78,0.49,CLOSE,none
2026-08-09 19:56:25,truck_001,292,4.23,0.47,CLOSE,none
2026-08-09 19:56:26,truck_001,293,3.65,0.38,OPEN,none
2026-08-09 19:56:27,truck_001,294,3.81,0.49,CLOSE,none
2026-08-09 19:56:28,truck_001,295,3.84,0.49,CLOSE,none
2026-08-09 19:56:29,truck_001,296,4.16,0.35,CLOSE,none
2026-08-09 19:56:30,truck_001,297,3.81,0.48,OPEN,none
2026-08-09 19:56:31,truck_001,298,4.0,0.47,CLOSE,none
2026-08-09 19:56:32,truck_001,299,3.75,0.46,CLOSE,none
2026-08-09 19:56:33,truck_001,300,4.16,0.51,CLOSE,none
2026-08-09 20:00:09,truck_001,1,4.21,0.57,CLOSE,none
2026-08-09 20:00:10,truck_001,2,3.77,0.38,CLOSE,none
2026-08-09 20:00:11,truck_001,3,3.7,0.48,CLOSE,none
2026-08-09 20:00:12,truck_001,4,4.1,0.45,CLOSE,none
2026-08-09 20:00:13,truck_001,5,3.99,0.4,CLOSE,none
2026-08-09 20:00:14,truck_001,6,3.75,0.5,CLOSE,none
2026-08-09 20:00:15,truck_001,7,4.44,0.49,CLOSE,none
2026-08-09 20:00:16,truck_001,8,4.22,0.42,OPEN,none
2026-08-09 20:00:17,truck_001,9,4.2,0.43,OPEN,none
2026-08-09 20:00:18,truck_001,10,4.05,0.42,CLOSE,none
2026-08-09 20:00:19,truck_001,11,4.04,0.44,CLOSE,none
2026-08-09 20:00:20,truck_001,12,4.32,0.47,CLOSE,none
2026-08-09 20:00:21,truck_001,13,4.27,0.48,CLOSE,none
2026-08-09 20:00:22,truck_001,14,3.8,0.48,CLOSE,none
2026-08-09 20:00:23,truck_001,15,3.9,0.46,CLOSE,none
2026-08-09 20:00:24,truck_001,16,4.23,0.4,CLOSE,none
2026-08-09 20:00:25,truck_001,17,4.06,0.42,CLOSE,none
2026-08-09 20:00:26,truck_001,18,4.11,0.43,CLOSE,none
2026-08-09 20:00:27,truck_001,19,4.03,0.4,CLOSE,none
2026-08-09 20:00:28,truck_001,20,3.99,0.46,CLOSE,none
2026-08-09 20:00:29,truck_001,21,4.38,0.55,CLOSE,none
2026-08-09 20:00:30,truck_001,22,4.25,0.47,OPEN,none
2026-08-09 20:00:31,truck_001,23,4.5,0.46,CLOSE,none
2026-08-09 20:00:32,truck_001,24,3.51,0.51,OPEN,none
2026-08-09 20:00:33,truck_001,25,4.12,0.4,OPEN,none
2026-08-09 20:00:34,truck_001,26,4.36,0.42,CLOSE,none
2026-08-09 20:00:35,truck_001,27,3.98,0.43,CLOSE,none
2026-08-09 20:00:36,truck_001,28,3.55,0.36,CLOSE,none
2026-08-09 20:00:37,truck_001,29,3.48,0.46,CLOSE,none
2026-08-09 20:00:38,truck_001,30,4.36,0.3,CLOSE,none
2026-08-09 20:00:39,truck_001,31,3.79,0.49,CLOSE,none
2026-08-09 20:00:40,truck_001,32,3.64,0.37,CLOSE,none
2026-08-09 20:00:41,truck_001,33,4.16,0.37,CLOSE,none
2026-08-09 20:00:42,truck_001,34,4.47,0.4,CLOSE,none
2026-08-09 20:00:43,truck_001,35,3.91,0.44,CLOSE,none
2026-08-09 20:00:44,truck_001,36,3.7,0.45,CLOSE,none
2026-08-09 20:00:45,truck_001,37,4.17,0.51,CLOSE,none
2026-08-09 20:00:46,truck_001,38,4.19,0.43,CLOSE,none
2026-08-09 20:00:47,truck_001,39,3.86,0.53,CLOSE,none
2026-08-09 20:00:48,truck_001,40,3.95,0.53,CLOSE,none
2026-08-09 20:00:49,truck_001,41,3.47,0.47,OPEN,none
2026-08-09 20:00:50,truck_001,42,3.73,0.48,CLOSE,none
2026-08-09 20:00:51,truck_001,43,4.34,0.5,CLOSE,none
2026-08-09 20:00:52,truck_001,44,3.98,0.47,CLOSE,none
2026-08-09 20:00:53,truck_001,45,4.12,0.38,CLOSE,none
2026-08-09 20:00:54,truck_001,46,4.24,0.41,CLOSE,none
2026-08-09 20:00:55,truck_001,47,3.95,0.47,CLOSE,none
2026-08-09 20:00:56,truck_001,48,4.08,0.52,CLOSE,none
2026-08-09 20:00:57,truck_001,49,3.78,0.59,CLOSE,none
2026-08-09 20:00:58,truck_001,50,4.03,0.54,CLOSE,none
2026-08-09 20:00:59,truck_001,51,3.75,0.36,CLOSE,none
2026-08-09 20:01:00,truck_001,52,4.16,0.43,CLOSE,none
2026-08-09 20:01:01,truck_001,53,3.54,0.42,CLOSE,none
2026-08-09 20:01:02,truck_001,54,4.58,0.4,CLOSE,none
2026-08-09 20:01:03,truck_001,55,4.05,0.46,CLOSE,none
2026-08-09 20:01:04,truck_001,56,4.16,0.39,CLOSE,none
2026-08-09 20:01:05,truck_001,57,3.99,0.45,CLOSE,none
2026-08-09 20:01:06,truck_001,58,4.59,0.47,CLOSE,none
2026-08-09 20:01:07,truck_001,59,4.81,0.48,CLOSE,none
2026-08-09 20:01:08,truck_001,60,4.08,0.42,OPEN,none
2026-08-09 20:01:09,truck_001,61,4.12,0.4,CLOSE,none
2026-08-09 20:01:10,truck_001,62,4.72,0.51,CLOSE,none
2026-08-09 20:01:11,truck_001,63,3.77,0.43,CLOSE,none
2026-08-09 20:01:12,truck_001,64,4.51,0.46,CLOSE,none
2026-08-09 20:01:13,truck_001,65,4.21,0.39,CLOSE,none
2026-08-09 20:01:14,truck_001,66,4.03,0.36,CLOSE,none
2026-08-09 20:01:15,truck_001,67,4.05,0.44,CLOSE,none
2026-08-09 20:01:16,truck_001,68,4.14,0.43,CLOSE,none
2026-08-09 20:01:17,truck_001,69,4.52,0.43,CLOSE,none
2026-08-09 20:01:18,truck_001,70,4.08,0.43,CLOSE,none
2026-08-09 20:01:19,truck_001,71,4.41,0.48,CLOSE,none
2026-08-09 20:01:20,truck_001,72,4.14,0.5,CLOSE,none
2026-08-09 20:01:21,truck_001,73,4.1,0.41,CLOSE,none
2026-08-09 20:01:22,truck_001,74,4.03,0.41,CLOSE,none
2026-08-09 20:01:23,truck_001,75,3.75,0.53,CLOSE,none
2026-08-09 20:01:24,truck_001,76,4.09,0.47,CLOSE,none
2026-08-09 20:01:25,truck_001,77,3.75,0.5,CLOSE,none
2026-08-09 20:01:26,truck_001,78,3.83,0.47,CLOSE,none
2026-08-09 20:01:27,truck_001,79,4.54,0.38,CLOSE,none
2026-08-09 20:01:28,truck_001,80,4.12,0.5,CLOSE,none
2026-08-09 20:01:29,truck_001,81,3.81,0.46,CLOSE,none
2026-08-09 20:01:30,truck_001,82,4.51,0.51,CLOSE,none
2026-08-09 20:01:31,truck_001,83,3.65,0.38,CLOSE,none
2026-08-09 20:01:32,truck_001,84,4.24,0.48,CLOSE,none
2026-08-09 20:01:33,truck_001,85,3.34,0.43,CLOSE,none
2026-08-09 20:01:34,truck_001,86,3.99,0.47,CLOSE,none
2026-08-09 20:01:35,truck_001,87,3.84,0.43,CLOSE,none
2026-08-09 20:01:36,truck_001,88,3.56,0.43,CLOSE,none
2026-08-09 20:01:37,truck_001,89,4.3,0.42,CLOSE,none
2026-08-09 20:01:38,truck_001,90,3.88,0.43,CLOSE,none
2026-08-09 20:01:39,truck_001,91,4.08,0.43,CLOSE,none
2026-08-09 20:01:40,truck_001,92,3.81,0.47,CLOSE,none
2026-08-09 20:01:41,truck_001,93,4.16,0.49,CLOSE,none
2026-08-09 20:01:42,truck_001,94,3.91,0.45,OPEN,none
2026-08-09 20:01:43,truck_001,95,4.37,0.43,CLOSE,none
2026-08-09 20:01:44,truck_001,96,3.68,0.33,CLOSE,none
2026-08-09 20:01:45,truck_001,97,4.1,0.34,CLOSE,none
2026-08-09 20:01:46,truck_001,98,4.25,0.38,CLOSE,none
2026-08-09 20:01:47,truck_001,99,4.39,0.52,CLOSE,none
2026-08-09 20:01:48,truck_001,100,4.11,0.46,CLOSE,none
2026-08-09 20:01:49,truck_001,101,4.23,0.46,CLOSE,none
2026-08-09 20:01:50,truck_001,102,3.56,0.51,CLOSE,none
2026-08-09 20:01:51,truck_001,103,4.12,0.4,CLOSE,none
2026-08-09 20:01:52,truck_001,104,3.72,0.46,CLOSE,none
2026-08-09 20:01:53,truck_001,105,4.18,0.57,CLOSE,none
2026-08-09 20:01:54,truck_001,106,4.02,0.44,CLOSE,none
2026-08-09 20:01:55,truck_001,107,4.46,0.41,CLOSE,none
2026-08-09 20:01:56,truck_001,108,4.05,0.45,CLOSE,none
2026-08-09 20:01:57,truck_001,109,4.29,0.4,CLOSE,none
2026-08-09 20:01:58,truck_001,110,4.22,0.48,OPEN,none
2026-08-09 20:01:59,truck_001,111,3.78,0.49,OPEN,none
2026-08-09 20:02:00,truck_001,112,4.2,0.47,CLOSE,none
2026-08-09 20:02:01,truck_001,113,4.24,0.48,OPEN,none
2026-08-09 20:02:02,truck_001,114,3.59,0.52,CLOSE,none
2026-08-09 20:02:03,truck_001,115,4.22,0.47,CLOSE,none
2026-08-09 20:02:04,truck_001,116,3.7,0.42,CLOSE,none
2026-08-09 20:02:05,truck_001,117,4.29,0.5,CLOSE,none
2026-08-09 20:02:06,truck_001,118,4.24,0.47,CLOSE,none
2026-08-09 20:02:07,truck_001,119,3.85,0.38,CLOSE,none
2026-08-09 20:02:08,truck_001,120,4.13,0.41,CLOSE,none
2026-08-09 20:10:33,truck_001,1,4.41,0.46,CLOSE,none
2026-08-09 20:10:34,truck_001,2,3.39,0.5,CLOSE,none
2026-08-09 20:10:35,truck_001,3,4.37,0.43,OPEN,none
2026-08-09 20:10:36,truck_001,4,3.57,0.45,CLOSE,none
2026-08-09 20:10:37,truck_001,5,3.91,0.31,CLOSE,none
2026-08-09 20:10:38,truck_001,6,4.15,0.39,CLOSE,none
2026-08-09 20:10:39,truck_001,7,4.02,0.36,OPEN,none
2026-08-09 20:10:40,truck_001,8,4.54,0.5,CLOSE,none
2026-08-09 20:10:41,truck_001,9,4.29,0.48,CLOSE,none
2026-08-09 20:10:42,truck_001,10,4.03,0.43,CLOSE,none
2026-08-09 20:10:43,truck_001,11,4.07,0.44,CLOSE,none
2026-08-09 20:10:44,truck_001,12,4.41,0.38,OPEN,none
2026-08-09 20:10:45,truck_001,13,3.98,0.43,CLOSE,none
2026-08-09 20:10:46,truck_001,14,4.34,0.46,CLOSE,none
2026-08-09 20:10:47,truck_001,15,4.31,0.37,CLOSE,none
2026-08-09 20:10:48,truck_001,16,3.82,0.5,CLOSE,none
2026-08-09 20:10:49,truck_001,17,4.18,0.35,CLOSE,none
2026-08-09 20:10:50,truck_001,18,4.18,0.39,CLOSE,none
2026-08-09 20:10:51,truck_001,19,3.78,0.41,CLOSE,none
2026-08-09 20:10:52,truck_001,20,4.5,0.33,CLOSE,none
2026-08-09 20:10:53,truck_001,21,3.79,0.4,CLOSE,none
2026-08-09 20:10:54,truck_001,22,4.13,0.44,OPEN,none
2026-08-09 20:10:55,truck_001,23,4.23,0.41,CLOSE,none
2026-08-09 20:10:56,truck_001,24,4.09,0.44,CLOSE,none
2026-08-09 20:10:57,truck_001,25,4.13,0.52,CLOSE,none
2026-08-09 20:10:58,truck_001,26,3.97,0.53,CLOSE,none
2026-08-09 20:10:59,truck_001,27,3.85,0.46,CLOSE,none
2026-08-09 20:11:00,truck_001,28,3.68,0.44,CLOSE,none
2026-08-09 20:11:01,truck_001,29,3.94,0.41,CLOSE,none
2026-08-09 20:11:02,truck_001,30,3.72,0.36,CLOSE,none
2026-08-09 20:11:03,truck_001,31,4.5,0.49,OPEN,none
2026-08-09 20:11:04,truck_001,32,4.41,0.42,CLOSE,none
2026-08-09 20:11:05,truck_001,33,4.37,0.51,CLOSE,none
2026-08-09 20:11:06,truck_001,34,3.88,0.32,CLOSE,none
2026-08-09 20:11:07,truck_001,35,4.28,0.42,CLOSE,none
2026-08-09 20:11:08,truck_001,36,4.18,0.45,CLOSE,none
2026-08-09 20:11:09,truck_001,37,3.59,0.41,CLOSE,none
2026-08-09 20:11:10,truck_001,38,4.23,0.53,CLOSE,none
2026-08-09 20:11:11,truck_001,39,4.04,0.4,CLOSE,none
2026-08-09 20:11:12,truck_001,40,4.08,0.52,CLOSE,none
2026-08-09 20:11:13,truck_001,41,3.73,0.45,CLOSE,none
2026-08-09 20:11:14,truck_001,42,3.84,0.43,OPEN,none
2026-08-09 20:11:15,truck_001,43,3.85,0.39,CLOSE,none
2026-08-09 20:11:16,truck_001,44,3.93,0.41,CLOSE,none
2026-08-09 20:11:17,truck_001,45,3.99,0.45,CLOSE,none
2026-08-09 20:11:18,truck_001,46,3.62,0.38,CLOSE,none
2026-08-09 20:11:19,truck_001,47,4.22,0.53,CLOSE,none
2026-08-09 20:11:20,truck_001,48,4.35,0.47,CLOSE,none
2026-08-09 20:11:21,truck_001,49,4.2,0.43,OPEN,none
2026-08-09 20:11:22,truck_001,50,4.31,0.48,OPEN,none
2026-08-09 20:11:23,truck_001,51,3.99,0.44,CLOSE,none
2026-08-09 20:11:24,truck_001,52,3.87,0.5,CLOSE,none
2026-08-09 20:11:25,truck_001,53,4.19,0.46,CLOSE,none
2026-08-09 20:11:26,truck_001,54,4.29,0.43,CLOSE,none
2026-08-09 20:11:27,truck_001,55,3.99,0.48,CLOSE,none
2026-08-09 20:11:28,truck_001,56,3.87,0.46,CLOSE,none
2026-08-09 20:11:29,truck_001,57,4.28,0.48,CLOSE,none
2026-08-09 20:11:30,truck_001,58,3.99,0.41,OPEN,none
2026-08-09 20:11:31,truck_001,59,4.46,0.44,CLOSE,none
2026-08-09 20:11:32,truck_001,60,3.86,0.44,OPEN,none
2026-08-09 20:11:33,truck_001,61,3.63,0.42,OPEN,none
2026-08-09 20:11:34,truck_001,62,3.97,0.49,CLOSE,none
2026-08-09 20:11:35,truck_001,63,4.04,0.45,CLOSE,none
2026-08-09 20:11:36,truck_001,64,3.82,0.52,CLOSE,none
2026-08-09 20:11:37,truck_001,65,4.12,0.56,CLOSE,none
2026-08-09 20:11:38,truck_001,66,3.98,0.39,CLOSE,none
2026-08-09 20:11:39,truck_001,67,4.79,0.46,CLOSE,none
2026-08-09 20:11:40,truck_001,68,3.99,0.41,CLOSE,none
2026-08-09 20:11:41,truck_001,69,3.8,0.44,CLOSE,none
2026-08-09 20:11:42,truck_001,70,4.07,0.46,CLOSE,none
2026-08-09 20:11:43,truck_001,71,4.11,0.42,CLOSE,none
2026-08-09 20:11:44,truck_001,72,3.39,0.46,CLOSE,none
2026-08-09 20:11:45,truck_001,73,3.95,0.54,CLOSE,none
2026-08-09 20:11:46,truck_001,74,4.26,0.43,CLOSE,none
2026-08-09 20:11:47,truck_001,75,4.23,0.42,CLOSE,none
2026-08-09 20:11:48,truck_001,76,3.48,0.47,CLOSE,none
2026-08-09 20:11:49,truck_001,77,4.09,0.45,CLOSE,none
2026-08-09 20:11:50,truck_001,78,3.56,0.46,CLOSE,none
2026-08-09 20:11:51,truck_001,79,3.75,0.42,OPEN,none
2026-08-09 20:11:52,truck_001,80,3.68,0.43,CLOSE,none
2026-08-09 20:11:53,truck_001,81,4.29,0.48,CLOSE,none
2026-08-09 20:11:54,truck_001,82,3.73,0.45,CLOSE,none
2026-08-09 20:11:55,truck_001,83,3.75,0.47,CLOSE,none
2026-08-09 20:11:56,truck_001,84,4.08,0.44,CLOSE,none
2026-08-09 20:11:57,truck_001,85,3.9,0.48,CLOSE,none
2026-08-09 20:11:58,truck_001,86,4.34,0.48,CLOSE,none
2026-08-09 20:11:59,truck_001,87,3.6,0.41,CLOSE,none
2026-08-09 20:12:00,truck_001,88,4.11,0.45,CLOSE,none
2026-08-09 20:12:01,truck_001,89,4.27,0.51,CLOSE,none
2026-08-09 20:12:02,truck_001,90,4.26,0.43,CLOSE,none
2026-08-09 20:12:03,truck_001,91,4.18,0.51,CLOSE,none
2026-08-09 20:12:04,truck_001,92,4.16,0.42,CLOSE,none
2026-08-09 20:12:05,truck_001,93,4.26,0.5,CLOSE,none
2026-08-09 20:12:06,truck_001,94,3.63,0.49,CLOSE,none
2026-08-09 20:12:07,truck_001,95,3.67,0.46,CLOSE,none
2026-08-09 20:12:08,truck_001,96,4.08,0.5,CLOSE,none
2026-08-09 20:12:09,truck_001,97,4.34,0.5,CLOSE,none
2026-08-09 20:12:10,truck_001,98,3.47,0.49,CLOSE,none
2026-08-09 20:12:11,truck_001,99,4.1,0.4,CLOSE,none
2026-08-09 20:12:12,truck_001,100,4.08,0.39,CLOSE,none
2026-08-09 20:12:13,truck_001,101,3.71,0.45,CLOSE,none
2026-08-09 20:12:14,truck_001,102,3.56,0.45,CLOSE,none
2026-08-09 20:12:15,truck_001,103,4.15,0.49,CLOSE,none
2026-08-09 20:12:16,truck_001,104,3.92,0.48,OPEN,none
2026-08-09 20:12:17,truck_001,105,3.96,0.5,CLOSE,none
2026-08-09 20:12:18,truck_001,106,4.33,0.46,CLOSE,none
2026-08-09 20:12:19,truck_001,107,4.1,0.48,CLOSE,none
2026-08-09 20:12:20,truck_001,108,4.05,0.51,OPEN,none
2026-08-09 20:12:21,truck_001,109,4.32,0.5,CLOSE,none
2026-08-09 20:12:22,truck_001,110,4.36,0.48,CLOSE,none
2026-08-09 20:12:23,truck_001,111,3.89,0.52,OPEN,none
2026-08-09 20:12:24,truck_001,112,4.0,0.46,CLOSE,none
2026-08-09 20:12:25,truck_001,113,3.44,0.51,CLOSE,none
2026-08-09 20:12:26,truck_001,114,4.18,0.5,CLOSE,none
2026-08-09 20:12:27,truck_001,115,4.05,0.4,CLOSE,none
2026-08-09 20:12:28,truck_001,116,3.96,0.45,CLOSE,none
2026-08-09 20:12:29,truck_001,117,4.1,0.43,CLOSE,none
2026-08-09 20:12:30,truck_001,118,4.23,0.45,OPEN,none
2026-08-09 20:12:31,truck_001,119,3.81,0.36,CLOSE,none
2026-08-09 20:12:32,truck_001,120,4.13,0.44,CLOSE,none
2026-08-09 20:12:44,truck_001,1,3.88,1.17,CLOSE,combined
2026-08-09 20:12:45,truck_001,2,4.1,1.0,CLOSE,combined
2026-08-09 20:12:46,truck_001,3,3.96,1.35,CLOSE,combined
2026-08-09 20:12:47,truck_001,4,4.07,1.11,CLOSE,combined
2026-08-09 20:12:48,truck_001,5,4.11,1.2,OPEN,combined
2026-08-09 20:12:49,truck_001,6,4.23,1.22,CLOSE,combined
2026-08-09 20:12:50,truck_001,7,3.99,0.89,CLOSE,combined
2026-08-09 20:12:51,truck_001,8,4.02,1.24,CLOSE,combined
2026-08-09 20:12:52,truck_001,9,4.2,1.21,CLOSE,combined
2026-08-09 20:12:53,truck_001,10,4.18,1.23,CLOSE,combined
2026-08-09 20:12:54,truck_001,11,4.27,1.18,CLOSE,combined
2026-08-09 20:12:55,truck_001,12,4.08,1.05,CLOSE,combined
2026-08-09 20:12:56,truck_001,13,4.11,1.03,CLOSE,combined
2026-08-09 20:12:57,truck_001,14,4.28,1.26,OPEN,combined
2026-08-09 20:12:58,truck_001,15,4.21,1.16,CLOSE,combined
2026-08-09 20:12:59,truck_001,16,4.13,1.19,CLOSE,combined
2026-08-09 20:13:00,truck_001,17,4.14,1.3,CLOSE,combined
2026-08-09 20:13:01,truck_001,18,4.25,1.3,CLOSE,combined
2026-08-09 20:13:02,truck_001,19,4.16,1.19,CLOSE,combined
2026-08-09 20:13:03,truck_001,20,4.07,1.41,OPEN,combined
2026-08-09 20:13:04,truck_001,21,4.34,1.33,CLOSE,combined
2026-08-09 20:13:05,truck_001,22,4.06,1.26,CLOSE,combined
2026-08-09 20:13:06,truck_001,23,4.06,1.23,CLOSE,combined
2026-08-09 20:13:07,truck_001,24,4.05,1.31,CLOSE,combined
2026-08-09 20:13:08,truck_001,25,4.08,1.03,CLOSE,combined
2026-08-09 20:13:09,truck_001,26,4.19,1.06,CLOSE,combined
2026-08-09 20:13:10,truck_001,27,4.07,1.08,CLOSE,combined
2026-08-09 20:13:11,truck_001,28,4.26,1.24,CLOSE,combined
2026-08-09 20:13:12,truck_001,29,4.31,1.13,CLOSE,combined
2026-08-09 20:13:13,truck_001,30,4.28,1.31,CLOSE,combined
2026-08-09 20:13:14,truck_001,31,4.32,1.25,CLOSE,combined
2026-08-09 20:13:15,truck_001,32,4.29,1.21,CLOSE,combined
2026-08-09 20:13:16,truck_001,33,4.38,1.31,CLOSE,combined
2026-08-09 20:13:17,truck_001,34,4.32,0.98,CLOSE,combined
2026-08-09 20:13:18,truck_001,35,4.05,1.34,CLOSE,combined
2026-08-09 20:13:19,truck_001,36,4.4,1.01,CLOSE,combined
2026-08-09 20:13:20,truck_001,37,4.36,0.97,CLOSE,combined
2026-08-09 20:13:21,truck_001,38,4.34,1.06,CLOSE,combined
2026-08-09 20:13:22,truck_001,39,4.27,1.1,OPEN,combined
2026-08-09 20:13:23,truck_001,40,4.39,1.33,CLOSE,combined
2026-08-09 20:13:24,truck_001,41,4.23,1.27,CLOSE,combined
2026-08-09 20:13:25,truck_001,42,4.53,1.09,OPEN,combined
2026-08-09 20:13:26,truck_001,43,4.35,1.08,CLOSE,combined
2026-08-09 20:13:27,truck_001,44,4.35,1.12,CLOSE,combined
2026-08-09 20:13:28,truck_001,45,4.42,1.19,CLOSE,combined
2026-08-09 20:13:29,truck_001,46,4.19,1.11,CLOSE,combined
2026-08-09 20:13:30,truck_001,47,4.34,1.02,CLOSE,combined
2026-08-09 20:13:31,truck_001,48,4.46,1.04,CLOSE,combined
2026-08-09 20:13:32,truck_001,49,4.47,1.35,CLOSE,combined
2026-08-09 20:13:33,truck_001,50,4.27,1.13,CLOSE,combined
2026-08-09 20:13:34,truck_001,51,4.34,1.24,CLOSE,combined
2026-08-09 20:13:35,truck_001,52,4.37,0.97,CLOSE,combined
2026-08-09 20:13:36,truck_001,53,4.32,1.2,CLOSE,combined
2026-08-09 20:13:37,truck_001,54,4.63,1.01,CLOSE,combined
2026-08-09 20:13:38,truck_001,55,4.53,1.41,CLOSE,combined
2026-08-09 20:13:39,truck_001,56,4.46,1.24,CLOSE,combined
2026-08-09 20:13:40,truck_001,57,4.4,1.52,CLOSE,combined
2026-08-09 20:13:41,truck_001,58,4.41,0.96,CLOSE,combined
2026-08-09 20:13:42,truck_001,59,4.55,1.14,CLOSE,combined
2026-08-09 20:13:43,truck_001,60,4.46,1.01,CLOSE,combined
2026-08-09 20:13:44,truck_001,61,4.39,1.16,CLOSE,combined
2026-08-09 20:13:45,truck_001,62,4.6,1.08,CLOSE,combined
2026-08-09 20:13:46,truck_001,63,4.65,1.13,CLOSE,combined
2026-08-09 20:13:47,truck_001,64,4.32,1.17,CLOSE,combined
2026-08-09 20:13:48,truck_001,65,4.6,1.34,CLOSE,combined
2026-08-09 20:13:49,truck_001,66,4.63,1.0,CLOSE,combined
2026-08-09 20:13:50,truck_001,67,4.46,1.26,CLOSE,combined
2026-08-09 20:13:51,truck_001,68,4.54,1.5,CLOSE,combined
2026-08-09 20:13:52,truck_001,69,4.65,1.36,CLOSE,combined
2026-08-09 20:13:53,truck_001,70,4.4,1.28,CLOSE,combined
2026-08-09 20:13:54,truck_001,71,4.63,1.1,CLOSE,combined
2026-08-09 20:13:55,truck_001,72,4.66,0.81,CLOSE,combined
2026-08-09 20:13:56,truck_001,73,4.55,1.42,CLOSE,combined
2026-08-09 20:13:57,truck_001,74,4.58,1.18,CLOSE,combined
2026-08-09 20:13:58,truck_001,75,4.65,1.1,OPEN,combined
2026-08-09 20:13:59,truck_001,76,4.63,0.96,CLOSE,combined
2026-08-09 20:14:00,truck_001,77,4.59,1.42,CLOSE,combined
2026-08-09 20:14:01,truck_001,78,4.42,1.43,CLOSE,combined
2026-08-09 20:14:02,truck_001,79,4.78,1.07,CLOSE,combined
2026-08-09 20:14:03,truck_001,80,4.74,1.15,CLOSE,combined
2026-08-09 20:14:04,truck_001,81,4.8,1.26,CLOSE,combined
2026-08-09 20:14:05,truck_001,82,4.62,1.09,CLOSE,combined
2026-08-09 20:14:06,truck_001,83,4.62,1.16,CLOSE,combined
2026-08-09 20:14:07,truck_001,84,4.68,1.5,OPEN,combined
2026-08-09 20:14:08,truck_001,85,4.75,1.42,CLOSE,combined
2026-08-09 20:14:09,truck_001,86,4.87,1.32,CLOSE,combined
2026-08-09 20:14:10,truck_001,87,4.65,1.09,CLOSE,combined
2026-08-09 20:14:11,truck_001,88,4.76,1.33,CLOSE,combined
2026-08-09 20:14:12,truck_001,89,4.83,0.95,CLOSE,combined
2026-08-09 20:14:13,truck_001,90,4.76,1.28,CLOSE,combined
2026-08-09 20:14:14,truck_001,91,4.75,1.24,CLOSE,combined
2026-08-09 20:14:15,truck_001,92,4.8,1.41,CLOSE,combined
2026-08-09 20:14:16,truck_001,93,4.64,1.06,CLOSE,combined
2026-08-09 20:14:17,truck_001,94,4.75,1.14,CLOSE,combined
2026-08-09 20:14:18,truck_001,95,4.74,1.49,CLOSE,combined
2026-08-09 20:14:19,truck_001,96,4.86,1.29,CLOSE,combined
2026-08-09 20:14:20,truck_001,97,4.82,1.27,CLOSE,combined
2026-08-09 20:14:21,truck_001,98,4.72,0.91,CLOSE,combined
2026-08-09 20:14:22,truck_001,99,4.9,1.04,CLOSE,combined
2026-08-09 20:14:23,truck_001,100,4.81,1.22,CLOSE,combined
2026-08-09 20:14:24,truck_001,101,4.72,1.26,CLOSE,combined
2026-08-09 20:14:25,truck_001,102,4.81,1.22,CLOSE,combined
2026-08-09 20:14:26,truck_001,103,4.84,1.29,CLOSE,combined
2026-08-09 20:14:27,truck_001,104,5.05,1.53,CLOSE,combined
2026-08-09 20:14:28,truck_001,105,4.76,1.21,CLOSE,combined
2026-08-09 20:14:29,truck_001,106,4.78,1.15,CLOSE,combined
2026-08-09 20:14:30,truck_001,107,5.03,1.01,OPEN,combined
2026-08-09 20:14:31,truck_001,108,4.88,1.28,CLOSE,combined
2026-08-09 20:14:32,truck_001,109,4.9,1.0,CLOSE,combined
2026-08-09 20:14:33,truck_001,110,4.79,1.05,CLOSE,combined
2026-08-09 20:14:34,truck_001,111,4.93,1.1,CLOSE,combined
2026-08-09 20:14:35,truck_001,112,4.87,1.13,CLOSE,combined
2026-08-09 20:14:36,truck_001,113,4.89,1.16,CLOSE,combined
2026-08-09 20:14:37,truck_001,114,4.85,1.34,CLOSE,combined
2026-08-09 20:14:38,truck_001,115,5.0,1.21,CLOSE,combined
2026-08-09 20:14:39,truck_001,116,4.99,1.17,CLOSE,combined
2026-08-09 20:14:40,truck_001,117,4.84,1.28,CLOSE,combined
2026-08-09 20:14:41,truck_001,118,5.11,1.27,OPEN,combined
2026-08-09 20:14:42,truck_001,119,5.21,1.23,CLOSE,combined
2026-08-09 20:14:43,truck_001,120,5.0,1.47,CLOSE,combined
2026-08-09 20:14:49,truck_001,1,2.94,0.47,CLOSE,none
2026-08-09 20:14:50,truck_001,2,3.51,0.46,CLOSE,none
2026-08-09 20:14:51,truck_001,3,4.01,0.42,CLOSE,none
2026-08-09 20:14:52,truck_001,4,3.88,0.37,CLOSE,none
2026-08-09 20:14:53,truck_001,5,3.63,0.44,CLOSE,none
2026-08-09 20:14:54,truck_001,6,3.87,0.54,CLOSE,none
2026-08-09 20:14:55,truck_001,7,3.92,0.46,OPEN,none
2026-08-09 20:14:56,truck_001,8,4.54,0.39,CLOSE,none
2026-08-09 20:14:57,truck_001,9,3.79,0.44,CLOSE,none
2026-08-09 20:14:58,truck_001,10,4.07,0.48,CLOSE,none
2026-08-09 20:14:59,truck_001,11,3.9,0.42,CLOSE,none
2026-08-09 20:15:00,truck_001,12,4.39,0.52,CLOSE,none
2026-08-09 20:15:01,truck_001,13,4.39,0.37,CLOSE,none
2026-08-09 20:15:02,truck_001,14,3.84,0.4,CLOSE,none
2026-08-09 20:15:03,truck_001,15,3.89,0.47,CLOSE,none
2026-08-09 20:15:04,truck_001,16,3.7,0.5,CLOSE,none
2026-08-09 20:15:05,truck_001,17,4.2,0.42,CLOSE,none
2026-08-09 20:15:06,truck_001,18,3.69,0.5,CLOSE,none
2026-08-09 20:15:07,truck_001,19,4.29,0.44,OPEN,none
2026-08-09 20:15:08,truck_001,20,4.4,0.36,CLOSE,none
2026-08-09 20:15:09,truck_001,21,4.38,0.47,CLOSE,none
2026-08-09 20:15:10,truck_001,22,3.84,0.52,CLOSE,none
2026-08-09 20:15:11,truck_001,23,4.12,0.45,CLOSE,none
2026-08-09 20:15:12,truck_001,24,3.87,0.5,CLOSE,none
2026-08-09 20:15:13,truck_001,25,4.21,0.4,OPEN,none
2026-08-09 20:15:14,truck_001,26,4.43,0.43,CLOSE,none
2026-08-09 20:15:15,truck_001,27,3.99,0.5,CLOSE,none
2026-08-09 20:15:16,truck_001,28,4.45,0.51,CLOSE,none
2026-08-09 20:15:17,truck_001,29,3.94,0.43,OPEN,none
2026-08-09 20:15:19,truck_001,30,4.2,0.47,CLOSE,none
2026-08-09 20:15:20,truck_001,31,4.13,0.49,CLOSE,none
2026-08-09 20:15:21,truck_001,32,3.65,0.45,CLOSE,none
2026-08-09 20:15:22,truck_001,33,4.25,0.39,CLOSE,none
2026-08-09 20:15:23,truck_001,34,3.94,0.5,CLOSE,none
2026-08-09 20:15:24,truck_001,35,4.02,0.54,CLOSE,none
2026-08-09 20:15:25,truck_001,36,4.26,0.45,CLOSE,none
2026-08-09 20:15:26,truck_001,37,4.45,0.46,CLOSE,none
2026-08-09 20:15:27,truck_001,38,3.78,0.46,CLOSE,none
2026-08-09 20:15:28,truck_001,39,4.34,0.53,CLOSE,none
2026-08-09 20:15:29,truck_001,40,4.17,0.46,CLOSE,none
2026-08-09 20:15:30,truck_001,41,4.1,0.48,CLOSE,none
2026-08-09 20:15:31,truck_001,42,3.98,0.47,CLOSE,none
2026-08-09 20:15:32,truck_001,43,4.29,0.46,CLOSE,none
2026-08-09 20:15:33,truck_001,44,3.74,0.47,CLOSE,none
2026-08-09 20:15:34,truck_001,45,3.81,0.48,CLOSE,none
2026-08-09 20:15:35,truck_001,46,3.83,0.5,CLOSE,none
2026-08-09 20:15:36,truck_001,47,3.8,0.55,OPEN,none
2026-08-09 20:15:37,truck_001,48,3.84,0.42,CLOSE,none
2026-08-09 20:15:38,truck_001,49,4.09,0.49,CLOSE,none
2026-08-09 20:15:39,truck_001,50,4.4,0.52,CLOSE,none
2026-08-09 20:15:40,truck_001,51,3.95,0.54,CLOSE,none
2026-08-09 20:15:41,truck_001,52,4.03,0.37,CLOSE,none
2026-08-09 20:15:42,truck_001,53,3.88,0.45,CLOSE,none
2026-08-09 20:15:43,truck_001,54,3.8,0.43,CLOSE,none
2026-08-09 20:15:44,truck_001,55,3.58,0.43,CLOSE,none
2026-08-09 20:15:45,truck_001,56,4.63,0.48,CLOSE,none
2026-08-09 20:15:46,truck_001,57,4.14,0.48,CLOSE,none
2026-08-09 20:15:47,truck_001,58,4.27,0.51,CLOSE,none
2026-08-09 20:15:48,truck_001,59,3.7,0.54,CLOSE,none
2026-08-09 20:15:49,truck_001,60,4.16,0.47,CLOSE,none
2026-08-09 20:15:50,truck_001,61,4.16,0.45,CLOSE,none
2026-08-09 20:15:51,truck_001,62,3.74,0.4,CLOSE,none
2026-08-09 20:15:52,truck_001,63,3.99,0.49,CLOSE,none
2026-08-09 20:15:53,truck_001,64,4.0,0.44,CLOSE,none
2026-08-09 20:15:54,truck_001,65,3.86,0.44,CLOSE,none
2026-08-09 20:15:55,truck_001,66,4.14,0.47,CLOSE,none
2026-08-09 20:15:56,truck_001,67,4.01,0.42,CLOSE,none
2026-08-09 20:15:57,truck_001,68,4.0,0.49,CLOSE,none
2026-08-09 20:15:58,truck_001,69,4.08,0.42,CLOSE,none
2026-08-09 20:15:59,truck_001,70,3.99,0.38,CLOSE,none
2026-08-09 20:16:00,truck_001,71,3.57,0.49,CLOSE,none
2026-08-09 20:16:01,truck_001,72,3.71,0.44,CLOSE,none
2026-08-09 20:16:02,truck_001,73,4.25,0.44,CLOSE,none
2026-08-09 20:16:03,truck_001,74,4.27,0.51,CLOSE,none
2026-08-09 20:16:04,truck_001,75,3.7,0.47,CLOSE,none
2026-08-09 20:16:05,truck_001,76,4.32,0.44,CLOSE,none
2026-08-09 20:16:06,truck_001,77,3.61,0.4,CLOSE,none
2026-08-09 20:16:07,truck_001,78,4.44,0.39,OPEN,none
2026-08-09 20:16:08,truck_001,79,4.01,0.38,OPEN,none
2026-08-09 20:16:09,truck_001,80,3.86,0.47,CLOSE,none
2026-08-09 20:16:10,truck_001,81,3.75,0.48,CLOSE,none
2026-08-09 20:16:11,truck_001,82,3.59,0.38,CLOSE,none
2026-08-09 20:16:12,truck_001,83,3.83,0.36,CLOSE,none
2026-08-09 20:16:13,truck_001,84,4.11,0.48,CLOSE,none
2026-08-09 20:16:14,truck_001,85,4.21,0.51,CLOSE,none
2026-08-09 20:16:15,truck_001,86,4.1,0.49,CLOSE,none
2026-08-09 20:16:16,truck_001,87,3.57,0.43,CLOSE,none
2026-08-09 20:16:17,truck_001,88,3.88,0.52,CLOSE,none
2026-08-09 20:16:18,truck_001,89,4.18,0.39,CLOSE,none
2026-08-09 20:16:19,truck_001,90,3.86,0.39,CLOSE,none
2026-08-09 20:16:20,truck_001,91,3.8,0.57,CLOSE,none
2026-08-09 20:16:21,truck_001,92,4.09,0.41,CLOSE,none
2026-08-09 20:16:22,truck_001,93,4.08,0.42,OPEN,none
2026-08-09 20:16:23,truck_001,94,4.09,0.43,CLOSE,none
2026-08-09 20:16:24,truck_001,95,4.04,0.41,CLOSE,none
2026-08-09 20:16:25,truck_001,96,3.8,0.58,CLOSE,none
2026-08-09 20:16:26,truck_001,97,4.32,0.5,CLOSE,none
2026-08-09 20:16:27,truck_001,98,3.73,0.52,CLOSE,none
2026-08-09 20:16:28,truck_001,99,4.12,0.46,CLOSE,none
2026-08-09 20:16:29,truck_001,100,4.07,0.4,CLOSE,none
2026-08-09 20:16:30,truck_001,101,4.54,0.46,CLOSE,none
2026-08-09 20:16:31,truck_001,102,3.57,0.47,CLOSE,none
2026-08-09 20:16:32,truck_001,103,3.88,0.37,CLOSE,none
2026-08-09 20:16:33,truck_001,104,3.96,0.45,CLOSE,none
2026-08-09 20:16:34,truck_001,105,4.49,0.43,CLOSE,none
2026-08-09 20:16:35,truck_001,106,4.0,0.5,CLOSE,none
2026-08-09 20:16:36,truck_001,107,3.75,0.47,CLOSE,none
2026-08-09 20:16:37,truck_001,108,3.82,0.4,CLOSE,none
2026-08-09 20:16:38,truck_001,109,4.4,0.42,CLOSE,none
2026-08-09 20:16:39,truck_001,110,3.7,0.53,CLOSE,none
2026-08-09 20:16:40,truck_001,111,4.0,0.54,CLOSE,none
2026-08-09 20:16:41,truck_001,112,3.89,0.37,CLOSE,none
2026-08-09 20:16:42,truck_001,113,3.87,0.43,CLOSE,none
2026-08-09 20:16:43,truck_001,114,4.32,0.46,CLOSE,none
2026-08-09 20:16:44,truck_001,115,3.69,0.37,CLOSE,none
2026-08-09 20:16:45,truck_001,116,3.94,0.41,CLOSE,none
2026-08-09 20:16:46,truck_001,117,4.48,0.47,CLOSE,none
2026-08-09 20:16:47,truck_001,118,3.97,0.53,OPEN,none
2026-08-09 20:16:48,truck_001,119,4.4,0.39,CLOSE,none
2026-08-09 20:16:49,truck_001,120,4.19,0.46,CLOSE,none
2026-08-09 20:16:50,truck_001,121,4.19,0.49,CLOSE,none
2026-08-09 20:16:51,truck_001,122,4.0,0.47,OPEN,none
2026-08-09 20:16:52,truck_001,123,3.87,0.43,CLOSE,none
2026-08-09 20:16:53,truck_001,124,3.54,0.53,CLOSE,none
2026-08-09 20:16:54,truck_001,125,4.11,0.41,CLOSE,none
2026-08-09 20:16:55,truck_001,126,3.93,0.42,CLOSE,none
2026-08-09 20:16:56,truck_001,127,3.77,0.45,CLOSE,none
2026-08-09 20:16:57,truck_001,128,4.61,0.52,CLOSE,none
2026-08-09 20:16:58,truck_001,129,4.36,0.41,CLOSE,none
2026-08-09 20:16:59,truck_001,130,3.55,0.61,CLOSE,none
2026-08-09 20:17:00,truck_001,131,4.13,0.4,CLOSE,none
2026-08-09 20:17:01,truck_001,132,4.07,0.51,CLOSE,none
2026-08-09 20:17:02,truck_001,133,3.58,0.55,CLOSE,none
2026-08-09 20:17:03,truck_001,134,4.05,0.45,CLOSE,none
2026-08-09 20:17:04,truck_001,135,3.93,0.45,CLOSE,none
2026-08-09 20:17:05,truck_001,136,3.95,0.47,CLOSE,none
2026-08-09 20:17:06,truck_001,137,3.44,0.45,CLOSE,none
2026-08-09 20:17:07,truck_001,138,4.04,0.45,CLOSE,none
2026-08-09 20:17:08,truck_001,139,4.36,0.41,CLOSE,none
2026-08-09 20:17:09,truck_001,140,4.38,0.46,CLOSE,none
2026-08-09 20:17:10,truck_001,141,3.76,0.43,CLOSE,none
2026-08-09 20:17:11,truck_001,142,3.92,0.37,CLOSE,none
2026-08-09 20:17:12,truck_001,143,3.86,0.39,CLOSE,none
2026-08-09 20:17:13,truck_001,144,3.66,0.44,CLOSE,none
2026-08-09 20:17:14,truck_001,145,3.8,0.52,CLOSE,none
2026-08-09 20:17:15,truck_001,146,4.61,0.48,CLOSE,none
2026-08-09 20:17:16,truck_001,147,3.39,0.37,CLOSE,none
2026-08-09 20:17:17,truck_001,148,4.07,0.49,CLOSE,none
2026-08-09 20:17:18,truck_001,149,3.81,0.45,CLOSE,none
2026-08-09 20:17:19,truck_001,150,3.58,0.41,CLOSE,none
2026-08-09 20:17:20,truck_001,151,4.13,0.53,CLOSE,none
2026-08-09 20:17:21,truck_001,152,4.21,0.42,CLOSE,none
2026-08-09 20:17:22,truck_001,153,4.6,0.53,CLOSE,none
2026-08-09 20:17:23,truck_001,154,4.38,0.5,CLOSE,none
2026-08-09 20:17:24,truck_001,155,3.61,0.51,CLOSE,none
2026-08-09 20:17:25,truck_001,156,3.81,0.35,CLOSE,none
2026-08-09 20:17:26,truck_001,157,4.38,0.46,CLOSE,none
2026-08-09 20:17:27,truck_001,158,3.83,0.48,CLOSE,none
2026-08-09 20:17:28,truck_001,159,3.77,0.51,CLOSE,none
2026-08-09 20:17:29,truck_001,160,4.13,0.38,CLOSE,none
2026-08-09 20:17:30,truck_001,161,4.03,0.39,OPEN,none
2026-08-09 20:17:31,truck_001,162,3.94,0.43,CLOSE,none
2026-08-09 20:17:32,truck_001,163,4.48,0.41,CLOSE,none
2026-08-09 20:17:33,truck_001,164,3.78,0.47,CLOSE,none
2026-08-09 20:17:34,truck_001,165,4.12,0.4,CLOSE,none
2026-08-09 20:17:35,truck_001,166,4.24,0.55,OPEN,none
2026-08-09 20:17:36,truck_001,167,3.97,0.48,CLOSE,none
2026-08-09 20:17:37,truck_001,168,4.05,0.43,CLOSE,none
2026-08-09 20:17:38,truck_001,169,4.39,0.43,OPEN,none
2026-08-09 20:17:39,truck_001,170,3.81,0.49,CLOSE,none
2026-08-09 20:17:40,truck_001,171,4.11,0.55,CLOSE,none
2026-08-09 20:17:41,truck_001,172,4.38,0.4,CLOSE,none
2026-08-09 20:17:42,truck_001,173,4.35,0.46,CLOSE,none
2026-08-09 20:17:43,truck_001,174,3.94,0.52,CLOSE,none
2026-08-09 20:17:44,truck_001,175,4.19,0.49,CLOSE,none
2026-08-09 20:17:45,truck_001,176,4.05,0.48,CLOSE,none
2026-08-09 20:17:46,truck_001,177,4.07,0.42,CLOSE,none
2026-08-09 20:17:47,truck_001,178,4.02,0.47,CLOSE,none
2026-08-09 20:17:48,truck_001,179,4.24,0.42,CLOSE,none
2026-08-09 20:17:49,truck_001,180,3.95,0.46,CLOSE,none
2026-08-09 20:17:50,truck_001,181,4.19,0.44,CLOSE,none
2026-08-09 20:17:51,truck_001,182,4.41,0.45,CLOSE,none
2026-08-09 20:17:52,truck_001,183,3.88,0.4,CLOSE,none
2026-08-09 20:17:53,truck_001,184,3.88,0.43,OPEN,none
2026-08-09 20:17:54,truck_001,185,3.89,0.44,CLOSE,none
2026-08-09 20:17:55,truck_001,186,4.36,0.4,CLOSE,none
2026-08-09 20:17:56,truck_001,187,3.96,0.39,OPEN,none
2026-08-09 20:17:57,truck_001,188,3.85,0.49,CLOSE,none
2026-08-09 20:17:58,truck_001,189,3.81,0.44,CLOSE,none
2026-08-09 20:17:59,truck_001,190,4.09,0.45,CLOSE,none
2026-08-09 20:18:00,truck_001,191,3.64,0.47,CLOSE,none
2026-08-09 20:18:01,truck_001,192,3.69,0.54,CLOSE,none
2026-08-09 20:18:02,truck_001,193,4.22,0.37,CLOSE,none
2026-08-09 20:18:03,truck_001,194,4.1,0.46,CLOSE,none
2026-08-09 20:18:04,truck_001,195,4.3,0.46,OPEN,none
2026-08-09 20:18:05,truck_001,196,3.94,0.41,CLOSE,none
2026-08-09 20:18:06,truck_001,197,4.0,0.45,CLOSE,none
2026-08-09 20:18:07,truck_001,198,3.69,0.49,CLOSE,none
2026-08-09 20:18:08,truck_001,199,4.14,0.46,OPEN,none
2026-08-09 20:18:09,truck_001,200,3.98,0.42,CLOSE,none
2026-08-09 20:18:10,truck_001,201,3.61,0.46,CLOSE,none
2026-08-09 20:18:11,truck_001,202,3.51,0.5,CLOSE,none
2026-08-09 20:18:12,truck_001,203,3.78,0.48,CLOSE,none
2026-08-09 20:18:13,truck_001,204,4.06,0.41,CLOSE,none
2026-08-09 20:18:14,truck_001,205,4.22,0.48,OPEN,none
2026-08-09 20:18:15,truck_001,206,4.11,0.46,CLOSE,none
2026-08-09 20:18:16,truck_001,207,3.31,0.44,CLOSE,none
2026-08-09 20:18:17,truck_001,208,4.06,0.4,CLOSE,none
2026-08-09 20:18:18,truck_001,209,3.7,0.43,CLOSE,none
2026-08-09 20:18:19,truck_001,210,4.21,0.44,CLOSE,none
2026-08-09 20:18:20,truck_001,211,4.01,0.5,CLOSE,none
2026-08-09 20:18:21,truck_001,212,4.29,0.47,CLOSE,none
2026-08-09 20:18:22,truck_001,213,4.11,0.52,CLOSE,none
2026-08-09 20:18:23,truck_001,214,4.03,0.43,CLOSE,none
2026-08-09 20:18:24,truck_001,215,3.83,0.5,CLOSE,none
2026-08-09 20:18:25,truck_001,216,4.03,0.47,CLOSE,none
2026-08-09 20:18:26,truck_001,217,3.73,0.48,CLOSE,none
2026-08-09 20:18:27,truck_001,218,4.07,0.46,CLOSE,none
2026-08-09 20:18:28,truck_001,219,4.52,0.43,CLOSE,none
2026-08-09 20:18:29,truck_001,220,3.94,0.39,CLOSE,none
2026-08-09 20:18:30,truck_001,221,4.19,0.44,CLOSE,none
2026-08-09 20:18:31,truck_001,222,3.8,0.45,CLOSE,none
2026-08-09 20:18:32,truck_001,223,3.9,0.4,OPEN,none
2026-08-09 20:18:33,truck_001,224,4.65,0.42,CLOSE,none
2026-08-09 20:18:34,truck_001,225,4.23,0.46,CLOSE,none
2026-08-09 20:18:35,truck_001,226,4.36,0.48,CLOSE,none
2026-08-09 20:18:36,truck_001,227,4.08,0.5,CLOSE,none
2026-08-09 20:18:37,truck_001,228,4.17,0.42,CLOSE,none
2026-08-09 20:18:38,truck_001,229,4.08,0.46,CLOSE,none
2026-08-09 20:18:39,truck_001,230,3.85,0.5,CLOSE,none
2026-08-09 20:18:40,truck_001,231,4.02,0.43,CLOSE,none
2026-08-09 20:18:41,truck_001,232,4.05,0.46,CLOSE,none
2026-08-09 20:18:42,truck_001,233,4.16,0.46,CLOSE,none
2026-08-09 20:18:43,truck_001,234,4.0,0.45,CLOSE,none
2026-08-09 20:18:44,truck_001,235,4.03,0.39,CLOSE,none
2026-08-09 20:18:45,truck_001,236,3.92,0.47,CLOSE,none
2026-08-09 20:18:46,truck_001,237,3.73,0.45,CLOSE,none
2026-08-09 20:18:47,truck_001,238,4.63,0.39,CLOSE,none
2026-08-09 20:18:48,truck_001,239,3.86,0.43,CLOSE,none
2026-08-09 20:18:49,truck_001,240,4.17,0.45,CLOSE,none
2026-08-09 20:18:50,truck_001,241,3.53,0.47,CLOSE,none
2026-08-09 20:18:51,truck_001,242,4.39,0.43,CLOSE,none
2026-08-09 20:18:52,truck_001,243,3.93,0.37,CLOSE,none
2026-08-09 20:18:53,truck_001,244,4.2,0.45,CLOSE,none
2026-08-09 20:18:54,truck_001,245,3.79,0.45,CLOSE,none
2026-08-09 20:18:55,truck_001,246,4.08,0.44,CLOSE,none
2026-08-09 20:18:56,truck_001,247,4.36,0.47,OPEN,none
2026-08-09 20:18:57,truck_001,248,4.97,0.54,OPEN,none
2026-08-09 20:18:58,truck_001,249,4.07,0.39,CLOSE,none
2026-08-09 20:18:59,truck_001,250,3.65,0.46,OPEN,none
2026-08-09 20:19:00,truck_001,251,4.5,0.46,CLOSE,none
2026-08-09 20:19:01,truck_001,252,4.01,0.46,CLOSE,none
2026-08-09 20:19:02,truck_001,253,4.03,0.43,CLOSE,none
2026-08-09 20:19:03,truck_001,254,3.71,0.48,CLOSE,none
2026-08-09 20:19:04,truck_001,255,4.35,0.43,CLOSE,none
2026-08-09 20:19:05,truck_001,256,3.99,0.39,CLOSE,none
2026-08-09 20:19:06,truck_001,257,3.87,0.41,OPEN,none
2026-08-09 20:19:07,truck_001,258,4.44,0.36,CLOSE,none
2026-08-09 20:19:08,truck_001,259,3.84,0.48,CLOSE,none
2026-08-09 20:19:09,truck_001,260,4.05,0.49,CLOSE,none
2026-08-09 20:19:10,truck_001,261,4.91,0.46,OPEN,none
2026-08-09 20:19:11,truck_001,262,3.38,0.42,CLOSE,none
2026-08-09 20:19:12,truck_001,263,3.92,0.4,CLOSE,none
2026-08-09 20:19:13,truck_001,264,4.03,0.57,CLOSE,none
2026-08-09 20:19:14,truck_001,265,3.61,0.51,CLOSE,none
2026-08-09 20:19:15,truck_001,266,4.73,0.54,CLOSE,none
2026-08-09 20:19:16,truck_001,267,4.42,0.5,CLOSE,none
2026-08-09 20:19:17,truck_001,268,4.2,0.52,CLOSE,none
2026-08-09 20:19:18,truck_001,269,4.39,0.53,CLOSE,none
2026-08-09 20:19:19,truck_001,270,3.95,0.49,CLOSE,none
2026-08-09 20:19:20,truck_001,271,4.13,0.41,CLOSE,none
2026-08-09 20:19:21,truck_001,272,3.74,0.51,CLOSE,none
2026-08-09 20:19:22,truck_001,273,3.94,0.41,CLOSE,none
2026-08-09 20:19:23,truck_001,274,3.93,0.51,CLOSE,none
2026-08-09 20:19:24,truck_001,275,3.29,0.46,CLOSE,none
2026-08-09 20:19:25,truck_001,276,4.05,0.39,CLOSE,none
2026-08-09 20:19:26,truck_001,277,3.79,0.48,CLOSE,none
2026-08-09 20:19:27,truck_001,278,4.08,0.41,CLOSE,none
2026-08-09 20:19:28,truck_001,279,3.69,0.46,CLOSE,none
2026-08-09 20:19:29,truck_001,280,3.66,0.39,CLOSE,none
2026-08-09 20:19:30,truck_001,281,4.24,0.47,CLOSE,none
2026-08-09 20:19:31,truck_001,282,3.66,0.47,CLOSE,none
2026-08-09 20:19:32,truck_001,283,3.8,0.43,OPEN,none
2026-08-09 20:19:33,truck_001,284,4.34,0.48,CLOSE,none
2026-08-09 20:19:34,truck_001,285,3.81,0.47,CLOSE,none
2026-08-09 20:19:35,truck_001,286,4.22,0.44,CLOSE,none
2026-08-09 20:19:36,truck_001,287,4.15,0.42,CLOSE,none
2026-08-09 20:19:37,truck_001,288,4.14,0.42,CLOSE,none
2026-08-09 20:19:38,truck_001,289,4.01,0.46,CLOSE,none
2026-08-09 20:19:39,truck_001,290,4.24,0.48,CLOSE,none
2026-08-09 20:19:40,truck_001,291,3.55,0.46,OPEN,none
2026-08-09 20:19:41,truck_001,292,3.96,0.46,CLOSE,none
2026-08-09 20:19:42,truck_001,293,4.05,0.5,CLOSE,none
2026-08-09 20:19:43,truck_001,294,3.74,0.44,CLOSE,none
2026-08-09 20:19:44,truck_001,295,3.85,0.48,CLOSE,none
2026-08-09 20:19:45,truck_001,296,4.02,0.53,CLOSE,none
2026-08-09 20:19:46,truck_001,297,3.77,0.42,OPEN,none
2026-08-09 20:19:47,truck_001,298,4.27,0.49,CLOSE,none
2026-08-09 20:19:48,truck_001,299,4.05,0.39,OPEN,none
2026-08-09 20:19:49,truck_001,300,3.97,0.52,CLOSE,none
2026-08-09 20:20:33,truck_001,1,3.65,0.44,CLOSE,none
2026-08-09 20:20:34,truck_001,2,4.69,0.51,OPEN,none
2026-08-09 20:20:35,truck_001,3,3.5,0.48,CLOSE,none
2026-08-09 20:20:36,truck_001,4,4.07,0.44,CLOSE,none
2026-08-09 20:20:37,truck_001,5,3.92,0.44,CLOSE,none
2026-08-09 20:20:38,truck_001,6,3.95,0.48,CLOSE,none
2026-08-09 20:20:39,truck_001,7,4.83,0.46,CLOSE,none
2026-08-09 20:20:41,truck_001,8,4.17,0.43,CLOSE,none
2026-08-09 20:20:42,truck_001,9,4.44,0.45,CLOSE,none
2026-08-09 20:20:43,truck_001,10,3.73,0.53,OPEN,none
2026-08-09 20:20:44,truck_001,11,3.81,0.36,CLOSE,none
2026-08-09 20:20:45,truck_001,12,3.97,0.45,CLOSE,none
2026-08-09 20:20:46,truck_001,13,3.45,0.48,CLOSE,none
2026-08-09 20:20:47,truck_001,14,4.14,0.46,CLOSE,none
2026-08-09 20:20:48,truck_001,15,3.53,0.38,CLOSE,none
2026-08-09 20:20:49,truck_001,16,4.06,0.43,CLOSE,none
2026-08-09 20:20:50,truck_001,17,4.26,0.55,CLOSE,none
2026-08-09 20:20:51,truck_001,18,3.89,0.49,CLOSE,none
2026-08-09 20:20:52,truck_001,19,4.15,0.42,CLOSE,none
2026-08-09 20:20:53,truck_001,20,3.8,0.44,CLOSE,none
2026-08-09 20:20:54,truck_001,21,4.47,0.43,CLOSE,none
2026-08-09 20:20:55,truck_001,22,3.98,0.43,CLOSE,none
2026-08-09 20:20:56,truck_001,23,4.37,0.48,CLOSE,none
2026-08-09 20:20:57,truck_001,24,3.89,0.42,CLOSE,none
2026-08-09 20:20:58,truck_001,25,3.94,0.43,CLOSE,none
2026-08-09 20:20:59,truck_001,26,3.56,0.43,CLOSE,none
2026-08-09 20:21:00,truck_001,27,4.21,0.42,CLOSE,none
2026-08-09 20:21:01,truck_001,28,3.81,0.39,CLOSE,none
2026-08-09 20:21:02,truck_001,29,4.03,0.41,CLOSE,none
2026-08-09 20:21:03,truck_001,30,3.62,0.45,CLOSE,none
2026-08-09 20:21:04,truck_001,31,3.89,0.57,OPEN,none
2026-08-09 20:21:05,truck_001,32,3.78,0.38,OPEN,none
2026-08-09 20:21:06,truck_001,33,3.59,0.41,CLOSE,none
2026-08-09 20:21:07,truck_001,34,3.92,0.41,CLOSE,none
2026-08-09 20:21:08,truck_001,35,4.07,0.41,CLOSE,none
2026-08-09 20:21:09,truck_001,36,4.14,0.43,CLOSE,none
2026-08-09 20:21:10,truck_001,37,3.86,0.45,CLOSE,none
2026-08-09 20:21:11,truck_001,38,4.51,0.48,CLOSE,none
2026-08-09 20:21:12,truck_001,39,3.41,0.52,CLOSE,none
2026-08-09 20:21:13,truck_001,40,4.34,0.39,CLOSE,none
2026-08-09 20:21:14,truck_001,41,4.05,0.57,CLOSE,none
2026-08-09 20:21:15,truck_001,42,3.66,0.39,OPEN,none
2026-08-09 20:21:16,truck_001,43,4.09,0.38,CLOSE,none
2026-08-09 20:21:17,truck_001,44,4.17,0.51,CLOSE,none
2026-08-09 20:21:18,truck_001,45,4.09,0.45,CLOSE,none
2026-08-09 20:21:19,truck_001,46,4.23,0.48,CLOSE,none
2026-08-09 20:21:20,truck_001,47,4.23,0.45,CLOSE,none
2026-08-09 20:21:21,truck_001,48,3.53,0.43,CLOSE,none
2026-08-09 20:21:22,truck_001,49,4.12,0.51,OPEN,none
2026-08-09 20:21:23,truck_001,50,4.46,0.39,CLOSE,none
2026-08-09 20:21:24,truck_001,51,3.75,0.51,CLOSE,none
2026-08-09 20:21:25,truck_001,52,3.73,0.4,CLOSE,none
2026-08-09 20:21:26,truck_001,53,4.17,0.46,CLOSE,none
2026-08-09 20:21:27,truck_001,54,3.93,0.35,OPEN,none
2026-08-09 20:21:28,truck_001,55,4.24,0.44,CLOSE,none
2026-08-09 20:21:29,truck_001,56,3.82,0.44,CLOSE,none
2026-08-09 20:21:30,truck_001,57,4.15,0.38,CLOSE,none
2026-08-09 20:21:31,truck_001,58,3.85,0.56,CLOSE,none
2026-08-09 20:21:32,truck_001,59,4.52,0.42,OPEN,none
2026-08-09 20:21:33,truck_001,60,3.25,0.4,CLOSE,none
2026-08-09 20:21:34,truck_001,61,4.1,0.47,OPEN,none
2026-08-09 20:21:35,truck_001,62,3.69,0.47,CLOSE,none
2026-08-09 20:21:36,truck_001,63,3.71,0.4,CLOSE,none
2026-08-09 20:21:37,truck_001,64,3.67,0.48,CLOSE,none
2026-08-09 20:21:38,truck_001,65,3.93,0.51,CLOSE,none
2026-08-09 20:21:39,truck_001,66,3.8,0.46,CLOSE,none
2026-08-09 20:21:40,truck_001,67,3.95,0.5,OPEN,none
2026-08-09 20:21:41,truck_001,68,3.81,0.4,CLOSE,none
2026-08-09 20:21:42,truck_001,69,4.0,0.44,CLOSE,none
2026-08-09 20:21:43,truck_001,70,3.36,0.53,CLOSE,none
2026-08-09 20:21:44,truck_001,71,4.35,0.48,CLOSE,none
2026-08-09 20:21:45,truck_001,72,3.87,0.48,CLOSE,none
2026-08-09 20:21:46,truck_001,73,4.37,0.5,CLOSE,none
2026-08-09 20:21:47,truck_001,74,4.04,0.5,CLOSE,none
2026-08-09 20:21:48,truck_001,75,3.84,0.42,OPEN,none
2026-08-09 20:21:49,truck_001,76,4.01,0.56,CLOSE,none
2026-08-09 20:21:50,truck_001,77,3.72,0.35,CLOSE,none
2026-08-09 20:21:51,truck_001,78,4.02,0.51,CLOSE,none
2026-08-09 20:21:52,truck_001,79,3.91,0.41,CLOSE,none
2026-08-09 20:21:53,truck_001,80,3.88,0.49,OPEN,none
2026-08-09 20:21:54,truck_001,81,4.84,0.54,CLOSE,none
2026-08-09 20:21:55,truck_001,82,4.06,0.52,CLOSE,none
2026-08-09 20:21:56,truck_001,83,3.86,0.55,CLOSE,none
2026-08-09 20:21:57,truck_001,84,4.43,0.5,CLOSE,none
2026-08-09 20:21:58,truck_001,85,4.18,0.42,CLOSE,none
2026-08-09 20:21:59,truck_001,86,3.57,0.48,CLOSE,none
2026-08-09 20:22:00,truck_001,87,3.91,0.47,OPEN,none
2026-08-09 20:22:01,truck_001,88,4.29,0.51,CLOSE,none
2026-08-09 20:22:02,truck_001,89,4.31,0.45,CLOSE,none
2026-08-09 20:22:03,truck_001,90,4.01,0.42,OPEN,none
2026-08-09 20:22:04,truck_001,91,3.71,0.47,CLOSE,none
2026-08-09 20:22:05,truck_001,92,4.13,0.39,CLOSE,none
2026-08-09 20:22:06,truck_001,93,3.57,0.54,CLOSE,none
2026-08-09 20:22:07,truck_001,94,3.79,0.51,CLOSE,none
2026-08-09 20:22:08,truck_001,95,3.72,0.44,CLOSE,none
2026-08-09 20:22:09,truck_001,96,4.08,0.49,CLOSE,none
2026-08-09 20:22:10,truck_001,97,4.06,0.44,CLOSE,none
2026-08-09 20:22:11,truck_001,98,4.2,0.48,CLOSE,none
2026-08-09 20:22:12,truck_001,99,4.37,0.51,CLOSE,none
2026-08-09 20:22:13,truck_001,100,3.71,0.48,OPEN,none
2026-08-09 20:22:14,truck_001,101,3.62,0.42,CLOSE,none
2026-08-09 20:22:15,truck_001,102,3.82,0.46,CLOSE,none
2026-08-09 20:22:16,truck_001,103,3.98,0.48,CLOSE,none
2026-08-09 20:22:17,truck_001,104,4.15,0.41,CLOSE,none
2026-08-09 20:22:18,truck_001,105,4.21,0.45,CLOSE,none
2026-08-09 20:22:19,truck_001,106,4.22,0.41,CLOSE,none
2026-08-09 20:22:20,truck_001,107,3.8,0.46,CLOSE,none
2026-08-09 20:22:21,truck_001,108,3.95,0.47,CLOSE,none
2026-08-09 20:22:22,truck_001,109,4.04,0.4,CLOSE,none
2026-08-09 20:22:23,truck_001,110,4.13,0.43,CLOSE,none
2026-08-09 20:22:24,truck_001,111,3.42,0.46,CLOSE,none
2026-08-09 20:22:25,truck_001,112,3.9,0.36,CLOSE,none
2026-08-09 20:22:26,truck_001,113,4.52,0.45,CLOSE,none
2026-08-09 20:22:27,truck_001,114,4.39,0.45,CLOSE,none
2026-08-09 20:22:28,truck_001,115,4.13,0.44,CLOSE,none
2026-08-09 20:22:29,truck_001,116,3.98,0.45,CLOSE,none
2026-08-09 20:22:30,truck_001,117,4.18,0.44,CLOSE,none
2026-08-09 20:22:31,truck_001,118,4.26,0.43,CLOSE,none
2026-08-09 20:22:32,truck_001,119,4.1,0.41,CLOSE,none
2026-08-09 20:22:33,truck_001,120,4.02,0.46,CLOSE,none
2026-08-09 20:22:42,truck_001,1,4.01,1.06,CLOSE,combined
2026-08-09 20:22:43,truck_001,2,4.09,1.43,CLOSE,combined
2026-08-09 20:22:44,truck_001,3,4.13,1.05,CLOSE,combined
2026-08-09 20:22:45,truck_001,4,4.12,1.23,CLOSE,combined
2026-08-09 20:22:46,truck_001,5,3.91,0.84,CLOSE,combined
2026-08-09 20:22:47,truck_001,6,4.11,1.23,CLOSE,combined
2026-08-09 20:22:48,truck_001,7,3.96,1.4,CLOSE,combined
2026-08-09 20:22:49,truck_001,8,4.07,1.02,CLOSE,combined
2026-08-09 20:22:50,truck_001,9,4.26,1.15,CLOSE,combined
2026-08-09 20:22:51,truck_001,10,4.08,1.24,CLOSE,combined
2026-08-09 20:22:52,truck_001,11,3.99,1.2,CLOSE,combined
2026-08-09 20:22:53,truck_001,12,4.12,1.31,CLOSE,combined
2026-08-09 20:22:54,truck_001,13,4.19,1.15,CLOSE,combined
2026-08-09 20:22:55,truck_001,14,4.2,1.25,CLOSE,combined
2026-08-09 20:22:56,truck_001,15,4.22,0.88,CLOSE,combined
2026-08-09 20:22:57,truck_001,16,4.2,0.96,CLOSE,combined
2026-08-09 20:22:58,truck_001,17,4.15,1.12,CLOSE,combined
2026-08-09 20:22:59,truck_001,18,4.22,1.19,CLOSE,combined
2026-08-09 20:23:00,truck_001,19,4.25,1.13,CLOSE,combined
2026-08-09 20:23:01,truck_001,20,4.11,0.84,CLOSE,combined
2026-08-09 20:23:02,truck_001,21,4.06,1.22,CLOSE,combined
2026-08-09 20:23:03,truck_001,22,4.27,1.26,CLOSE,combined
2026-08-09 20:23:04,truck_001,23,4.19,1.26,OPEN,combined
2026-08-09 20:23:05,truck_001,24,4.34,1.57,CLOSE,combined
2026-08-09 20:23:06,truck_001,25,4.18,1.4,OPEN,combined
2026-08-09 20:23:07,truck_001,26,4.09,1.17,CLOSE,combined
2026-08-09 20:23:08,truck_001,27,4.18,1.06,CLOSE,combined
2026-08-09 20:23:09,truck_001,28,4.26,1.31,CLOSE,combined
2026-08-09 20:23:10,truck_001,29,4.35,1.15,CLOSE,combined
2026-08-09 20:23:11,truck_001,30,4.27,1.48,CLOSE,combined
2026-08-09 20:23:12,truck_001,31,4.27,1.19,CLOSE,combined
2026-08-09 20:23:13,truck_001,32,4.22,1.11,CLOSE,combined
2026-08-09 20:23:14,truck_001,33,4.34,1.24,CLOSE,combined
2026-08-09 20:23:15,truck_001,34,4.37,1.23,OPEN,combined
2026-08-09 20:23:16,truck_001,35,4.44,1.36,CLOSE,combined
2026-08-09 20:23:17,truck_001,36,4.4,1.0,CLOSE,combined
2026-08-09 20:23:18,truck_001,37,4.37,1.3,CLOSE,combined
2026-08-09 20:23:19,truck_001,38,4.18,1.29,CLOSE,combined
2026-08-09 20:23:20,truck_001,39,4.25,1.22,CLOSE,combined
2026-08-09 20:23:21,truck_001,40,4.37,1.23,CLOSE,combined
2026-08-09 20:23:22,truck_001,41,4.31,1.44,OPEN,combined
2026-08-09 20:23:23,truck_001,42,4.28,1.46,CLOSE,combined
2026-08-09 20:23:24,truck_001,43,4.5,1.09,CLOSE,combined
2026-08-09 20:23:25,truck_001,44,4.27,1.27,CLOSE,combined
2026-08-09 20:23:26,truck_001,45,4.27,1.27,CLOSE,combined
2026-08-09 20:23:27,truck_001,46,4.31,1.27,CLOSE,combined
2026-08-09 20:23:28,truck_001,47,4.49,1.37,CLOSE,combined
2026-08-09 20:23:29,truck_001,48,4.39,1.46,CLOSE,combined
2026-08-09 20:23:30,truck_001,49,4.41,1.3,CLOSE,combined
2026-08-09 20:23:31,truck_001,50,4.28,1.18,CLOSE,combined
2026-08-09 20:23:32,truck_001,51,4.45,0.95,CLOSE,combined
2026-08-09 20:23:33,truck_001,52,4.33,1.15,CLOSE,combined
2026-08-09 20:23:34,truck_001,53,4.57,1.15,CLOSE,combined
2026-08-09 20:23:35,truck_001,54,4.61,1.4,CLOSE,combined
2026-08-09 20:23:36,truck_001,55,4.53,1.39,CLOSE,combined
2026-08-09 20:23:37,truck_001,56,4.45,1.41,CLOSE,combined
2026-08-09 20:23:38,truck_001,57,4.34,1.43,CLOSE,combined
2026-08-09 20:23:39,truck_001,58,4.45,1.26,CLOSE,combined
2026-08-09 20:23:40,truck_001,59,4.42,1.07,CLOSE,combined
2026-08-09 20:23:41,truck_001,60,4.56,1.15,OPEN,combined
2026-08-09 20:23:42,truck_001,61,4.52,1.1,OPEN,combined
2026-08-09 20:23:43,truck_001,62,4.6,1.07,CLOSE,combined
2026-08-09 20:23:44,truck_001,63,4.5,1.37,CLOSE,combined
2026-08-09 20:23:45,truck_001,64,4.46,1.12,CLOSE,combined
2026-08-09 20:23:46,truck_001,65,4.41,1.32,CLOSE,combined
2026-08-09 20:23:47,truck_001,66,4.6,1.45,CLOSE,combined
2026-08-09 20:23:48,truck_001,67,4.66,1.3,CLOSE,combined
2026-08-09 20:23:49,truck_001,68,4.41,1.06,CLOSE,combined
2026-08-09 20:23:50,truck_001,69,4.53,1.2,CLOSE,combined
2026-08-09 20:23:51,truck_001,70,4.48,1.32,CLOSE,combined
2026-08-09 20:23:52,truck_001,71,4.44,1.31,OPEN,combined
2026-08-09 20:23:53,truck_001,72,4.47,1.28,CLOSE,combined
2026-08-09 20:23:54,truck_001,73,4.5,1.19,CLOSE,combined
2026-08-09 20:23:55,truck_001,74,4.41,1.01,CLOSE,combined
2026-08-09 20:23:56,truck_001,75,4.75,1.39,CLOSE,combined
2026-08-09 20:23:57,truck_001,76,4.83,1.19,CLOSE,combined
2026-08-09 20:23:58,truck_001,77,4.78,1.14,CLOSE,combined
2026-08-09 20:23:59,truck_001,78,4.78,1.08,CLOSE,combined
2026-08-09 20:24:00,truck_001,79,4.7,1.09,CLOSE,combined
2026-08-09 20:24:01,truck_001,80,4.8,1.27,CLOSE,combined
2026-08-09 20:24:02,truck_001,81,4.7,0.96,CLOSE,combined
2026-08-09 20:24:03,truck_001,82,4.53,0.85,CLOSE,combined
2026-08-09 20:24:04,truck_001,83,4.63,1.18,CLOSE,combined
2026-08-09 20:24:05,truck_001,84,4.51,1.21,CLOSE,combined
2026-08-09 20:24:06,truck_001,85,4.55,1.28,CLOSE,combined
2026-08-09 20:24:07,truck_001,86,4.73,1.11,CLOSE,combined
2026-08-09 20:24:08,truck_001,87,4.61,1.35,CLOSE,combined
2026-08-09 20:24:09,truck_001,88,4.65,1.29,CLOSE,combined
2026-08-09 20:24:10,truck_001,89,4.83,1.45,CLOSE,combined
2026-08-09 20:24:11,truck_001,90,4.75,1.06,CLOSE,combined
2026-08-09 20:24:12,truck_001,91,4.67,1.17,CLOSE,combined
2026-08-09 20:24:13,truck_001,92,4.83,1.27,OPEN,combined
2026-08-09 20:24:14,truck_001,93,4.75,1.14,CLOSE,combined
2026-08-09 20:24:15,truck_001,94,4.48,1.04,CLOSE,combined
2026-08-09 20:24:16,truck_001,95,4.76,1.29,OPEN,combined
2026-08-09 20:24:17,truck_001,96,4.65,1.16,CLOSE,combined
2026-08-09 20:24:18,truck_001,97,4.94,1.34,CLOSE,combined
2026-08-09 20:24:19,truck_001,98,4.75,1.33,CLOSE,combined
2026-08-09 20:24:20,truck_001,99,4.8,1.24,CLOSE,combined
2026-08-09 20:24:21,truck_001,100,4.58,1.31,CLOSE,combined
2026-08-09 20:24:22,truck_001,101,4.85,1.32,CLOSE,combined
2026-08-09 20:24:23,truck_001,102,4.81,1.17,CLOSE,combined
2026-08-09 20:24:24,truck_001,103,4.96,1.22,CLOSE,combined
2026-08-09 20:24:25,truck_001,104,4.78,1.27,CLOSE,combined
2026-08-09 20:24:26,truck_001,105,4.86,1.33,OPEN,combined
2026-08-09 20:24:27,truck_001,106,4.75,1.15,OPEN,combined
2026-08-09 20:24:28,truck_001,107,4.87,1.18,CLOSE,combined
2026-08-09 20:24:29,truck_001,108,4.82,0.98,CLOSE,combined
2026-08-09 20:24:30,truck_001,109,4.76,1.37,CLOSE,combined
2026-08-09 20:24:31,truck_001,110,4.95,1.1,CLOSE,combined
2026-08-09 20:24:32,truck_001,111,4.81,0.96,OPEN,combined
2026-08-09 20:24:33,truck_001,112,4.95,1.26,CLOSE,combined
2026-08-09 20:24:34,truck_001,113,4.81,1.26,CLOSE,combined
2026-08-09 20:24:35,truck_001,114,4.86,1.17,CLOSE,combined
2026-08-09 20:24:36,truck_001,115,4.89,1.39,CLOSE,combined
2026-08-09 20:24:37,truck_001,116,4.94,1.2,CLOSE,combined
2026-08-09 20:24:38,truck_001,117,4.88,1.08,CLOSE,combined
2026-08-09 20:24:39,truck_001,118,4.7,1.06,CLOSE,combined
2026-08-09 20:24:40,truck_001,119,4.96,1.26,CLOSE,combined
2026-08-09 20:24:41,truck_001,120,4.89,1.45,CLOSE,combined
